ResponseId,Exp,Condition,Strategy_Response,r1_highlow,r2_highlow,r1_mental_averaging,r2_mental_averaging,r1_start_end,r2_start_end,r1_variability,r2_variability,r1_number_of_points,r2_number_of_points,r1_equal_area,r2_equal_area,r1_unknown,r2_unknown,r1_other_na,r2_other_na
30,1,line,line length above and below marker,FALSE,FALSE,TRUE,FALSE,FALSE,FALSE,FALSE,FALSE,FALSE,TRUE,FALSE,FALSE,FALSE,FALSE,FALSE,FALSE
88,1,line,I tried to pick a point in the graphs for each stock that represented the mid point of the highs and the lows for each. i think that would get to a real representation of the median price.,TRUE,TRUE,TRUE,TRUE,FALSE,FALSE,FALSE,FALSE,FALSE,FALSE,FALSE,FALSE,FALSE,FALSE,FALSE,FALSE
89,1,line,Always the middle. I think about the middle as being the average.,FALSE,FALSE,TRUE,TRUE,FALSE,FALSE,FALSE,FALSE,FALSE,FALSE,FALSE,FALSE,FALSE,FALSE,FALSE,FALSE
90,1,line,I looked at both the high points and the low points first and then I looked at the fluctuating middle points and tried to make a guess where the average price would fall within all these points,TRUE,TRUE,TRUE,TRUE,FALSE,FALSE,TRUE,TRUE,FALSE,FALSE,FALSE,FALSE,FALSE,FALSE,FALSE,FALSE
91,1,line,I tried to estimate where it spent more time high or low and went closer,FALSE,TRUE,TRUE,FALSE,FALSE,FALSE,TRUE,FALSE,FALSE,FALSE,FALSE,FALSE,FALSE,FALSE,FALSE,FALSE
92,1,line,I tried to look at the overall trend of the graph and picked a price that was approximately in the middle of it.,FALSE,FALSE,TRUE,TRUE,FALSE,FALSE,FALSE,FALSE,FALSE,FALSE,FALSE,FALSE,FALSE,FALSE,FALSE,FALSE
93,1,line,I answered based on a gut feeling.,FALSE,FALSE,TRUE,FALSE,FALSE,FALSE,FALSE,FALSE,FALSE,FALSE,FALSE,FALSE,FALSE,FALSE,FALSE,TRUE
94,1,line,i try to see where most of the prices are and skew the average towards that part,FALSE,FALSE,TRUE,TRUE,FALSE,FALSE,FALSE,FALSE,FALSE,FALSE,FALSE,FALSE,FALSE,FALSE,FALSE,FALSE
95,1,line,"I paid attention to peaks and valleys, then tried to watch for when the line was level as that really influenced the average.",FALSE,FALSE,TRUE,TRUE,FALSE,FALSE,TRUE,TRUE,FALSE,FALSE,FALSE,FALSE,FALSE,FALSE,FALSE,FALSE
96,1,line,"I made my decision about my graph. I should carefully read starting and end line of graph, and to find the average calculation.",FALSE,FALSE,TRUE,TRUE,TRUE,TRUE,FALSE,FALSE,FALSE,FALSE,FALSE,FALSE,FALSE,FALSE,FALSE,FALSE
97,1,line,"I tried to look at the overall highs and lows. 
 I tried to make a judgment of the middle of the highs and lows.",TRUE,TRUE,TRUE,TRUE,FALSE,FALSE,FALSE,FALSE,FALSE,FALSE,FALSE,FALSE,FALSE,FALSE,FALSE,FALSE
98,1,line,the end and beginning of the year is just as important as the middle,FALSE,FALSE,FALSE,FALSE,TRUE,TRUE,FALSE,FALSE,FALSE,FALSE,FALSE,FALSE,FALSE,FALSE,FALSE,FALSE
99,1,line,checked for High and low median,TRUE,TRUE,TRUE,FALSE,FALSE,FALSE,FALSE,FALSE,FALSE,FALSE,FALSE,FALSE,FALSE,FALSE,FALSE,FALSE
101,1,line,The avarage is always between higher and lower points in the period of time.,TRUE,TRUE,TRUE,TRUE,FALSE,FALSE,FALSE,FALSE,FALSE,FALSE,FALSE,FALSE,FALSE,FALSE,FALSE,FALSE
102,1,line,"Checked the Maximum and Minimum levels, assumed the average point and marked",TRUE,TRUE,TRUE,TRUE,FALSE,FALSE,FALSE,FALSE,FALSE,FALSE,FALSE,FALSE,FALSE,FALSE,FALSE,FALSE
103,1,line,I considered the vertical height above the line and tried to focus on the average heights above and below some hypothetical average line that I was to place. I also took into consideration how horizontally (over time) a stock price was at a certain height above and below some hypothetical average line that I was to place. I took these two into consideration when thinking about where to place the average line.,TRUE,TRUE,TRUE,TRUE,FALSE,FALSE,TRUE,TRUE,FALSE,FALSE,FALSE,FALSE,FALSE,FALSE,FALSE,FALSE
104,1,line,I want to make sure there was equal amount of blue color above and below the red line,FALSE,FALSE,TRUE,FALSE,FALSE,FALSE,FALSE,FALSE,FALSE,TRUE,FALSE,FALSE,FALSE,FALSE,FALSE,FALSE
105,1,line,I tried to take into consideration the variations and find the average looking at the details as well as the bigger picture.,FALSE,FALSE,TRUE,TRUE,FALSE,FALSE,TRUE,TRUE,FALSE,FALSE,FALSE,FALSE,FALSE,FALSE,FALSE,FALSE
106,1,line,I made my decision based on the ups and downs in the movement of stock.,FALSE,FALSE,FALSE,FALSE,FALSE,FALSE,TRUE,TRUE,FALSE,FALSE,FALSE,FALSE,FALSE,FALSE,FALSE,FALSE
107,1,line,according to the fluctuations,FALSE,FALSE,FALSE,FALSE,FALSE,FALSE,TRUE,TRUE,FALSE,FALSE,FALSE,FALSE,FALSE,FALSE,FALSE,FALSE
108,1,line,"movement
 ups
 downs",FALSE,FALSE,FALSE,FALSE,FALSE,FALSE,TRUE,TRUE,FALSE,FALSE,FALSE,FALSE,FALSE,FALSE,FALSE,FALSE
109,1,line,I like very much,FALSE,FALSE,FALSE,FALSE,FALSE,FALSE,FALSE,FALSE,FALSE,FALSE,FALSE,FALSE,FALSE,FALSE,TRUE,TRUE
110,1,line,"The reward for taking on risk is the potential for a greater investment return. If you have a financial goal with a long time horizon,",FALSE,FALSE,FALSE,FALSE,FALSE,FALSE,FALSE,FALSE,FALSE,FALSE,FALSE,FALSE,FALSE,FALSE,TRUE,TRUE
111,1,line,"In many employer-sponsored retirement plans, the employer will match some or all of your contributions.",FALSE,FALSE,FALSE,FALSE,FALSE,FALSE,FALSE,FALSE,FALSE,FALSE,FALSE,FALSE,FALSE,FALSE,TRUE,TRUE
112,1,line,when the graph is going from down to up I know that it will come down so I put in middle and when the graph is from down to up I put the line in between middle and lower,FALSE,FALSE,FALSE,TRUE,TRUE,TRUE,FALSE,FALSE,FALSE,FALSE,FALSE,FALSE,FALSE,FALSE,FALSE,FALSE
113,1,line,I took the decision depending on the movement of the price range on t he graph.,FALSE,FALSE,FALSE,FALSE,FALSE,FALSE,TRUE,TRUE,FALSE,FALSE,FALSE,FALSE,FALSE,FALSE,FALSE,FALSE
114,1,line,To determine the average price of a stock over time in order to pick the best investment.,FALSE,FALSE,FALSE,FALSE,FALSE,FALSE,FALSE,FALSE,FALSE,FALSE,FALSE,FALSE,FALSE,FALSE,TRUE,TRUE
115,1,line,I first marked the fully covered region and adjusted the line upwards to see how the positive regions compensated for the negative regions.,FALSE,FALSE,TRUE,TRUE,FALSE,FALSE,FALSE,FALSE,FALSE,FALSE,FALSE,FALSE,FALSE,FALSE,FALSE,FALSE
116,1,line,low and high prices,TRUE,TRUE,FALSE,FALSE,FALSE,FALSE,FALSE,FALSE,FALSE,FALSE,FALSE,FALSE,FALSE,FALSE,FALSE,FALSE
118,1,line,To calculate the average purchase price of your shares you have to divide the total amount invested by the total number of shares bought,FALSE,FALSE,TRUE,TRUE,FALSE,FALSE,FALSE,FALSE,FALSE,FALSE,FALSE,FALSE,FALSE,FALSE,FALSE,FALSE
119,1,line,"The moving average lines simply track the share price movement over a set period of time. But they are absolutely crucial to understanding, based on given graph judge the average price is little bit difficult without and given facts and figure",FALSE,FALSE,FALSE,FALSE,FALSE,FALSE,FALSE,FALSE,FALSE,FALSE,FALSE,FALSE,TRUE,TRUE,TRUE,FALSE
120,1,line,"Open price
 Close price
 High price
 low price",TRUE,TRUE,FALSE,FALSE,TRUE,TRUE,FALSE,FALSE,FALSE,FALSE,FALSE,FALSE,FALSE,FALSE,FALSE,FALSE
121,1,line,I decisions using support and resistance in graph.,FALSE,FALSE,FALSE,FALSE,FALSE,FALSE,FALSE,FALSE,FALSE,FALSE,FALSE,FALSE,FALSE,FALSE,TRUE,TRUE
122,1,line,Stock Price variations,FALSE,FALSE,FALSE,FALSE,FALSE,FALSE,FALSE,TRUE,FALSE,FALSE,FALSE,FALSE,FALSE,FALSE,TRUE,TRUE
123,1,line,I was consider profit and loss of the graph,FALSE,FALSE,FALSE,FALSE,FALSE,FALSE,FALSE,FALSE,FALSE,FALSE,FALSE,FALSE,FALSE,FALSE,TRUE,TRUE
124,1,line,YES,FALSE,FALSE,FALSE,FALSE,FALSE,FALSE,FALSE,FALSE,FALSE,FALSE,FALSE,FALSE,FALSE,FALSE,TRUE,TRUE
125,1,line,I made about the average stock price status as like mid between growth and down.,TRUE,TRUE,FALSE,FALSE,FALSE,FALSE,FALSE,FALSE,FALSE,FALSE,FALSE,FALSE,FALSE,FALSE,FALSE,FALSE
126,1,line,Up and down of the price try to neutralize up price,FALSE,FALSE,TRUE,TRUE,FALSE,FALSE,TRUE,TRUE,FALSE,FALSE,FALSE,FALSE,FALSE,FALSE,FALSE,FALSE
127,1,line,Length of time chart is above or below the average. Points on the chart where the price appears to hover around the most.,FALSE,FALSE,TRUE,TRUE,FALSE,FALSE,FALSE,FALSE,TRUE,TRUE,FALSE,FALSE,FALSE,FALSE,FALSE,FALSE
128,1,line,by checking the ups and downs like sinewave cos wave and tried to make equalize using imaginary calculations.,FALSE,FALSE,TRUE,TRUE,FALSE,FALSE,TRUE,TRUE,FALSE,FALSE,FALSE,FALSE,FALSE,FALSE,FALSE,FALSE
129,1,line,I considered the price of the stock and gains in the future.,FALSE,FALSE,FALSE,FALSE,FALSE,FALSE,FALSE,FALSE,FALSE,FALSE,FALSE,FALSE,FALSE,FALSE,TRUE,TRUE
130,1,line,depends on the graph i made my decision,FALSE,FALSE,FALSE,FALSE,FALSE,FALSE,FALSE,FALSE,FALSE,FALSE,FALSE,FALSE,FALSE,FALSE,TRUE,TRUE
131,1,line,"Large increase and decreases 
 reoccurring price points",FALSE,FALSE,FALSE,FALSE,FALSE,FALSE,FALSE,TRUE,FALSE,FALSE,FALSE,FALSE,FALSE,FALSE,TRUE,FALSE
132,1,line,"Generally average is the mid value. Having look into the graphic patterns display. Lower values are more frequent or the higher values. If the higher side is more, the average is estimated little higher side of the mid value.
 When we see more data pertaining to lower values the average may tends to be closer to lower values. 
 In any series of set of data, frequency of certain values influence the average.",FALSE,FALSE,TRUE,TRUE,FALSE,FALSE,FALSE,FALSE,FALSE,FALSE,FALSE,FALSE,FALSE,FALSE,FALSE,FALSE
133,1,line,"The starting and ending points, and also where the graph spent most of its time.",FALSE,FALSE,TRUE,TRUE,TRUE,TRUE,TRUE,TRUE,FALSE,FALSE,FALSE,FALSE,FALSE,FALSE,FALSE,FALSE
134,1,line,I am a stock trader myself and I used a technique similar to the 14 day simple moving average for finding the average price.,FALSE,FALSE,FALSE,FALSE,FALSE,FALSE,FALSE,FALSE,FALSE,FALSE,FALSE,FALSE,FALSE,FALSE,TRUE,TRUE
135,1,line,good decisions about the average stock price.,FALSE,FALSE,FALSE,FALSE,FALSE,FALSE,FALSE,FALSE,FALSE,FALSE,FALSE,FALSE,FALSE,FALSE,TRUE,TRUE
136,1,line,Based on graph estimate.,FALSE,FALSE,TRUE,TRUE,FALSE,FALSE,FALSE,FALSE,FALSE,FALSE,FALSE,FALSE,FALSE,FALSE,FALSE,FALSE
137,1,line,Look for a visual location that canceled the highs and lows.,TRUE,TRUE,TRUE,TRUE,FALSE,FALSE,FALSE,FALSE,FALSE,FALSE,FALSE,FALSE,FALSE,FALSE,FALSE,FALSE
138,1,line,I marked the point on the graphs where it seemed like the generalized average would fall if the points on the graph were boiled down into numbers and you wanted to find the average of those numbers.,FALSE,FALSE,TRUE,TRUE,FALSE,FALSE,FALSE,FALSE,FALSE,FALSE,FALSE,FALSE,FALSE,FALSE,FALSE,FALSE
139,1,line,I tried to imagine that what was above the line and below the line would be equal if the lines were straight. Hard to explain but it made sense in my head.,FALSE,FALSE,TRUE,TRUE,FALSE,FALSE,FALSE,FALSE,TRUE,TRUE,FALSE,FALSE,FALSE,FALSE,FALSE,FALSE
140,1,line,I just tried to look at them visually and guess where the middle was. There was no strategy.,FALSE,FALSE,TRUE,TRUE,FALSE,FALSE,FALSE,FALSE,FALSE,FALSE,FALSE,FALSE,FALSE,FALSE,FALSE,FALSE
141,1,line,I considered the general trend of the graph and the high/low points. I tried to get select the overall average of the graph.,TRUE,TRUE,TRUE,TRUE,FALSE,FALSE,FALSE,FALSE,FALSE,FALSE,FALSE,FALSE,FALSE,FALSE,FALSE,FALSE
142,1,line,the more prices in the bottom would result in a lower average just like the more prices in the top would result in a higher average. I used my intuition.,FALSE,FALSE,TRUE,TRUE,FALSE,FALSE,FALSE,FALSE,FALSE,FALSE,FALSE,FALSE,FALSE,FALSE,FALSE,FALSE
143,1,line,"How violate the swings were in price
 Look for trend in the graph
 Look for areas where the price was pretty consistent over a section of time.",FALSE,FALSE,TRUE,TRUE,FALSE,FALSE,TRUE,TRUE,FALSE,FALSE,FALSE,FALSE,FALSE,FALSE,FALSE,FALSE
144,1,line,I tried to find the high and low points then decide on the middle ground for the average.,TRUE,TRUE,TRUE,TRUE,FALSE,FALSE,FALSE,FALSE,FALSE,FALSE,FALSE,FALSE,FALSE,FALSE,FALSE,FALSE
145,1,line,Price raising level and lowering level,FALSE,FALSE,FALSE,FALSE,FALSE,FALSE,TRUE,FALSE,FALSE,FALSE,FALSE,FALSE,FALSE,FALSE,FALSE,TRUE
146,1,line,I tried to look at where the majority of the line was both high and low and then find the average of that. I tried to use my gut feeling also.,FALSE,FALSE,TRUE,TRUE,FALSE,FALSE,FALSE,FALSE,FALSE,FALSE,FALSE,FALSE,FALSE,FALSE,FALSE,FALSE
147,1,line,I tried to find a midpoint price for the plotted price each time.,FALSE,FALSE,TRUE,TRUE,FALSE,FALSE,FALSE,FALSE,FALSE,FALSE,FALSE,FALSE,FALSE,FALSE,FALSE,FALSE
148,1,line,Approximate averaging of the upward and downward movement of stock prices. Considering the duration of such movements.,FALSE,FALSE,TRUE,TRUE,FALSE,FALSE,TRUE,TRUE,FALSE,FALSE,FALSE,FALSE,FALSE,FALSE,FALSE,FALSE
149,1,line,no high and no low,FALSE,TRUE,FALSE,FALSE,FALSE,FALSE,FALSE,FALSE,FALSE,FALSE,FALSE,FALSE,FALSE,FALSE,TRUE,FALSE
150,1,line,"I looked at how the graph was skewed. If it was skewed towards a higher price, I would make the average line higher than usual. If it was skewed more towards a low price, the line was moved lower. I also looked sometimes to line up the line with the peaks and valleys of the graph.",FALSE,FALSE,TRUE,TRUE,FALSE,FALSE,FALSE,TRUE,FALSE,FALSE,FALSE,FALSE,FALSE,FALSE,FALSE,FALSE
151,1,line,"I tried to place the line where there were equal parts above and below my line. Then, I adjusted my line based on how close the graph was to my line. For example, I put the line where I felt there were equal parts above and below my line. But if the equal part below was mostly close to my line, I moved my line up a little bit because this should raise the average slightly.",FALSE,FALSE,TRUE,TRUE,FALSE,FALSE,FALSE,FALSE,TRUE,TRUE,FALSE,FALSE,FALSE,FALSE,FALSE,FALSE
152,1,line,"The high, low, and where a majority of the line was",TRUE,TRUE,TRUE,TRUE,FALSE,FALSE,FALSE,FALSE,FALSE,FALSE,FALSE,FALSE,FALSE,FALSE,FALSE,FALSE
153,1,line,"I tried to average the lows and highs to find the middle part of the graph. I looked for graphs that had quick spikes and long periods of high or lows. After doing that, I just tried to make the most accurate guess.",FALSE,FALSE,TRUE,TRUE,FALSE,FALSE,TRUE,TRUE,FALSE,FALSE,FALSE,FALSE,FALSE,FALSE,FALSE,FALSE
154,1,line,Considering the ups and downs of the stock price.,FALSE,FALSE,FALSE,FALSE,FALSE,FALSE,TRUE,TRUE,FALSE,FALSE,FALSE,FALSE,FALSE,FALSE,FALSE,FALSE
155,1,line,I took middle position between maximum waves and minimum waves,TRUE,TRUE,TRUE,TRUE,FALSE,FALSE,FALSE,FALSE,FALSE,FALSE,FALSE,FALSE,FALSE,FALSE,FALSE,FALSE
157,1,line,I tried in my head to average the ups and downs to come up with a middle point.,FALSE,FALSE,TRUE,TRUE,FALSE,FALSE,FALSE,FALSE,FALSE,FALSE,FALSE,FALSE,FALSE,FALSE,FALSE,FALSE
158,1,line,"I considered the highs and lows of the lines, the median, the length of the lines, etc. But basically just went with my gut decision of where the red line should be.",FALSE,FALSE,TRUE,TRUE,FALSE,FALSE,FALSE,FALSE,FALSE,FALSE,FALSE,FALSE,FALSE,FALSE,FALSE,FALSE
159,1,line,I tried to determine the point between the highest and lowest numbers.,TRUE,TRUE,TRUE,TRUE,FALSE,FALSE,FALSE,FALSE,FALSE,FALSE,FALSE,FALSE,FALSE,FALSE,FALSE,FALSE
160,1,line,I saw how much of graph is was high and low and estimated how much percentage it was either up or down or both.,FALSE,FALSE,TRUE,TRUE,FALSE,FALSE,FALSE,FALSE,FALSE,FALSE,FALSE,FALSE,FALSE,FALSE,FALSE,FALSE
161,1,line,"I mean, just kind of grossly estimated, not much to it.",FALSE,FALSE,TRUE,TRUE,FALSE,FALSE,FALSE,FALSE,FALSE,FALSE,FALSE,FALSE,FALSE,FALSE,FALSE,FALSE
162,1,line,"IF THE HIGHS OR LOWS WERE MORE ABUNDANT ON THE GRAPH, HOW EVEN THE GRAPH LINES WERE ABOVE AND BELOW MY ESTIMATE",FALSE,FALSE,TRUE,TRUE,FALSE,FALSE,FALSE,FALSE,TRUE,TRUE,FALSE,FALSE,FALSE,FALSE,FALSE,FALSE
163,1,line,I decide through the height of increase and decrease level then I select the mid point of the level.,TRUE,TRUE,TRUE,TRUE,FALSE,FALSE,FALSE,FALSE,FALSE,FALSE,FALSE,FALSE,FALSE,FALSE,FALSE,FALSE
164,1,line,I tried to split the graph into straight line segments and get the average for each segment. Then I weighted each segment average based on their length and tried to come up with an average for the entire graph.,FALSE,FALSE,TRUE,TRUE,FALSE,FALSE,TRUE,FALSE,FALSE,FALSE,FALSE,FALSE,FALSE,FALSE,FALSE,FALSE
165,1,line,WHERE ALL THE LINES WHERE AND TRIED TO ET THE AVERAGE,FALSE,FALSE,TRUE,TRUE,FALSE,FALSE,FALSE,FALSE,FALSE,FALSE,FALSE,FALSE,FALSE,FALSE,FALSE,FALSE
166,1,line,I compare how big the low sections to the high sections.,TRUE,TRUE,TRUE,FALSE,FALSE,FALSE,FALSE,FALSE,FALSE,FALSE,FALSE,FALSE,FALSE,FALSE,FALSE,FALSE
167,1,line,Just looked at the chart and estimated the aveerage.,FALSE,FALSE,FALSE,TRUE,FALSE,FALSE,FALSE,FALSE,FALSE,FALSE,FALSE,FALSE,FALSE,FALSE,TRUE,FALSE
168,1,line,"Most of the time the stock price comes to certain point, and jumps again or fall back, I consider the price where it is often stable for more time.",FALSE,FALSE,TRUE,TRUE,FALSE,FALSE,TRUE,TRUE,FALSE,FALSE,FALSE,FALSE,FALSE,FALSE,FALSE,FALSE
169,1,line,"First of all looking the trend of the stock price, how it is behaving, where it is stable more often, at what point it is bouncing back, these are the thing I considered while making the judgement.",FALSE,FALSE,TRUE,TRUE,FALSE,FALSE,TRUE,TRUE,FALSE,FALSE,FALSE,FALSE,FALSE,FALSE,FALSE,FALSE
170,1,line,I looked at the highest and lowest point and went with the middle,TRUE,TRUE,FALSE,FALSE,FALSE,FALSE,FALSE,FALSE,FALSE,FALSE,FALSE,FALSE,FALSE,FALSE,FALSE,FALSE
171,1,line,I tried to make my lines at the halfway point,FALSE,FALSE,TRUE,TRUE,FALSE,FALSE,FALSE,FALSE,FALSE,FALSE,FALSE,FALSE,FALSE,FALSE,FALSE,FALSE
172,1,line,I look at the graph and made the best regression line.,FALSE,FALSE,FALSE,FALSE,FALSE,FALSE,FALSE,FALSE,FALSE,FALSE,FALSE,FALSE,FALSE,FALSE,TRUE,TRUE
173,1,line,Study the graph high and low price and reversal of high or low. Make decision based on this point.,TRUE,TRUE,FALSE,FALSE,FALSE,FALSE,FALSE,FALSE,FALSE,FALSE,FALSE,FALSE,FALSE,FALSE,FALSE,FALSE
174,1,line,I tried to gauge over what period of time the stock was up or down relative to the other postings.,FALSE,FALSE,TRUE,TRUE,FALSE,FALSE,FALSE,FALSE,FALSE,FALSE,FALSE,FALSE,FALSE,FALSE,FALSE,FALSE
175,1,line,I looked at the start and end stock prices as well as the average rate of incline or decline in the graph to try to find the median stock price. I started the line at where most of the stock prices and adjusted it up or down based on the outliers.,FALSE,TRUE,TRUE,TRUE,TRUE,TRUE,FALSE,FALSE,FALSE,FALSE,FALSE,FALSE,FALSE,FALSE,FALSE,FALSE
176,1,line,"I honestly mostly guessed by trying to get what I felt was equal dips and raises above and below the line. The more dramatic, the more I tried to match high peaks and valleys to even them out.",FALSE,FALSE,TRUE,TRUE,FALSE,FALSE,TRUE,TRUE,TRUE,TRUE,FALSE,FALSE,FALSE,FALSE,FALSE,FALSE
177,1,line,I considered the many changes in the price and then chose a middle point to be able to make my judgement.,FALSE,FALSE,TRUE,TRUE,FALSE,FALSE,FALSE,TRUE,FALSE,FALSE,FALSE,FALSE,FALSE,FALSE,FALSE,FALSE
178,1,line,"considered how the low peaks over time would hurt the average and adjusted for that. Depending how long the line would stay in the lower peak I would adjust my average accordingly(IE if the line stayed at the bottom 2/3s the time, the lien or average would be closer to that). The exact same tactic was used if the stock was high all the time.",FALSE,TRUE,TRUE,TRUE,FALSE,FALSE,TRUE,TRUE,FALSE,FALSE,FALSE,FALSE,FALSE,FALSE,FALSE,FALSE
179,1,line,"I felt like the best way to determine the average stock price for each graph was to drag the red line to a position such that half of the blue line was above the red line, with the other half being below the red line. This is certainly inexact but I think the estimates came out reasonably well given the available information. I also noted the locations that represented the highest and lowest prices of the stock just to provide a baseline of the possible range that the red line could feasibly be placed.",FALSE,TRUE,TRUE,TRUE,FALSE,FALSE,FALSE,FALSE,TRUE,TRUE,FALSE,FALSE,FALSE,FALSE,FALSE,FALSE
180,1,line,its peak and low curves,FALSE,TRUE,FALSE,FALSE,FALSE,FALSE,TRUE,FALSE,FALSE,FALSE,FALSE,FALSE,FALSE,FALSE,FALSE,FALSE
181,1,line,I just looked to see where the line hit the average the most.,FALSE,FALSE,FALSE,FALSE,FALSE,FALSE,FALSE,FALSE,FALSE,FALSE,FALSE,FALSE,FALSE,FALSE,TRUE,TRUE
182,1,line,"Looking at the chart, I tried to focus on highs, lows, and in-between times. I also tried to factor in what percentage of time the stock was high vs low. Then, I tried to choose an average.",TRUE,TRUE,TRUE,TRUE,FALSE,FALSE,TRUE,TRUE,FALSE,FALSE,FALSE,FALSE,FALSE,FALSE,FALSE,FALSE
183,1,line,"I tried to find the midpoint between the higher and lower, where it was at the longest, etc.",TRUE,TRUE,FALSE,TRUE,FALSE,FALSE,FALSE,FALSE,FALSE,FALSE,FALSE,FALSE,FALSE,FALSE,FALSE,FALSE
184,1,line,"high and low points, total surface area, area above the line and below the line.",TRUE,TRUE,TRUE,TRUE,FALSE,FALSE,FALSE,FALSE,FALSE,FALSE,TRUE,TRUE,FALSE,FALSE,FALSE,FALSE
185,1,line,i tried to just go with what felt right. If most the line was in a certain area i would put it there,FALSE,FALSE,FALSE,FALSE,FALSE,FALSE,FALSE,FALSE,FALSE,FALSE,FALSE,FALSE,TRUE,TRUE,FALSE,FALSE
186,1,line,"first seeing the starting price then looking for the highest price and then again for lower price and based on this ,making the judgment",TRUE,TRUE,FALSE,FALSE,FALSE,FALSE,FALSE,FALSE,FALSE,FALSE,FALSE,FALSE,FALSE,FALSE,FALSE,FALSE
187,1,line,I just tried to make the volume of the areas above and below the line approximately equal. That was my only strategy. Think I learnt it in a maths or stats course.,FALSE,FALSE,TRUE,TRUE,FALSE,FALSE,FALSE,FALSE,FALSE,FALSE,TRUE,TRUE,FALSE,FALSE,FALSE,FALSE
188,1,line,"I just went with what was natural and underwent some estimations in my reptile brain, I would assume. I would like to know how close I was to the average because I think it was reasonably close.",FALSE,FALSE,FALSE,TRUE,FALSE,FALSE,FALSE,FALSE,FALSE,FALSE,FALSE,FALSE,TRUE,TRUE,FALSE,FALSE
189,1,line,"After a company goes public, and its shares start trading on a stock exchange with this knowledge i decided.",FALSE,FALSE,FALSE,FALSE,FALSE,FALSE,FALSE,FALSE,FALSE,FALSE,FALSE,FALSE,FALSE,FALSE,TRUE,TRUE
190,1,line,I tried to adjust the line so that the area under the stock line but above the average line was about equal to the area below the stock line but above the stock line.,FALSE,FALSE,TRUE,TRUE,FALSE,FALSE,FALSE,FALSE,FALSE,FALSE,TRUE,TRUE,FALSE,FALSE,FALSE,FALSE
191,1,line,The Spikes are followed with average length,FALSE,FALSE,FALSE,FALSE,FALSE,FALSE,FALSE,FALSE,FALSE,FALSE,FALSE,FALSE,FALSE,FALSE,TRUE,TRUE
192,1,line,I tried to get a visual sense of where the average would fall. I looked for a good mid point of the overall graph.,FALSE,FALSE,TRUE,TRUE,FALSE,FALSE,FALSE,FALSE,FALSE,FALSE,FALSE,FALSE,FALSE,FALSE,FALSE,FALSE
193,1,line,I looked at the number of peaks and valleys and chose a midpoint,FALSE,FALSE,TRUE,TRUE,FALSE,FALSE,TRUE,TRUE,FALSE,FALSE,FALSE,FALSE,FALSE,FALSE,FALSE,FALSE
194,1,line,"I looked at the lowest mark and the highest mark and then the middle of that, but looked to see if there were upper or lower trends and adjusted accordingly to that. If there were more upper trends, I took the marker a little higher.",TRUE,TRUE,TRUE,TRUE,FALSE,FALSE,FALSE,FALSE,FALSE,FALSE,FALSE,FALSE,FALSE,FALSE,FALSE,FALSE
195,1,line,"I tried to look at the 'line of best fit'"" in the middle where the stock had been the most but also take into consideration how long it had been at different high and low prices which would affect the average. """,TRUE,TRUE,TRUE,TRUE,FALSE,FALSE,TRUE,TRUE,FALSE,FALSE,FALSE,FALSE,FALSE,FALSE,FALSE,FALSE
228,1,line,Big spikes up or down. If the stock price went up more than down. Did the price have more months close the same than not.,FALSE,FALSE,FALSE,FALSE,FALSE,FALSE,TRUE,TRUE,FALSE,FALSE,FALSE,FALSE,FALSE,FALSE,FALSE,FALSE
229,1,line,i tried to get in the middle of the highs and lows,FALSE,FALSE,FALSE,TRUE,FALSE,FALSE,FALSE,FALSE,FALSE,FALSE,FALSE,FALSE,FALSE,FALSE,FALSE,FALSE
230,1,line,I decided to use the jaggedness of the lines and the slope to determine what I felt was a average based on that.,FALSE,FALSE,TRUE,TRUE,FALSE,FALSE,TRUE,TRUE,FALSE,FALSE,FALSE,FALSE,FALSE,FALSE,FALSE,FALSE
231,1,line,I adjusted them based on daily activity,FALSE,FALSE,FALSE,FALSE,FALSE,FALSE,FALSE,FALSE,FALSE,FALSE,FALSE,FALSE,FALSE,FALSE,TRUE,TRUE
232,1,line,"I tried breaking the chart into chunks of 'bear'"" vs '""bull'"" and estimated the middle of each movement then tried to average the middle of each segment while giving greater weight to segments that lasted longer.""",FALSE,FALSE,TRUE,TRUE,FALSE,FALSE,FALSE,TRUE,FALSE,FALSE,FALSE,FALSE,FALSE,FALSE,FALSE,FALSE
233,1,line,"I tried to find out the relatively stable parts of the graph, these were useful when they extended over a long period of time.
 
 I also considered the effect of the crests and troughs and the depth of these extreme occurrences.
 
 Using these as a metric, I tried to estimate the average.",FALSE,FALSE,TRUE,TRUE,FALSE,FALSE,TRUE,TRUE,FALSE,FALSE,FALSE,FALSE,FALSE,FALSE,FALSE,FALSE
234,1,line,Just a slightly educated guess on how averages work. So I looked at what the most common closing cost was.,FALSE,FALSE,TRUE,TRUE,FALSE,TRUE,FALSE,FALSE,FALSE,FALSE,FALSE,FALSE,FALSE,FALSE,FALSE,FALSE
31,1,line,I looked at the lines and found the place where the area above and below the average line are about the same.,FALSE,FALSE,TRUE,TRUE,FALSE,FALSE,FALSE,FALSE,FALSE,FALSE,TRUE,TRUE,FALSE,FALSE,FALSE,FALSE
32,1,line,I placed it more or less where most on points where an average influenced by the extremes,TRUE,TRUE,TRUE,TRUE,FALSE,FALSE,FALSE,FALSE,FALSE,FALSE,FALSE,FALSE,FALSE,FALSE,FALSE,FALSE
33,1,line,I did my best to try to have the same amount of blue line above and below the average marker.,FALSE,FALSE,TRUE,TRUE,FALSE,FALSE,FALSE,FALSE,TRUE,TRUE,FALSE,FALSE,FALSE,FALSE,FALSE,FALSE
34,1,line,i made my decision based on calculating ups and downs variations in the stock prices,FALSE,FALSE,FALSE,FALSE,FALSE,FALSE,TRUE,TRUE,FALSE,FALSE,FALSE,FALSE,FALSE,FALSE,FALSE,FALSE
36,1,line,"I took decision based on graph,its very difficult to take decision since no values are presented on the graph.",FALSE,FALSE,FALSE,FALSE,FALSE,FALSE,FALSE,FALSE,FALSE,FALSE,FALSE,FALSE,TRUE,TRUE,FALSE,FALSE
69,1,line,The peaks and lows of the graphs,TRUE,TRUE,FALSE,FALSE,FALSE,FALSE,FALSE,FALSE,FALSE,FALSE,FALSE,FALSE,FALSE,FALSE,FALSE,FALSE
70,1,line,i made decision to where the stock price start and where the price go to top down. its make easy to take decisions.,FALSE,FALSE,FALSE,FALSE,TRUE,TRUE,FALSE,FALSE,FALSE,FALSE,FALSE,FALSE,FALSE,FALSE,FALSE,FALSE
71,1,line,I took the graph as a whole and chose an average between the highs and lows.,TRUE,TRUE,TRUE,TRUE,FALSE,FALSE,FALSE,FALSE,FALSE,FALSE,FALSE,FALSE,FALSE,FALSE,FALSE,FALSE
72,1,line,"tried to make it symmetrical, balanced, tried to imagine smoother lines without jagged edges. my final strategy was to imagine the mountains above the red line filling in the valleys below the red line.",FALSE,FALSE,TRUE,TRUE,FALSE,FALSE,FALSE,FALSE,FALSE,FALSE,TRUE,TRUE,FALSE,FALSE,FALSE,FALSE
73,1,line,based on rating and prize,FALSE,FALSE,FALSE,FALSE,FALSE,FALSE,FALSE,FALSE,FALSE,FALSE,FALSE,FALSE,FALSE,FALSE,TRUE,TRUE
74,1,line,"I have noticed up and down curve interval, then I subtract the down curve from up curve in my mind, after that I guess the average stock price.",FALSE,FALSE,TRUE,TRUE,FALSE,FALSE,FALSE,FALSE,FALSE,FALSE,FALSE,FALSE,FALSE,FALSE,FALSE,FALSE
75,1,line,I went by the past and tried to look for ups and downs of the prices,FALSE,FALSE,FALSE,FALSE,FALSE,FALSE,TRUE,TRUE,FALSE,FALSE,FALSE,FALSE,FALSE,FALSE,FALSE,FALSE
76,1,line,I made it based on the number of ups and down.,FALSE,FALSE,FALSE,FALSE,FALSE,FALSE,TRUE,TRUE,FALSE,FALSE,FALSE,FALSE,FALSE,FALSE,FALSE,FALSE
77,1,line,I made my decision in the graph.,FALSE,FALSE,FALSE,FALSE,FALSE,FALSE,FALSE,FALSE,FALSE,FALSE,FALSE,FALSE,FALSE,FALSE,TRUE,TRUE
78,1,line,prediction of the chart,FALSE,FALSE,FALSE,FALSE,FALSE,FALSE,FALSE,FALSE,FALSE,FALSE,FALSE,FALSE,FALSE,FALSE,TRUE,TRUE
79,1,line,i just tried to find the average,FALSE,FALSE,FALSE,TRUE,FALSE,FALSE,FALSE,FALSE,FALSE,FALSE,FALSE,FALSE,TRUE,FALSE,FALSE,FALSE
80,1,line,"I considered the graphs visually. If the highs and lows of the stock make a landscape, the average is situated where the peaks are large enough to fill the valleys.",FALSE,FALSE,TRUE,TRUE,FALSE,FALSE,FALSE,FALSE,FALSE,FALSE,FALSE,FALSE,FALSE,FALSE,FALSE,FALSE
81,1,line,I tried to make sure all the content of the stock price above the average line was the same amount as the below the average line so they balanced each other out,FALSE,FALSE,TRUE,TRUE,FALSE,FALSE,FALSE,FALSE,TRUE,TRUE,FALSE,FALSE,FALSE,FALSE,FALSE,FALSE
82,1,line,The price it probably spent the most time at approximately.,FALSE,FALSE,TRUE,TRUE,FALSE,FALSE,FALSE,FALSE,FALSE,FALSE,FALSE,FALSE,FALSE,FALSE,FALSE,FALSE
83,1,line,highs/lows and the amount of time spent at each,FALSE,TRUE,FALSE,FALSE,FALSE,FALSE,TRUE,TRUE,FALSE,FALSE,FALSE,FALSE,FALSE,FALSE,FALSE,FALSE
84,1,line,"I just kind of visually eyeballed it. I made note of it was way up or way down for a long period, and adjusted accordingly.",FALSE,FALSE,TRUE,TRUE,FALSE,FALSE,FALSE,TRUE,FALSE,FALSE,FALSE,FALSE,FALSE,FALSE,FALSE,FALSE
85,1,line,I tried my best to guess,FALSE,FALSE,FALSE,FALSE,FALSE,FALSE,FALSE,FALSE,FALSE,FALSE,FALSE,FALSE,TRUE,TRUE,FALSE,FALSE
86,1,line,i dont know,FALSE,FALSE,FALSE,FALSE,FALSE,FALSE,FALSE,FALSE,FALSE,FALSE,FALSE,FALSE,TRUE,TRUE,FALSE,FALSE
26,1,line,"idk, just guessed",FALSE,FALSE,FALSE,FALSE,FALSE,FALSE,FALSE,FALSE,FALSE,FALSE,FALSE,FALSE,TRUE,TRUE,FALSE,FALSE
27,1,line,I tried to figure out what would be the mean value of all the data points. I tried to make estimations based on the sizes of the peaks and how many data points there were.,FALSE,FALSE,TRUE,TRUE,FALSE,FALSE,FALSE,FALSE,FALSE,FALSE,FALSE,FALSE,FALSE,FALSE,FALSE,FALSE
28,1,line,"It was easier to make the average when the stock prices were not changing much and the graph was more even. When the prices were more ""jumping"", I tried to find the phase where these trends stayed the longest and put my average around it...",FALSE,FALSE,TRUE,TRUE,FALSE,FALSE,TRUE,TRUE,FALSE,FALSE,FALSE,FALSE,FALSE,FALSE,FALSE,FALSE
29,1,line,The price it probably spent the most time at approximately.,FALSE,FALSE,TRUE,TRUE,FALSE,FALSE,FALSE,FALSE,FALSE,FALSE,FALSE,FALSE,FALSE,FALSE,FALSE,FALSE
22,1,line,I looked at the areas of the graph that lasted the longest without a major change. I focused on that spot and then looked at the highest and lowest points of the whole graph. I set the average near the point with the longest line and add or decreased the amount depending on if there were a lot of high of low points.,TRUE,TRUE,TRUE,TRUE,FALSE,FALSE,TRUE,TRUE,FALSE,FALSE,FALSE,FALSE,FALSE,FALSE,FALSE,FALSE
30BXRYBRP5XZ1NX8WUSLUFS2TOYHW2,2,line,Test judgements,FALSE,FALSE,FALSE,FALSE,FALSE,FALSE,FALSE,FALSE,FALSE,FALSE,FALSE,FALSE,FALSE,FALSE,TRUE,TRUE
30IQTZXKAL63FNW28RHMQ67SG9D0XN,2,line,the two extreme points and how long it was at those points,TRUE,TRUE,FALSE,FALSE,FALSE,FALSE,FALSE,TRUE,FALSE,FALSE,FALSE,FALSE,FALSE,FALSE,FALSE,FALSE
30IQTZXKAL63FNW28RHMQ67SI5RX0S,2,point,My strategy was to try to put the red bar between an even amount of blue balls. So I tried to put an equal amount of balls above and below the red bar.,FALSE,FALSE,TRUE,TRUE,FALSE,FALSE,FALSE,FALSE,TRUE,TRUE,FALSE,FALSE,FALSE,FALSE,FALSE,FALSE
30LB5CDZNDASKIWH9957NRN3QGS0ZH,2,point,"I considered the angle of the slope, and how many dots were represented. I tried to gauge a spot that had an equal number of plot points above and below the line.",FALSE,FALSE,FALSE,FALSE,FALSE,FALSE,TRUE,TRUE,TRUE,TRUE,FALSE,FALSE,FALSE,FALSE,FALSE,FALSE
30LSNF239VVDL2ALOSLZ6KDSR3H2IH,2,point_arc,te stoks are wequally sared,FALSE,FALSE,FALSE,FALSE,FALSE,FALSE,FALSE,FALSE,FALSE,FALSE,FALSE,FALSE,FALSE,FALSE,TRUE,TRUE
30LSNF239VVDL2ALOSLZ6KDTVODI25,2,point_arc,I tried seeing what the highs and lows were in comparison with the middle,FALSE,FALSE,TRUE,TRUE,FALSE,FALSE,FALSE,FALSE,FALSE,FALSE,FALSE,FALSE,FALSE,FALSE,FALSE,FALSE
30OG32W0SVBXUJXSESTSDTIZEQLNEG,2,point_arc,I looked at the lowest and compared it to the highest and tried to average it out by that.,TRUE,TRUE,TRUE,TRUE,FALSE,FALSE,FALSE,FALSE,FALSE,FALSE,FALSE,FALSE,FALSE,FALSE,FALSE,FALSE
3180JW2OT5C1FADEOT8XGSV4OENJ59,2,point,Good current and projected profitability,FALSE,FALSE,FALSE,FALSE,FALSE,FALSE,FALSE,FALSE,FALSE,FALSE,FALSE,FALSE,FALSE,FALSE,TRUE,TRUE
3180JW2OT5C1FADEOT8XGSV4OFV5J5,2,point,I tried to average the plots/dots above and below where I placed the line,FALSE,FALSE,TRUE,TRUE,FALSE,FALSE,FALSE,FALSE,TRUE,TRUE,FALSE,FALSE,FALSE,FALSE,FALSE,FALSE
31IBVUNM9TZ2826XBUZP5SXB8N8VF9,2,line,I tried to average it in my head.,FALSE,FALSE,TRUE,TRUE,FALSE,FALSE,FALSE,FALSE,FALSE,FALSE,FALSE,FALSE,FALSE,FALSE,FALSE,FALSE
31LVTDXBL8AWFNZCOLXDZ8DSKS7LRV,2,point,very interested,FALSE,FALSE,FALSE,FALSE,FALSE,FALSE,FALSE,FALSE,FALSE,FALSE,FALSE,FALSE,FALSE,FALSE,TRUE,TRUE
31LVTDXBL8AWFNZCOLXDZ8DSM2ZLR9,2,point_arc,I tried to eyeball a point where half the dots were below and half were above the line.,FALSE,FALSE,TRUE,TRUE,FALSE,FALSE,FALSE,FALSE,TRUE,TRUE,FALSE,FALSE,FALSE,FALSE,FALSE,FALSE
31QNSG6A5STRIXVELIQ3PM0MXTI78O,2,line,amount of time spent in pricing categories taking into account high and low dips and trends,FALSE,FALSE,TRUE,TRUE,FALSE,FALSE,TRUE,TRUE,FALSE,FALSE,FALSE,FALSE,FALSE,FALSE,FALSE,FALSE
31UV0MXWNRC5KZT86BNX4RG4AWW5IA,2,point,"I estimated the average stock price by concentrating on where the majority of the dots were on the graph. I usually went with the price where a majority of the dots present, but adjusting for outliers above and below the estimated price.",FALSE,TRUE,TRUE,TRUE,FALSE,FALSE,FALSE,FALSE,FALSE,FALSE,FALSE,FALSE,FALSE,FALSE,FALSE,FALSE
31UV0MXWNRC5KZT86BNX4RG4BD75IK,2,point_arc,based on that graph dots.,FALSE,FALSE,FALSE,FALSE,FALSE,FALSE,FALSE,FALSE,FALSE,FALSE,FALSE,FALSE,FALSE,FALSE,TRUE,TRUE
31Z0PCVWULFAGHN2OG1YGIW9GIZ7T2,2,point_arc,Picked the price between highest point and lowest point of the day,TRUE,TRUE,FALSE,TRUE,FALSE,FALSE,FALSE,FALSE,FALSE,FALSE,FALSE,FALSE,FALSE,FALSE,FALSE,FALSE
320DUZ38G8MZV72Y5PROKPMTE1AGJP,2,point_arc,I considered the graph to given the stock price and adjust the average stock price.,FALSE,FALSE,FALSE,FALSE,FALSE,FALSE,FALSE,FALSE,FALSE,FALSE,FALSE,FALSE,FALSE,FALSE,TRUE,TRUE
323Q6SJS8JGXQ1BD65ILQR62YTDFHN,2,line,I tried to get in the middle between the highest and the lowest and look at how long they were in each so i could figure out what the average was.,TRUE,TRUE,TRUE,TRUE,FALSE,FALSE,FALSE,FALSE,FALSE,FALSE,FALSE,FALSE,FALSE,FALSE,FALSE,FALSE
326O153BMJYO876FPYFPHO64USSED2,2,line,I would try to focus the line that was around the same amount on top and on bottom.,FALSE,FALSE,TRUE,TRUE,FALSE,FALSE,FALSE,FALSE,FALSE,TRUE,FALSE,FALSE,FALSE,FALSE,FALSE,FALSE
326O153BMJYO876FPYFPHO64W1YDER,2,point_arc,Mean price of an asset or security observed over some period of time.,FALSE,FALSE,FALSE,FALSE,FALSE,FALSE,FALSE,FALSE,FALSE,FALSE,FALSE,FALSE,FALSE,FALSE,TRUE,TRUE
32AT8R96GM9BZSMJCOPJG5E7JTVSUC,2,point_arc,I made the decisions by observing the curve of the dots. If more dots are on the top then the line will be a little bit above the middle. If more dots are on the bottom then the line will be a little bit below.,FALSE,FALSE,TRUE,TRUE,FALSE,FALSE,FALSE,FALSE,TRUE,TRUE,FALSE,FALSE,FALSE,FALSE,FALSE,FALSE
32KTQ2V7REFAH5LBUGY680SNC939M4,2,line,I looked at the highest and lowest point then tried to guess the middle amount,TRUE,TRUE,FALSE,TRUE,FALSE,FALSE,FALSE,FALSE,FALSE,FALSE,FALSE,FALSE,FALSE,FALSE,FALSE,FALSE
32KTQ2V7REFAH5LBUGY680SNEAMM94,2,point,I tried to figure out the average by just looking.,FALSE,FALSE,TRUE,TRUE,FALSE,FALSE,FALSE,FALSE,FALSE,FALSE,FALSE,FALSE,FALSE,FALSE,FALSE,FALSE
32Q90QCQ1TLWMDCPHF1CL11UGAVKEB,2,point_arc,"I generally calculate the graph lines.
 some grapes have more same value, so i think this value is equaling to average. 
 some graph are equal ups and down so i decide middle is the correct value.",FALSE,FALSE,TRUE,TRUE,FALSE,FALSE,TRUE,TRUE,FALSE,FALSE,FALSE,FALSE,FALSE,FALSE,FALSE,FALSE
32Q90QCQ1TLWMDCPHF1CL11UI7EEKK,2,point_arc,Without numbers on the axis it was impossible to make exact mathematical determinations. So I looked at the number of points above and below the estimated average as well as the distance from the average line of all points.,FALSE,FALSE,TRUE,TRUE,FALSE,FALSE,FALSE,FALSE,FALSE,FALSE,TRUE,TRUE,FALSE,FALSE,FALSE,FALSE
32SVAV9L3G9N02N6G47R8WU1M0S3AP,2,point_arc,The majority of the time I was drawn mid chart. But I tried to pay attention to where the dots were the most on the chart and take that into account. Like if there was a steady price for a long period I would pay closer attention to that then spikes.,FALSE,FALSE,TRUE,TRUE,FALSE,FALSE,TRUE,TRUE,FALSE,FALSE,FALSE,FALSE,FALSE,FALSE,FALSE,FALSE
32XVDSJFP0XZHL0C97JRYDK964C2MQ,2,line,I made decision when the two lines ascending and descending are at same position horizontally.,FALSE,FALSE,TRUE,TRUE,FALSE,FALSE,FALSE,FALSE,FALSE,FALSE,FALSE,FALSE,FALSE,FALSE,FALSE,FALSE
32XVDSJFP0XZHL0C97JRYDK985HM2J,2,point,"I looked for segments that would average each other out, took those segments out of consideration, and focused on the rest of the graph",FALSE,FALSE,TRUE,TRUE,FALSE,FALSE,FALSE,FALSE,FALSE,FALSE,FALSE,FALSE,FALSE,FALSE,FALSE,FALSE
32Z9ZLUT1MKRWEO6581BDLFGSRQHOT,2,point,Mostly off intuition. I dont have any real educational background in assessing the trends of stocks.,FALSE,FALSE,FALSE,FALSE,FALSE,FALSE,FALSE,FALSE,FALSE,FALSE,FALSE,FALSE,TRUE,TRUE,FALSE,FALSE
32ZKVD547GNSJCSYMI7N37E74FQ3BR,2,point_arc,I tried to put it where the stock spent most of its time or in the middlde if it varied wildly.,FALSE,FALSE,TRUE,TRUE,FALSE,FALSE,TRUE,TRUE,FALSE,FALSE,FALSE,FALSE,FALSE,FALSE,FALSE,FALSE
3300DTYQT3HIXGAKUKL9HND3ETUEQT,2,point,I looked at how long (time period) the price of stock holding maximum period and took decision,FALSE,FALSE,FALSE,FALSE,FALSE,FALSE,FALSE,FALSE,FALSE,FALSE,FALSE,FALSE,FALSE,FALSE,TRUE,TRUE
333U7HK6IAFWJNS73ZQGE4JW19UDJC,2,point_arc,yes i am interesting,FALSE,FALSE,FALSE,FALSE,FALSE,FALSE,FALSE,FALSE,FALSE,FALSE,FALSE,FALSE,FALSE,FALSE,TRUE,TRUE
333U7HK6IAFWJNS73ZQGE4JW3M3JDJ,2,point_arc,I tried to place the line in the middle of the highest and the lowest stocks price graph.,TRUE,TRUE,FALSE,FALSE,FALSE,FALSE,FALSE,FALSE,FALSE,FALSE,FALSE,FALSE,FALSE,FALSE,FALSE,FALSE
336KAV9KYRSZB2PQSA72S87GFT7Y2N,2,line,I tried to place the avg line midpoint between the high and low points and then compensated up or down for the length of time measured above and below the avg line at that point.,TRUE,TRUE,TRUE,TRUE,FALSE,FALSE,TRUE,FALSE,FALSE,FALSE,FALSE,FALSE,FALSE,FALSE,FALSE,FALSE
336KAV9KYRSZB2PQSA72S87GFT92YT,2,line,I tried to average the numbers in my head and choose the appropriate average.,FALSE,FALSE,FALSE,TRUE,FALSE,FALSE,FALSE,FALSE,FALSE,FALSE,FALSE,FALSE,FALSE,FALSE,TRUE,FALSE
336YQZE83WERGIJZRQLPWKNLSMR5M0,2,point_arc,"Sometimes it helped to try to match the area between the dots and the estimated average above and below to approximate the average, and place the line where they were equal. I think two factors that held a lot of weight in determining where to put the line were the dots that were furthest away meaning they may impact where I put the line more and clusters which would mean the I would put the line closer to them.",FALSE,FALSE,TRUE,TRUE,FALSE,FALSE,FALSE,TRUE,FALSE,FALSE,TRUE,TRUE,FALSE,FALSE,FALSE,FALSE
337RC3OW062O8UGTX52N052V5TFVLJ,2,point,tried to have the same area above and below the line,FALSE,FALSE,FALSE,FALSE,FALSE,FALSE,FALSE,FALSE,FALSE,FALSE,TRUE,TRUE,FALSE,FALSE,FALSE,FALSE
337RC3OW062O8UGTX52N052V5YKLVO,2,point,"I tried to determine what the middle, average range would be.",FALSE,FALSE,FALSE,TRUE,FALSE,FALSE,FALSE,FALSE,FALSE,FALSE,FALSE,FALSE,FALSE,FALSE,TRUE,FALSE
339ANSOTR6282IEBDYR36GZM629KIN,2,line,I really tried to look at how moving the bar up and down would make the graph look most equal even though some had extreme ups and downs. I went with my best judgement what I thought the average would be.,FALSE,FALSE,TRUE,TRUE,FALSE,FALSE,TRUE,TRUE,FALSE,FALSE,FALSE,FALSE,FALSE,FALSE,FALSE,FALSE
339ANSOTR6282IEBDYR36GZM6A3IKV,2,line,i looked at the averages of each stock,FALSE,FALSE,FALSE,FALSE,FALSE,FALSE,FALSE,FALSE,FALSE,FALSE,FALSE,FALSE,FALSE,FALSE,TRUE,TRUE
33C7UALJVMYD7BGCW29UOC99YP081E,2,point_arc,"Its all about averages, so Id find a straight line, or an up down that was pretty even, and find the center of that. Then to account for variations around that, find the center of another up-down or line, and then modify the first point based on the new line and that proportion to the whole X. That makes no sense the way I described it, but I tried to balance ups against downs, in segments based on the complexity of the graph line.",FALSE,FALSE,TRUE,TRUE,FALSE,FALSE,TRUE,TRUE,FALSE,FALSE,FALSE,FALSE,FALSE,FALSE,FALSE,FALSE
33CUSNVVNOCVIB0XVNI93MWH8ZJ88F,2,line,"By checking the size of the area above the average line and comparing it with the area below the line and see if the are comparable or not, the 2 areas should be comparable.",FALSE,FALSE,FALSE,FALSE,FALSE,FALSE,FALSE,FALSE,FALSE,FALSE,TRUE,TRUE,FALSE,FALSE,FALSE,FALSE
33F859I567D7DKZX13WP71FHJ37BH3,2,line,I looked at the space between the red line and the blue line. I tried to position the red line so the area of this space above and below the red line appeared equal.,FALSE,FALSE,TRUE,FALSE,FALSE,FALSE,FALSE,FALSE,FALSE,FALSE,FALSE,TRUE,FALSE,FALSE,FALSE,FALSE
33FBRBDW6PZXUEQACZYE58S00L88CH,2,point,I mostly guessed somewhere around the middle of the graph.,FALSE,FALSE,FALSE,FALSE,FALSE,FALSE,FALSE,FALSE,FALSE,FALSE,FALSE,FALSE,TRUE,TRUE,FALSE,FALSE
33FOTY3KENLFJE6PDEPZQY5SM561CA,2,line,i just went with what looked average to me,FALSE,FALSE,FALSE,TRUE,FALSE,FALSE,FALSE,FALSE,FALSE,FALSE,FALSE,FALSE,TRUE,FALSE,FALSE,FALSE
33FOTY3KENLFJE6PDEPZQY5TQE9C1C,2,point_arc,I thought which is best and safe. i always think about prevent from loss.,FALSE,FALSE,FALSE,FALSE,FALSE,FALSE,FALSE,FALSE,FALSE,FALSE,FALSE,FALSE,FALSE,FALSE,TRUE,TRUE
33JKGHPFYDUV67P5VQHBQ1N7JW0MNU,2,point,Decision making skill is very useful,FALSE,FALSE,FALSE,FALSE,FALSE,FALSE,FALSE,FALSE,FALSE,FALSE,FALSE,FALSE,FALSE,FALSE,TRUE,TRUE
33LK57MYLU5SLRGTIBORXXTMNZOSZT,2,point_arc,I looked at the peak of the stocks and the lowest and try make my best guess,TRUE,TRUE,TRUE,TRUE,FALSE,FALSE,FALSE,FALSE,FALSE,FALSE,FALSE,FALSE,FALSE,FALSE,FALSE,FALSE
33LKR6A5KFKW5V80Z0KPF85W8CO1TF,2,line,I mostly used where the stock would even out and stay flat for a while,FALSE,FALSE,TRUE,FALSE,FALSE,FALSE,FALSE,TRUE,FALSE,FALSE,FALSE,FALSE,FALSE,FALSE,FALSE,FALSE
33NF62TLXK24XTYHVGC3IHEMLIXKJ2,2,point_arc,I make my judgements based on the calculation of differences between highest price and lowest price.,TRUE,TRUE,FALSE,TRUE,FALSE,FALSE,FALSE,FALSE,FALSE,FALSE,FALSE,FALSE,FALSE,FALSE,FALSE,FALSE
33SA9F9TRYUNHD666TKF9CVP1RBWE8,2,point,i tried to put the line where there were an equal number of points above and below it. But I adjusted to compensate if some of the points were way above or way below the line,FALSE,FALSE,TRUE,TRUE,FALSE,FALSE,FALSE,FALSE,TRUE,TRUE,FALSE,FALSE,FALSE,FALSE,FALSE,FALSE
33UKMF931AKXEFK91J4ZLEOR2QQTTJ,2,point,"I mainly tried to do some math in my head and find the average that way. Tried to strike a balance with the dots, have a similar amount above the line as below it because that is essentially what the average is.",FALSE,FALSE,FALSE,FALSE,FALSE,FALSE,FALSE,FALSE,FALSE,TRUE,TRUE,FALSE,FALSE,FALSE,FALSE,FALSE
3483FV8BEFJXSIFKMRCA9HNNG9Z62W,2,line,"I considered the mean of the values. If the majority of the closing prices were in one range, but there were small spikes either upward or downward, I would tend to choose an average where the price was more constant than the outlying prices.",FALSE,FALSE,TRUE,TRUE,FALSE,FALSE,TRUE,TRUE,FALSE,FALSE,FALSE,FALSE,FALSE,FALSE,FALSE,FALSE
34HJIJKLP6WSAM98RD36EO0KHIF4VE,2,line,I considered the slope of the graph and how high the highs were and how low the lows.,TRUE,TRUE,FALSE,FALSE,FALSE,FALSE,TRUE,FALSE,FALSE,FALSE,FALSE,FALSE,FALSE,FALSE,FALSE,FALSE
34PGFRQONPBVSTSYKUV66S8HA2SJWB,2,point_arc,"The only information I based my decision on was the points. For most of the points, I put the average line between the highs and lows of the stock.",TRUE,TRUE,TRUE,TRUE,FALSE,FALSE,FALSE,FALSE,FALSE,FALSE,FALSE,FALSE,FALSE,FALSE,FALSE,FALSE
34QN5IT0T0RD0MVU0J5UA7QZRUY08Z,2,point,I just visually tried to pick the mean. I tried to weigh a bunch of points more than fewer points.,FALSE,FALSE,FALSE,TRUE,FALSE,FALSE,FALSE,FALSE,FALSE,FALSE,FALSE,FALSE,TRUE,FALSE,FALSE,FALSE
34S9DKFK74PV0OEJET5MKWAEQRBYNX,2,point,I estimated the number of dots above and below the line and tried to make them equal,FALSE,FALSE,FALSE,FALSE,FALSE,FALSE,FALSE,FALSE,TRUE,TRUE,FALSE,FALSE,FALSE,FALSE,FALSE,FALSE
34X6J5FLPUYQ8WWC8LW0E3QVIT7QJQ,2,line,I looked at the line. I took the line as a represented SMA and just figured where that would be on a normal chart. And went with that,FALSE,FALSE,FALSE,FALSE,FALSE,FALSE,FALSE,FALSE,FALSE,FALSE,FALSE,FALSE,FALSE,FALSE,TRUE,TRUE
34X6J5FLPUYQ8WWC8LW0E3QVMWXJQJ,2,point_arc,Where there are more dots that line up together,FALSE,FALSE,FALSE,FALSE,FALSE,FALSE,FALSE,TRUE,FALSE,FALSE,FALSE,FALSE,FALSE,FALSE,TRUE,FALSE
34YB12FSQZOPWF8J8M4G0HEAIYNGMH,2,point_arc,I tried to position the marker so that half of the area under the curve was above the line and half was below,FALSE,FALSE,TRUE,FALSE,FALSE,FALSE,FALSE,FALSE,FALSE,FALSE,TRUE,TRUE,FALSE,FALSE,FALSE,FALSE
352YTHGROWDNSLEOMOM2ZN9BEKK4H7,2,point_arc,went with gut instinct,FALSE,FALSE,FALSE,FALSE,FALSE,FALSE,FALSE,FALSE,FALSE,FALSE,FALSE,FALSE,TRUE,TRUE,FALSE,FALSE
358010RM5FTJ8OXIBO5BBZXIA57VXR,2,line,I consider the graph over time and looked at long it was in high prices and how long it was in the low prices and try to balance an average of those prices. It was mostly eye balling what I thought would be a good average point would be.,FALSE,FALSE,TRUE,TRUE,FALSE,FALSE,FALSE,TRUE,FALSE,FALSE,FALSE,FALSE,FALSE,FALSE,FALSE,FALSE
358010RM5FTJ8OXIBO5BBZXICC6VX6,2,point,I tried to have the number of dots above and below the line be approximately equal.,FALSE,FALSE,FALSE,FALSE,FALSE,FALSE,FALSE,FALSE,TRUE,TRUE,FALSE,FALSE,FALSE,FALSE,FALSE,FALSE
358UUM7WR03X02AAKRW3G3VRNES7R8,2,line,I looked at the highest and lowest points first and then adjusted my guess on how long it was at each of those points.,TRUE,TRUE,FALSE,FALSE,FALSE,FALSE,FALSE,TRUE,FALSE,FALSE,FALSE,FALSE,FALSE,FALSE,FALSE,FALSE
358UUM7WR03X02AAKRW3G3VROAVR7O,2,point,I tried to find a point where I could get the most dots on or near the red line.,FALSE,FALSE,FALSE,TRUE,FALSE,FALSE,FALSE,FALSE,FALSE,FALSE,FALSE,FALSE,FALSE,FALSE,TRUE,FALSE
358UUM7WR03X02AAKRW3G3VRPFL7R5,2,point_arc,"ONCE A MOVING AVERAGE IS CALCULATED AND PLOTTED ON A CHART ,IT CAN BE A POWERFUL VISUAL TREND SPOTTING TOOL.IF A MOVING AVERAGE IS RISING ,IT CAN SIGNAL THAT A STOCK IS IN AN UPTREND .CONVERSELY,WHEN A MOVING AVERAGE IS FALLING ,IT CAN SIGNAL THAT A STOCK IS IN A DOWNTREND.LETS LOOK AT THIS INDICATOR AND HOW IT CAN HELP INVESTORS FOLLOW TRENDS TOWARDS GREATER PROFITS.",FALSE,FALSE,FALSE,FALSE,FALSE,FALSE,FALSE,FALSE,FALSE,FALSE,FALSE,FALSE,FALSE,FALSE,TRUE,TRUE
358UUM7WR03X02AAKRW3G3VRSVAR7D,2,point_arc,high and low points and length of time at any one point,TRUE,TRUE,TRUE,FALSE,FALSE,FALSE,FALSE,TRUE,FALSE,FALSE,FALSE,FALSE,FALSE,FALSE,FALSE,FALSE
35BLDD71I7X8DJXXC6TW8KDTKC4VZ3,2,point,Just follow the instructions and make decision.,FALSE,FALSE,FALSE,FALSE,FALSE,FALSE,FALSE,FALSE,FALSE,FALSE,FALSE,FALSE,FALSE,FALSE,TRUE,TRUE
35DR22AR5EKZWFVZREZ5S45ZJ0V3XD,2,line,"By figuring out the average price of a stock position, a firm grasp on that positions breakeven point can be able to make decisions about the average stock price of the market. Identify the graph and look at the moving averages. Tall lines indicate that the price has been very volatile while short lines imply that the price was relatively stable moving in one direction during that time frame.",FALSE,FALSE,TRUE,TRUE,FALSE,FALSE,TRUE,TRUE,FALSE,FALSE,FALSE,FALSE,FALSE,FALSE,FALSE,FALSE
35H6S234SB0PRFY74AE87OQZ0TO65F,2,line,I just guessed,FALSE,FALSE,FALSE,FALSE,FALSE,FALSE,FALSE,FALSE,FALSE,FALSE,FALSE,FALSE,TRUE,TRUE,FALSE,FALSE
35H6S234SB0PRFY74AE87OQZ2MC56Q,2,point_arc,good,FALSE,FALSE,FALSE,FALSE,FALSE,FALSE,FALSE,FALSE,FALSE,FALSE,FALSE,FALSE,FALSE,FALSE,TRUE,TRUE
35K3O9HUACDL6RKBG4AF5O9P67CEFL,2,line,I tried to visualize equal parts up and down my red line.,FALSE,FALSE,TRUE,TRUE,FALSE,FALSE,FALSE,FALSE,TRUE,TRUE,FALSE,FALSE,FALSE,FALSE,FALSE,FALSE
35K3O9HUACDL6RKBG4AF5O9P7SYEFE,2,point,I tried to figured where average of the whole was and place the line there.,FALSE,FALSE,FALSE,TRUE,FALSE,FALSE,FALSE,FALSE,FALSE,FALSE,FALSE,FALSE,FALSE,FALSE,TRUE,FALSE
35USIKEBNSGTH44D8AAU15QLRZTN6X,2,line,I tried to choose where the price even out for any extended period of time.,FALSE,FALSE,TRUE,TRUE,FALSE,FALSE,FALSE,TRUE,FALSE,FALSE,FALSE,FALSE,FALSE,FALSE,FALSE,FALSE
35USIKEBNSGTH44D8AAU15QLUMUN6B,2,point_arc,"The number of data points
 The number of data points above and below the red line
 The maximins and minimums on the chart
 I tried to estimate the value of the x axis",TRUE,TRUE,TRUE,TRUE,FALSE,FALSE,FALSE,FALSE,TRUE,TRUE,FALSE,FALSE,FALSE,FALSE,FALSE,FALSE
369J354OFEAN7CNRL6XZBLHOSTK6GZ,2,point,i tried to look at the dots that was most prevalent on the lower end of the chart,TRUE,TRUE,TRUE,FALSE,FALSE,FALSE,FALSE,FALSE,FALSE,FALSE,FALSE,FALSE,FALSE,FALSE,FALSE,FALSE
36NEMU28XGDLT1YJNR8YMK0YAI2MW1,2,line,"Since I dont know anything about stocks, I tried to look at the highest and lowest points and try to find a spot that was in the middle.",TRUE,TRUE,FALSE,FALSE,FALSE,FALSE,FALSE,FALSE,FALSE,FALSE,FALSE,FALSE,FALSE,FALSE,FALSE,FALSE
36NEMU28XGDLT1YJNR8YMK0YCJVMWY,2,point_arc,The middle seemed like average unless there were extreme examples.,FALSE,FALSE,FALSE,FALSE,FALSE,FALSE,FALSE,FALSE,FALSE,FALSE,FALSE,FALSE,FALSE,FALSE,TRUE,TRUE
36U2A8VAG2ZUSITGHGD6S4TAWDSYKC,2,line,I just tried to find what I thought was the average.,FALSE,FALSE,FALSE,TRUE,FALSE,FALSE,FALSE,FALSE,FALSE,FALSE,FALSE,FALSE,TRUE,FALSE,FALSE,FALSE
36V4Q8R5ZL0G942XBI9SUVICQU0MQ6,2,point_arc,m/a,FALSE,FALSE,FALSE,FALSE,FALSE,FALSE,FALSE,FALSE,FALSE,FALSE,FALSE,FALSE,FALSE,FALSE,TRUE,TRUE
36WLNQG780AVTA8VB2OJMYI4TT9EBY,2,line,I looked at a possible support and resistance. I also looked at how bullish or bearish the price was on the graph with the thinking if the price had a major change going in one direction the price will eventually reverse.,FALSE,FALSE,FALSE,FALSE,FALSE,FALSE,FALSE,TRUE,FALSE,FALSE,FALSE,FALSE,FALSE,FALSE,TRUE,FALSE
374TNBHA8CVG3LRBULX3OQ5JXL9QYR,2,point,"Good current and projected profitability, favorite asset utilization.",FALSE,FALSE,FALSE,FALSE,FALSE,FALSE,FALSE,FALSE,FALSE,FALSE,FALSE,FALSE,FALSE,FALSE,TRUE,TRUE
378XPAWRUDD2Q55P17EEC2WQ3OOAI5,2,point,"The number of data points, the spread of values",FALSE,FALSE,TRUE,FALSE,FALSE,FALSE,TRUE,TRUE,TRUE,TRUE,FALSE,FALSE,FALSE,FALSE,FALSE,FALSE
37KGEN7NJ4Q1UVYV3LMVBUMXOC8PPD,2,point,I tried to guage how long a price was at a certain bottom level and how long it was at a certain top level and tried to find a median. Id give more credence to the lower or top levels the long they were in that general direction.,FALSE,FALSE,TRUE,TRUE,FALSE,FALSE,TRUE,TRUE,FALSE,FALSE,FALSE,FALSE,FALSE,FALSE,FALSE,FALSE
37Q970SNZF8VQVVLA0FZ539A62NS1C,2,line,I looked at the spaces between the red and blue lines both above and below my average line. I tried to make the spaces equal which would represent an even difference from the average. that is what I did.,FALSE,FALSE,TRUE,TRUE,FALSE,FALSE,FALSE,FALSE,FALSE,FALSE,TRUE,TRUE,FALSE,FALSE,FALSE,FALSE
37Q970SNZF8VQVVLA0FZ539A8RR1S5,2,point,I tried to average out visually to where I thought the median was - tried to have as many dots above the line as below in general.,FALSE,FALSE,TRUE,TRUE,FALSE,FALSE,FALSE,FALSE,TRUE,TRUE,FALSE,FALSE,FALSE,FALSE,FALSE,FALSE
37W3JXSD678LNINX6UW9GFN5JK7YWE,2,line,"I simply tried to even it out, take the highs and lows and what was in between to come up with an average.",FALSE,FALSE,TRUE,TRUE,FALSE,FALSE,FALSE,FALSE,FALSE,FALSE,FALSE,FALSE,FALSE,FALSE,FALSE,FALSE
37W3JXSD678LNINX6UW9GFN5LMPYW2,2,point,I considered the median and I also decided to see where the largest amount of points were and factored that into determining the average.,FALSE,FALSE,FALSE,FALSE,FALSE,FALSE,FALSE,FALSE,FALSE,FALSE,FALSE,FALSE,FALSE,FALSE,TRUE,TRUE
37Z929RLGA8WZF7UCJZ9B9S507CTSU,2,point,Trying my best to analyze the progression of the stock over time and making my best guess based on the information on each graph.,FALSE,FALSE,FALSE,FALSE,FALSE,FALSE,FALSE,FALSE,FALSE,FALSE,FALSE,FALSE,FALSE,FALSE,TRUE,TRUE
37ZHEEHM6XM5H0P891V7Y5SBJNY732,2,point,none,FALSE,FALSE,FALSE,FALSE,FALSE,FALSE,FALSE,FALSE,FALSE,FALSE,FALSE,FALSE,FALSE,FALSE,TRUE,TRUE
382M9COHEIFAP9H1BT5EROASG76EUP,2,line,I just tried to eyeball what it felt like the average would be.,FALSE,FALSE,FALSE,TRUE,FALSE,FALSE,FALSE,FALSE,FALSE,FALSE,FALSE,FALSE,TRUE,FALSE,FALSE,FALSE
382M9COHEIFAP9H1BT5EROASINLUEI,2,point,"Hai I also invester or trader in stock market, so I regularly check charts of the stocks, so I understand of average of the stocks",FALSE,FALSE,FALSE,FALSE,FALSE,FALSE,FALSE,FALSE,FALSE,FALSE,FALSE,FALSE,FALSE,FALSE,TRUE,TRUE
384PI804XT1VJ6A3EHBZRYQ06LYS0H,2,point_arc,I tried to keep the number of dots even for high and low and watched the length they were high and low to guess the numerical average,FALSE,FALSE,TRUE,TRUE,FALSE,FALSE,FALSE,FALSE,TRUE,TRUE,FALSE,FALSE,FALSE,FALSE,FALSE,FALSE
38F5OAUN5OCKB8W7OMK92ZTL0XT7HU,2,line,I tried to find what I thought was the midpoint of the line. I looked at it and imagined how it would look if I straightened it out. Then I picked the midpoint.,FALSE,FALSE,TRUE,TRUE,FALSE,FALSE,FALSE,FALSE,FALSE,FALSE,FALSE,FALSE,FALSE,FALSE,FALSE,FALSE
38F71OA9GUWJIFCOX2YYIWEYHG5MF0,2,point_arc,i have selected choices based on the graph decisions,FALSE,FALSE,FALSE,FALSE,FALSE,FALSE,FALSE,FALSE,FALSE,FALSE,FALSE,FALSE,FALSE,FALSE,TRUE,TRUE
38SKSKU7R2XJMOWTYY34LGC1XRFIL5,2,point,I tried to pick the averages of the chart graphs by analyzing the track of the future price.,FALSE,FALSE,FALSE,FALSE,FALSE,FALSE,FALSE,FALSE,FALSE,FALSE,FALSE,FALSE,FALSE,FALSE,TRUE,TRUE
38YMOXR4MVZJ4YDR0B1HXO3CMXHW6R,2,line,I looked at both high and low points of the graphs and tried to figure out the average.,TRUE,TRUE,TRUE,TRUE,FALSE,FALSE,FALSE,FALSE,FALSE,FALSE,FALSE,FALSE,FALSE,FALSE,FALSE,FALSE
3907X2AHF1552OXP1NBJFHE4GL3P2I,2,point_arc,"I tried to consider how many highs and lows there were and pick something in the middle. If the scatter plot had more dots throughout a certain line, I would assume that line was the average cost of the stock.",FALSE,FALSE,TRUE,TRUE,FALSE,FALSE,TRUE,TRUE,FALSE,FALSE,FALSE,FALSE,FALSE,FALSE,FALSE,FALSE
392CY0QWG2RNOGP8S64NZZAQAUC4I3,2,point,I tried to guess in the middle and then move up or down based on the amount of dots on either side. I tried to adjust depending on how far apart the dots were from another.,FALSE,FALSE,TRUE,TRUE,FALSE,FALSE,FALSE,FALSE,TRUE,TRUE,FALSE,FALSE,FALSE,FALSE,FALSE,FALSE
39DD6S19JQBRB8BBHG4M8GP7IRCEZ9,2,line,"visually speaking, i tried to set the bar to create a rectangle whose area is equal to the area under the graph.",FALSE,FALSE,TRUE,TRUE,FALSE,FALSE,FALSE,FALSE,FALSE,FALSE,TRUE,TRUE,FALSE,FALSE,FALSE,FALSE
39LNWE0K4VWM5EJN7CV5C38K8TJIUU,2,line,"I tried to do my best, but it would be helpful if some numbers would be provided. I just tried to find the average, based on each graph. When prices were mostly was low, I estimated lower average, when prices were mostly high, my average was higher. If the graph seemed to be symmetrical, my estimate was right in the middle.",FALSE,FALSE,TRUE,TRUE,FALSE,FALSE,FALSE,TRUE,FALSE,FALSE,FALSE,FALSE,FALSE,FALSE,FALSE,FALSE
39LOEL67OT59HEURJ6NDC5O6ULH83V,2,point_arc,"First of all I found out the highest point and the lowest point in the graph, then I approximately calculate the mid point in the graph and the I drag the slider to the average point in the graph.",TRUE,TRUE,TRUE,TRUE,FALSE,FALSE,FALSE,FALSE,FALSE,FALSE,FALSE,FALSE,FALSE,FALSE,FALSE,FALSE
39N5ACM9HFNG28IOMWQYP4MIJ9TP9N,2,point,I just tried to look at the overall picture and see about where the midpoint was.,FALSE,FALSE,TRUE,TRUE,FALSE,FALSE,FALSE,FALSE,FALSE,FALSE,FALSE,FALSE,FALSE,FALSE,FALSE,FALSE
39OWYR0EPLRJCW12G5M9CR15QQJFYJ,2,point_arc,"All investments involve some degree of risk.
 making future judgments.
 There are no guarantees of profits, or even that you will get your original investment back, but you might make money in two ways.",FALSE,FALSE,FALSE,FALSE,FALSE,FALSE,FALSE,FALSE,FALSE,FALSE,FALSE,FALSE,FALSE,FALSE,TRUE,TRUE
39RP059MEITT5Y08S0C2Z6ND2BUBMA,2,point,"I looked at the quantity of the levels, trying to get half above and half below the line, unless there was a strong grouping in some level that would pull it one way or another.",FALSE,FALSE,TRUE,TRUE,FALSE,FALSE,FALSE,FALSE,FALSE,FALSE,TRUE,TRUE,FALSE,FALSE,FALSE,FALSE
39RP059MEITT5Y08S0C2Z6ND465MBO,2,point_arc,"I found the part or parts that jagged off from the main pattern more than the other dots. I tried to move the bar to where those were considered, but also where the main pattern was. I also tried doing the opposite. I guessed based on where the majority of dots were, then moved the line based on how many and how far off the jagged off line was.",FALSE,FALSE,TRUE,TRUE,FALSE,FALSE,TRUE,TRUE,FALSE,FALSE,FALSE,FALSE,FALSE,FALSE,FALSE,FALSE
3A1COHJ8NKVOBM1QYRCFGZPGDBE8HN,2,point,I tried to find a median point between the highs and lows in the graph to help determine what an average would be.,TRUE,TRUE,FALSE,TRUE,FALSE,FALSE,FALSE,FALSE,FALSE,FALSE,FALSE,FALSE,FALSE,FALSE,FALSE,FALSE
3A4NIXBJ77Z5I7MKJD1WD9JIE58LM7,2,point,"Initial feel looking at graphic. Trying find average, it seems to be going long term. Seeing where long term it seems to settle on.",FALSE,FALSE,TRUE,TRUE,FALSE,FALSE,FALSE,TRUE,FALSE,FALSE,FALSE,FALSE,FALSE,FALSE,FALSE,FALSE
3AAJC4I4FHSZMOX3VHFD5W2ZPFDJZ2,2,point,"for me I looked at half the graph left to right and determined a midpoint, and then I adjusted that mid-point a little up or down depending on how the second half of the graph was.",FALSE,FALSE,TRUE,TRUE,TRUE,TRUE,FALSE,FALSE,FALSE,FALSE,FALSE,FALSE,FALSE,FALSE,FALSE,FALSE
3AQF3RZ559IHTCRWAMRHT0HCRUWF6H,2,line,"Price-to-earnings ratio. Looking at a companys price-to-earnings (P/E) ratio‚Äîthat is, its current stock price relative to its earnings per share‚Äîis useful for determining its intrinsic worth relative to its market value.",FALSE,FALSE,FALSE,FALSE,FALSE,FALSE,FALSE,FALSE,FALSE,FALSE,FALSE,FALSE,FALSE,FALSE,TRUE,TRUE
3ATPCQ38J9AOG5KU5P0HYQQERHZAY6,2,line,I considered the amount of ups and downs that the stock encountered based on the graph and tried to find the balance between the two of them to determine where the average might lie.,FALSE,FALSE,TRUE,TRUE,FALSE,FALSE,TRUE,TRUE,FALSE,FALSE,FALSE,FALSE,FALSE,FALSE,FALSE,FALSE
3ATPCQ38J9AOG5KU5P0HYQQESN7YAF,2,point,"I looked at the dots or price points and I attempted to scan for where the points landed the most for each individual chart. If there were a mix, I positioned my guess more towards the middle, and so on. But if there were any low points, I would move my average much lower on purpose, because I felt those would bring the average way down.",FALSE,TRUE,TRUE,TRUE,FALSE,FALSE,TRUE,TRUE,FALSE,FALSE,FALSE,FALSE,FALSE,FALSE,FALSE,FALSE
3AZHRG4CU5KRZPPOO2AYJQIOBNZ03U,2,point_arc,Understand and calculate the average stock methods,FALSE,FALSE,FALSE,FALSE,FALSE,FALSE,FALSE,FALSE,FALSE,FALSE,FALSE,FALSE,FALSE,FALSE,TRUE,TRUE
3B2X28YI3XFRGVFG5K5LAAQRAAD6BP,2,line,I was looking for a median point on the graph that would indicate an average stock price that would fall between the highest and lowest points.,TRUE,TRUE,TRUE,TRUE,FALSE,FALSE,FALSE,FALSE,FALSE,FALSE,FALSE,FALSE,FALSE,FALSE,FALSE,FALSE
3B3WTRP3DC2KA1HIKYFMTREP6C1291,2,line,I really didnt have a good grasp on the average so I just tried to pick a middle point for the overall ups and downs and i also considered how long the stock was up or down for and how it started and how it closed,FALSE,FALSE,TRUE,TRUE,FALSE,TRUE,FALSE,TRUE,FALSE,FALSE,FALSE,FALSE,FALSE,FALSE,FALSE,FALSE
3B837J3LDPWJJ0U28UUEBURNAKVSRQ,2,line,"usually looking at the overall picture to determine a middle ground between highs and lows. I spend a lot of my time looking at exponential moving averages, so while the normal averages are a bit different, I have an eye for it. Averages are a lagging indicator so it will never be right where the current price action is, but it will be somewhere a bit behind.",FALSE,FALSE,TRUE,TRUE,FALSE,FALSE,FALSE,FALSE,FALSE,FALSE,FALSE,FALSE,FALSE,FALSE,FALSE,FALSE
3BDCF01OGYU5COBY2GP7746PLSJLYI,2,line,I looked at the highs and lows and made an average choice,TRUE,TRUE,FALSE,FALSE,FALSE,FALSE,FALSE,FALSE,FALSE,FALSE,FALSE,FALSE,FALSE,FALSE,FALSE,FALSE
3BEFOD78W7T9KZFZDL2FRSH7VV74MI,2,point_arc,i took a decision very carefully,FALSE,FALSE,FALSE,FALSE,FALSE,FALSE,FALSE,FALSE,FALSE,FALSE,FALSE,FALSE,FALSE,FALSE,TRUE,TRUE
3BV8HQ2ZZX1MXLAOZ65PFZ6LUY76AN,2,point,"Looking at each graph I estimated the average stock price by visually comparing the dots location and how many there were and also the entire graph line shape. If it was shaped like a U for example, two high points with dots leading to a low then up again to end the graph, I believe then the average would be near the middle. Knowing that certain dots being too high or too low can skew the average. So if there was a cluster of dots really high or really low, I would assume the average was set closer to that cluster as these dots have a big effect on the average itself. Overall it just depends on the amount of dots in their locations relative to the graph and the shape/line the dots created.",FALSE,FALSE,TRUE,TRUE,FALSE,FALSE,FALSE,TRUE,FALSE,FALSE,FALSE,FALSE,FALSE,FALSE,FALSE,FALSE
3BXQMRHWK0Y81X9ESRTX4WF1R3KMUZ,2,point_arc,I based it on the dots being steady going straight across the chart,FALSE,FALSE,FALSE,FALSE,FALSE,FALSE,FALSE,FALSE,FALSE,FALSE,FALSE,FALSE,FALSE,FALSE,TRUE,TRUE
3C44YUNSI2PS5YV5YCV0B058A1HDPF,2,point,I just tried to average the number of dots at the low levels with the ones at high levels.,FALSE,FALSE,TRUE,TRUE,FALSE,FALSE,FALSE,FALSE,TRUE,TRUE,FALSE,FALSE,FALSE,FALSE,FALSE,FALSE
3C44YUNSI2PS5YV5YCV0B058A80PDO,2,point_arc,My decisions about the average stock price are based on ups and downs and price volatile of the stock.,FALSE,FALSE,FALSE,FALSE,FALSE,FALSE,TRUE,TRUE,FALSE,FALSE,FALSE,FALSE,FALSE,FALSE,FALSE,FALSE
3C5W7UE9CGQ0I139XW4KO3E5LAEMXI,2,point,"Just ""eyeballed"" it and made my best estimation.",FALSE,FALSE,FALSE,TRUE,FALSE,FALSE,FALSE,FALSE,FALSE,FALSE,FALSE,FALSE,TRUE,FALSE,FALSE,FALSE
3C8HJ7UOP8UPNW3OYES5LOUGT91MZ2,2,point,"1. trends of prices
 2. break even of prices
 3. up and down movements of stock",FALSE,FALSE,FALSE,TRUE,FALSE,FALSE,FALSE,TRUE,FALSE,FALSE,FALSE,FALSE,FALSE,FALSE,TRUE,FALSE
3C8HJ7UOP8UPNW3OYES5LOUGTLZMZO,2,point_arc,Decision of making judgment,FALSE,FALSE,FALSE,FALSE,FALSE,FALSE,FALSE,FALSE,FALSE,FALSE,FALSE,FALSE,FALSE,FALSE,TRUE,TRUE
3CCZ6YKWR8JC9Y052HHKRYH1QF4957,2,line,"size of high/low peaks, length they remained, find a middle",TRUE,TRUE,TRUE,TRUE,FALSE,FALSE,FALSE,TRUE,FALSE,FALSE,FALSE,FALSE,FALSE,FALSE,FALSE,FALSE
3CFVK00FWML3T41SWXUFODMWMMML6M,2,point,I tried to figure out the middle between the highs and lows.,TRUE,TRUE,TRUE,TRUE,FALSE,FALSE,FALSE,FALSE,FALSE,FALSE,FALSE,FALSE,FALSE,FALSE,FALSE,FALSE
3CN4LGXD5YO9EG4DWOQQLN4EZT64Y0,2,line,I just tried to visually find the median and that there were equal parts of the line above and below.,FALSE,FALSE,TRUE,TRUE,FALSE,FALSE,FALSE,FALSE,FALSE,FALSE,TRUE,TRUE,FALSE,FALSE,FALSE,FALSE
3D4CH1LGEBTAPVPPJD0BVV8QKLF9GK,2,point_arc,i viewed the graph and tried to notice any type of pattern or trends of similar prices. I tried to visually average all of the prices and went for a middle ground as my choice for the price to pick.,FALSE,FALSE,TRUE,TRUE,FALSE,FALSE,FALSE,FALSE,FALSE,TRUE,FALSE,FALSE,FALSE,FALSE,FALSE,FALSE
3D4CH1LGEBTAPVPPJD0BVV8QKP9G9T,2,point_arc,"I tried to determine where the average price was using the general flow of the graph. Its hard to explain, but I think I could ""feel"" where the average was. Whether it was an average of where the dots were on the graph or something that weighted my choice in a certain place, Im not exactly sure.",FALSE,FALSE,FALSE,FALSE,FALSE,FALSE,FALSE,FALSE,FALSE,FALSE,FALSE,FALSE,TRUE,TRUE,FALSE,FALSE
3D8YOU6S9FK6CUOM5BMGF0IF1WM6UC,2,point,I took into consideration the high and lows points on the graph. I also considered which point on the graph has the most points. I considered if there was a slope or not or if the graph showed a line or a huge curve.,TRUE,TRUE,TRUE,FALSE,FALSE,FALSE,FALSE,TRUE,FALSE,FALSE,FALSE,FALSE,FALSE,FALSE,FALSE,FALSE
3DH6GAKTYZPPHDS2HHGGFJHN0MBZY5,2,line,I tried to pick the mid point of the stocks,FALSE,FALSE,FALSE,FALSE,FALSE,FALSE,FALSE,FALSE,FALSE,FALSE,FALSE,FALSE,FALSE,FALSE,TRUE,TRUE
3DHE4R9OCXBZPB4QY4LWL80CFT7G2U,2,point_arc,The median for the dots.,FALSE,FALSE,FALSE,FALSE,FALSE,FALSE,FALSE,FALSE,FALSE,FALSE,FALSE,FALSE,FALSE,FALSE,TRUE,TRUE
3DR23U6WE6EVPW2CBOF4MSOQYU9ETB,2,point,"Judging the highs and the lowes
 Judging hard dips and fast rises",FALSE,TRUE,FALSE,FALSE,FALSE,FALSE,FALSE,TRUE,FALSE,FALSE,FALSE,FALSE,FALSE,FALSE,TRUE,FALSE
3DUZQ9U6SNOBC7BJHEZOCRGQWAEVSX,2,point,I tried to estimate the amount of dots that were above and below the median line.,FALSE,FALSE,FALSE,FALSE,FALSE,FALSE,FALSE,FALSE,TRUE,TRUE,FALSE,FALSE,FALSE,FALSE,FALSE,FALSE
3DY4FPOOA2OZBSB62PZJMHBUDAXRVE,2,point_arc,"I would try to guess the middle value, by looking at the side measure, and moving the marker to its place. If you turn your head sideways, you can estimate what halving the value, would land on.",FALSE,FALSE,TRUE,TRUE,FALSE,FALSE,FALSE,FALSE,FALSE,FALSE,FALSE,FALSE,FALSE,FALSE,FALSE,FALSE
3E13VNJ1NOV6WHSP5OLL113NXQ21II,2,line,"I tried to estimate a spot of the graph that I could put the marker to divide both sides into an equal amount of blue line, i figure by doing this I would have close to the average of the stock price.",FALSE,FALSE,TRUE,TRUE,FALSE,FALSE,FALSE,FALSE,TRUE,TRUE,FALSE,FALSE,FALSE,FALSE,FALSE,FALSE
3E47SOBEYRWQJK2NLLA5IXME275CI0,2,point,I tried to get as many dots above my line as below.,FALSE,FALSE,TRUE,TRUE,FALSE,FALSE,FALSE,FALSE,TRUE,TRUE,FALSE,FALSE,FALSE,FALSE,FALSE,FALSE
3EF8EXOTT2V2RSCVN66LD2INA3K1JJ,2,line,I tried and guessed what the average would be.,FALSE,FALSE,FALSE,FALSE,FALSE,FALSE,FALSE,FALSE,FALSE,FALSE,FALSE,FALSE,FALSE,FALSE,TRUE,TRUE
3EFE17QCRD56U6GZCPIKXQPHPK0HS5,2,point_arc,I made those decisions based on the graph positions. I pointed out the mid-line as the average stock price.,FALSE,FALSE,FALSE,FALSE,FALSE,FALSE,FALSE,FALSE,FALSE,FALSE,FALSE,FALSE,FALSE,FALSE,TRUE,TRUE
3EFE17QCRD56U6GZCPIKXQPIT57HSO,2,point_arc,I estimated how many times in hit one point and lined up the line where it showed to cross or be close to on the graph,FALSE,FALSE,FALSE,FALSE,FALSE,FALSE,FALSE,FALSE,FALSE,FALSE,FALSE,FALSE,FALSE,FALSE,TRUE,TRUE
3EG49X351VCYTYIHAGX3Z7HJUWOX6F,2,point,How the graph was even at all times,FALSE,FALSE,FALSE,FALSE,FALSE,FALSE,FALSE,FALSE,FALSE,FALSE,FALSE,FALSE,FALSE,FALSE,TRUE,TRUE
3EICBYG645WMEVMT33V5UY1EJP8CJ0,2,point_arc,I tried to slice the middle of the range.,TRUE,TRUE,FALSE,FALSE,FALSE,FALSE,FALSE,FALSE,FALSE,FALSE,FALSE,TRUE,FALSE,FALSE,FALSE,FALSE
3EJPLAJKENGNYTIWBYLOWSXU1RGZ6X,2,line,I looked at the highs and lows because I know averages are very affected by spikes and dips. I then looked at the place where the line seemed to hover and adjusted it up or down depending on if there were spikes (adjust up) or large dips (adjust the average down).,TRUE,TRUE,TRUE,TRUE,FALSE,FALSE,FALSE,FALSE,FALSE,FALSE,FALSE,FALSE,FALSE,FALSE,FALSE,FALSE
3EO896NRAXV30CO4PPQVJ81I4TBTJ0,2,point,"Depending on how the end of the chart looks, I draw a different strategy. If the chart is rallying, I believe the average price is at the low before this rally. If the chart is going down, I place it at the lowest low there was throughout the chart.",FALSE,FALSE,FALSE,FALSE,FALSE,TRUE,FALSE,FALSE,FALSE,FALSE,FALSE,FALSE,FALSE,FALSE,TRUE,FALSE
3ERET4BTVN9FRHL894LQTN0JNCMK94,2,line,I tried to estimate my predictions by the length of upturns and downturns to get an average.,FALSE,FALSE,TRUE,TRUE,FALSE,FALSE,TRUE,TRUE,FALSE,FALSE,FALSE,FALSE,FALSE,FALSE,FALSE,FALSE
3ERET4BTVN9FRHL894LQTN0JP0FK9B,2,point,"Number of points, distribution of points",FALSE,FALSE,FALSE,FALSE,FALSE,FALSE,FALSE,FALSE,FALSE,FALSE,FALSE,FALSE,FALSE,FALSE,TRUE,TRUE
3ERMJ6L4DZS63MXIFJ0MU41HHJV7M6,2,line,"In making my decisions, I visually ""shaded"" the areas beneath the prices down and over to the x- and y-axis, respectively. I then placed the Estimate Line at a position to where the shaded area above the line was equal to the amount of ""open space"" below the Line.",FALSE,FALSE,TRUE,TRUE,FALSE,FALSE,FALSE,FALSE,FALSE,FALSE,TRUE,TRUE,FALSE,FALSE,FALSE,FALSE
3ERMJ6L4DZS63MXIFJ0MU41HHY3M7N,2,line,I tried to figure out how long the line on the graph was and tried to have it half above and half below,FALSE,FALSE,TRUE,TRUE,FALSE,FALSE,FALSE,FALSE,TRUE,TRUE,FALSE,FALSE,FALSE,FALSE,FALSE,FALSE
3ERMJ6L4DZS63MXIFJ0MU41HJSM7MH,2,point_arc,n/a,FALSE,FALSE,FALSE,FALSE,FALSE,FALSE,FALSE,FALSE,FALSE,FALSE,FALSE,FALSE,FALSE,FALSE,TRUE,TRUE
3EWIJTFFVP7U9N5LDMRU2HML2CPE0Z,2,point_arc,increase and decrease in the graph,FALSE,FALSE,FALSE,FALSE,FALSE,FALSE,FALSE,FALSE,FALSE,FALSE,FALSE,FALSE,FALSE,FALSE,TRUE,TRUE
3EWIJTFFVP7U9N5LDMRU2HML2CQ0EM,2,point_arc,Well I have had some investment experience but for this test I had found the average between the lowest and highest points of the graph while also considering sudden drops and raises.,FALSE,FALSE,FALSE,TRUE,FALSE,FALSE,TRUE,TRUE,FALSE,FALSE,FALSE,FALSE,FALSE,FALSE,FALSE,FALSE
3F0BG9B9MQN6X3MWYMOXOZOOS207Y7,2,point_arc,Very interest,FALSE,FALSE,FALSE,FALSE,FALSE,FALSE,FALSE,FALSE,FALSE,FALSE,FALSE,FALSE,FALSE,FALSE,TRUE,TRUE
3F6HPJW4JE0VMXUQD9PE7BM06C7W26,2,point,"The number of points above and below the line, and what their approximate total magnitudes are.",FALSE,FALSE,TRUE,TRUE,FALSE,FALSE,FALSE,FALSE,TRUE,TRUE,FALSE,FALSE,FALSE,FALSE,FALSE,FALSE
3F6HPJW4JE0VMXUQD9PE7BM06EE2WN,2,point_arc,I made my decision according to the the rise and fall of the stock prices in the graph.,FALSE,FALSE,FALSE,FALSE,FALSE,FALSE,TRUE,TRUE,FALSE,FALSE,FALSE,FALSE,FALSE,FALSE,FALSE,FALSE
3F6KKYWMNC1S2DJSIXI87B0DAL1NDC,2,point,"I generally tried to look at the amount of time the stock price moved above or below the staring price to determine a rough average, rather than just looking at the physical median between the two.",FALSE,FALSE,TRUE,TRUE,FALSE,FALSE,FALSE,FALSE,TRUE,TRUE,FALSE,FALSE,FALSE,FALSE,FALSE,FALSE
3FE2ERCCZY8J9VMUOL9GMUH7CW6OP1,2,point,I tried to find the best medium points and consistent numbers.,FALSE,FALSE,FALSE,FALSE,FALSE,FALSE,FALSE,FALSE,FALSE,FALSE,FALSE,FALSE,FALSE,FALSE,TRUE,TRUE
3FFJ6VRIL2O6PS7795HLNWKDTIL0I8,2,point,I went were the cruve was heaviest,FALSE,FALSE,FALSE,FALSE,FALSE,FALSE,FALSE,FALSE,FALSE,FALSE,FALSE,FALSE,FALSE,FALSE,TRUE,TRUE
3FIJLY1B6V4P3I91PIQQZ08TKQ4PFV,2,line,"look at length of time the stock is up versus down
 the longer the stock is up the higher the average and visa versa",FALSE,FALSE,FALSE,FALSE,FALSE,FALSE,FALSE,TRUE,TRUE,FALSE,FALSE,FALSE,FALSE,FALSE,FALSE,FALSE
3FQ5JJ512MO0GJP2AE4VBOV3STDKNX,2,line,"I would try to look at the middle point/graph for many, but doing so would mislead me. Because there are many graphs with sharp increases and decreases, I try to avoid the middle point when deciding on average. Lots of time, it is just guessing.",FALSE,FALSE,TRUE,TRUE,FALSE,FALSE,FALSE,FALSE,FALSE,FALSE,FALSE,FALSE,TRUE,TRUE,FALSE,FALSE
3FQ5JJ512MO0GJP2AE4VBOV3TFANK6,2,point,I looked for areas in the chart where the price stayed the same for a decent amount of time. I tried to find the line where I thought the average price was.,FALSE,FALSE,TRUE,TRUE,FALSE,FALSE,FALSE,TRUE,FALSE,FALSE,FALSE,FALSE,FALSE,FALSE,FALSE,FALSE
3FTF2T8WLSI6MHFPYI4THYUECLF9WF,2,point_arc,by lookinng the graph of stock,FALSE,FALSE,FALSE,FALSE,FALSE,FALSE,FALSE,FALSE,FALSE,FALSE,FALSE,FALSE,FALSE,FALSE,TRUE,TRUE
3G0WWMR1UWKMRMNXNJOS7A7CVZVQNP,2,point_arc,I tried to pick what I thought the best average was. I tried to look at the intervals in between the high and low prices and make my decisions accordingly.,TRUE,TRUE,TRUE,TRUE,FALSE,FALSE,FALSE,FALSE,FALSE,FALSE,FALSE,FALSE,FALSE,FALSE,FALSE,FALSE
3G5W44VEU8IU6R8GNAR0L4M6TQGKGY,2,point_arc,average stock price increase and decreased value in mention to graph sheets,FALSE,FALSE,FALSE,FALSE,FALSE,FALSE,FALSE,FALSE,FALSE,FALSE,FALSE,FALSE,FALSE,FALSE,TRUE,TRUE
3GD6L00D3TXSS0IGQ3JDTUA4E17M18,2,line,I tried to look at the fluctuation and guess the average based on the graphs.,FALSE,FALSE,FALSE,TRUE,FALSE,FALSE,TRUE,TRUE,FALSE,FALSE,FALSE,FALSE,FALSE,FALSE,FALSE,FALSE
3GD6L00D3TXSS0IGQ3JDTUA4F1I1MZ,2,point,i was paying attention to concentration and trying to aim for the midline of that,FALSE,FALSE,TRUE,TRUE,FALSE,FALSE,FALSE,FALSE,FALSE,FALSE,FALSE,FALSE,FALSE,FALSE,FALSE,FALSE
3GD6L00D3TXSS0IGQ3JDTUA4GZ3M12,2,point,I analyzed the graph and tried to plot a mean line according to the angle of the curve. It is important to analyze whether the chart remained longer with an uptrend or downtrend and the degree of low/high curvature. The time the chart remained stable helped a lot to draw an average line.,FALSE,FALSE,TRUE,TRUE,FALSE,FALSE,TRUE,TRUE,FALSE,FALSE,FALSE,FALSE,FALSE,FALSE,FALSE,FALSE
3GFK2QRXXAHNLUDDVSRC5IPCP0R5W0,2,point,for the most part trying to get the dots even on top and bottom of the line,FALSE,FALSE,FALSE,FALSE,FALSE,FALSE,FALSE,FALSE,TRUE,TRUE,FALSE,FALSE,FALSE,FALSE,FALSE,FALSE
3GGAI1SQEWYCF3SE608XAQTVIDQCMA,2,point,I considered the overall arc of the prices as well as where they spent most of the time within the graph.,FALSE,FALSE,FALSE,FALSE,FALSE,FALSE,FALSE,TRUE,TRUE,FALSE,FALSE,FALSE,FALSE,FALSE,FALSE,FALSE
3GNA64GUZF4I1XHRJJS6DT7Q0EN5Q2,2,line,I tried to visualize the average level based on the peaks and valleys.,TRUE,TRUE,TRUE,TRUE,FALSE,FALSE,FALSE,FALSE,FALSE,FALSE,FALSE,FALSE,FALSE,FALSE,FALSE,FALSE
3GNCZX450JNU7RSTE24YLZX2NFYAPK,2,point,"I tried to discount any unusual highs or lows, and focus instead on the average range of stock prices in each graph.",FALSE,TRUE,TRUE,TRUE,FALSE,FALSE,TRUE,TRUE,FALSE,FALSE,FALSE,FALSE,FALSE,FALSE,FALSE,FALSE
3GNCZX450JNU7RSTE24YLZX2O0KPAS,2,point,I tried to come up with balance points relative to the # of points above and below the average price. I also tried to balance the area.,FALSE,FALSE,TRUE,TRUE,FALSE,FALSE,FALSE,FALSE,TRUE,TRUE,FALSE,FALSE,FALSE,FALSE,FALSE,FALSE
3H7XDTSHKDRL1R2XCOA39FG1E3AWG1,2,line,"The amount of peaks, where the highs and lows were, how long was it high or low and guessing a the mid point.",TRUE,TRUE,TRUE,TRUE,FALSE,FALSE,FALSE,FALSE,FALSE,FALSE,FALSE,FALSE,FALSE,FALSE,FALSE,FALSE
3H7Z272LX87B3AJXBTTOUDDDHNQLPY,2,line,"I tried to take into consideration the fluctuations
 I tried to determine in the lows and highs counter-balanced each other
 I tried to mentally figure out the best estimated based on studying the graphs",FALSE,TRUE,FALSE,FALSE,FALSE,FALSE,TRUE,TRUE,FALSE,FALSE,FALSE,FALSE,FALSE,FALSE,FALSE,FALSE
3H8DHMCCWABRU7YPLKQSFJJ9EP3DK0,2,line,I just adjusted the red line so that there was about the same area above and below in the regions between it and the blue plot.,FALSE,FALSE,TRUE,TRUE,FALSE,FALSE,FALSE,FALSE,FALSE,FALSE,TRUE,TRUE,FALSE,FALSE,FALSE,FALSE
3H8DHMCCWABRU7YPLKQSFJJ9GYUKDI,2,point_arc,I am very interested. An estimated price is a forecast that is related to the price of goods or project.,FALSE,FALSE,FALSE,FALSE,FALSE,FALSE,FALSE,FALSE,FALSE,FALSE,FALSE,FALSE,FALSE,FALSE,TRUE,TRUE
3HHRAGRYX95YH86N7WDJ04HS7DSO9G,2,line,I was looking at how long the line was above a certain height and below the certain height. I tried to determine where the middle line would be considering the length of time it was up or down and moved my line to be where it was about the center of that space. I tried to measure the length of the line so I could decide also how long it had been up at a level or down. I tried to ignore all the sharp jagged moves and just find the middle.,FALSE,FALSE,TRUE,TRUE,FALSE,FALSE,TRUE,TRUE,TRUE,TRUE,FALSE,FALSE,FALSE,FALSE,FALSE,FALSE
3HL8HNGX4614BVTU8TUTDA8EHDK9F2,2,point,I considered the height of the highs and lows. I considered the lengths of the highs and lows. I considered the extreme highest and lowest points.,TRUE,TRUE,TRUE,TRUE,FALSE,FALSE,FALSE,FALSE,FALSE,FALSE,FALSE,FALSE,FALSE,FALSE,FALSE,FALSE
3HMIGG0U4M6AXHRF8RG32ZKJ1SJY88,2,line,I LOOKED AT THE PARTS OF THE GRAPH THAT WERE THE LONGEST AND CAME UP WITH AN ESTIMATE AND THEN LOOKED AT THE REST OF THE GRAPH AND ADJUSTED UPWARD OR DOWNWARD BASED ON HOW THE REST OF THE GRAPH COMPARED TO THE LONGEST PART OF THE GRAPH. I WONDER IF THAT MAKES SENSE?,FALSE,FALSE,TRUE,TRUE,FALSE,FALSE,FALSE,FALSE,FALSE,FALSE,FALSE,FALSE,FALSE,FALSE,FALSE,FALSE
3HMVI3QICKSSMH7U967ONPXBQW5Y13,2,point_arc,I looked for where the most frequent marks on the graph were.,FALSE,FALSE,TRUE,TRUE,FALSE,FALSE,FALSE,TRUE,FALSE,FALSE,FALSE,FALSE,FALSE,FALSE,FALSE,FALSE
3HQUKB7LNGEH4X2J1V6LTCIFGYUHH9,2,point,I just tried to determine where I believed the average was.,FALSE,FALSE,FALSE,FALSE,FALSE,FALSE,FALSE,FALSE,FALSE,FALSE,FALSE,FALSE,FALSE,FALSE,TRUE,TRUE
3HRMW88U17QSLBXYUKFDFPRU97F0MT,2,line,I used mental calculations to assume what would be the average based on the spike fluctuations.,FALSE,FALSE,TRUE,TRUE,FALSE,FALSE,TRUE,TRUE,FALSE,FALSE,FALSE,FALSE,FALSE,FALSE,FALSE,FALSE
3HRMW88U17QSLBXYUKFDFPRUB7XM0Z,2,point,"Conservative capital structure, earnings momemtum",FALSE,FALSE,FALSE,FALSE,FALSE,FALSE,FALSE,FALSE,FALSE,FALSE,FALSE,FALSE,FALSE,FALSE,TRUE,TRUE
3HUTX6F6VVNNHOLOMNY4QH9E1BNO21,2,line,I tried to visualize the areas above and below the line I was moving and tried my best to equalize them. Its hard to explain how I was doing that.,FALSE,FALSE,TRUE,TRUE,FALSE,FALSE,FALSE,FALSE,FALSE,FALSE,TRUE,TRUE,FALSE,FALSE,FALSE,FALSE
3I2PTA7R3UULJG2UQ6WCFIQ8ZDJKQN,2,point_arc,I just compared how many dots were on the top half and how many were on the bottom half and put the line in what seemed like the middle of the two,FALSE,FALSE,TRUE,TRUE,FALSE,FALSE,FALSE,FALSE,TRUE,TRUE,FALSE,FALSE,FALSE,FALSE,FALSE,FALSE
3I7DHKZYGO0LA8RI53HC1U3CTC75F1,2,line,"I just looked at how long the highs and lows were and gave more weight to the longer periods. The longer the high, the higher I made my estimate and vice versa.",TRUE,TRUE,TRUE,TRUE,FALSE,FALSE,FALSE,TRUE,FALSE,FALSE,FALSE,FALSE,FALSE,FALSE,FALSE,FALSE
3IAS3U3I0GG3YUWFIITIKX9FUC32BA,2,line,I tried to look at up days and down days and make a balanced line relative to those values.,FALSE,FALSE,TRUE,TRUE,FALSE,FALSE,FALSE,FALSE,FALSE,FALSE,FALSE,FALSE,FALSE,FALSE,FALSE,FALSE
3IFS6Q0HJJJ6Q1RJI705X2QWSG6ISV,2,point_arc,"I looked at the region between my average line and the data points. I tried to get it so the area above and below the lines was the equal. This seemed like a decent way to be able to visually judge things rather than trying to mentally ""compute"" an average directly from the dots.",FALSE,FALSE,TRUE,FALSE,FALSE,FALSE,FALSE,FALSE,FALSE,FALSE,TRUE,TRUE,FALSE,FALSE,FALSE,FALSE
3IHR8NYAM81F52CC51U78WB2VM34P2,2,line,I considered how much it went up or down and tried to estimate.,FALSE,FALSE,FALSE,FALSE,FALSE,FALSE,TRUE,TRUE,FALSE,FALSE,FALSE,FALSE,FALSE,FALSE,FALSE,FALSE
3IHR8NYAM81F52CC51U78WB2VP94PE,2,line,I tried to get half of the trend line above and half of the trend line below the average line and where I placed it.,FALSE,FALSE,FALSE,FALSE,FALSE,FALSE,FALSE,FALSE,TRUE,TRUE,FALSE,FALSE,FALSE,FALSE,FALSE,FALSE
3IO1LGZLKAX8EXH928LBJ80Q4CJ861,2,point_arc,I made decision based on the high and low price differences.,TRUE,TRUE,FALSE,FALSE,FALSE,FALSE,FALSE,FALSE,FALSE,FALSE,FALSE,FALSE,FALSE,FALSE,FALSE,FALSE
3IO1LGZLKAX8EXH928LBJ80Q4FV86J,2,point_arc,I looked at the peaks and dips. I estimated what the average would be for the whole chart.,TRUE,TRUE,TRUE,TRUE,FALSE,FALSE,FALSE,FALSE,FALSE,FALSE,FALSE,FALSE,FALSE,FALSE,FALSE,FALSE
3IOEN3P9S8JQ3XXO3NCW4YDIOXE16R,2,line,"The average stock price was determined by the movement of the graph. For example, if the graph stays low most of the time then the average price will also be on the lower side.",FALSE,FALSE,FALSE,FALSE,FALSE,FALSE,TRUE,TRUE,FALSE,FALSE,FALSE,FALSE,FALSE,FALSE,FALSE,FALSE
3IQ1VMJRYUK9F4CMXD81Z9XNN439A2,2,point_arc,The high peaks and the bottom lows of the price. Where was the price hovering around throughout the majority of the chart graph.,TRUE,TRUE,FALSE,FALSE,FALSE,FALSE,FALSE,TRUE,FALSE,FALSE,FALSE,FALSE,FALSE,FALSE,FALSE,FALSE
3IRIK4HM3BKAQ07MJK1GLUW9WGH6CA,2,point_arc,I tried visualizing a smoothed out trend (model) by connecting the dots and dragged the bar to divide the area above and below it evenly as bound by the model.,FALSE,FALSE,TRUE,TRUE,FALSE,FALSE,FALSE,FALSE,FALSE,FALSE,FALSE,TRUE,FALSE,FALSE,FALSE,FALSE
3ITXP059PXJ2LCBP0PL5935W2CBJSJ,2,point_arc,JUST SPLITED THEM EQUALLY INTO TWO HALVES.,FALSE,FALSE,TRUE,TRUE,FALSE,FALSE,FALSE,FALSE,TRUE,TRUE,FALSE,FALSE,FALSE,FALSE,FALSE,FALSE
3IXEICO793JRCH9X56W6A4WDIIF6TL,2,point,considered the stock price and determine the average stock price,FALSE,FALSE,FALSE,FALSE,FALSE,FALSE,FALSE,FALSE,FALSE,FALSE,FALSE,FALSE,FALSE,FALSE,TRUE,TRUE
3JAOYWH7VJ4QBN3QU4XR8NDYE619LW,2,point,"I looked at the graph and determined the average price by a sliding scale, how much of the graph was consumed by a lower and higher price, then placed around where I thought the middle ground was located.",FALSE,FALSE,FALSE,FALSE,FALSE,FALSE,FALSE,FALSE,TRUE,TRUE,FALSE,FALSE,FALSE,FALSE,FALSE,FALSE
3JAOYWH7VJ4QBN3QU4XR8NDYEDKL95,2,point_arc,I ALREADY HAVE AN EXPERIENCE TO DECIDE AVERAGE.I HAVE CONSIDER PEAKS AND DOWNS TO SELECT THE AVERAGE,FALSE,FALSE,FALSE,FALSE,FALSE,FALSE,TRUE,TRUE,FALSE,FALSE,FALSE,FALSE,FALSE,FALSE,FALSE,FALSE
3JAOYWH7VJ4QBN3QU4XR8NDYG1B9LY,2,point_arc,I tried to use my intuition and quickly analyze a midpoint.,FALSE,FALSE,FALSE,FALSE,FALSE,FALSE,FALSE,FALSE,FALSE,FALSE,FALSE,FALSE,FALSE,FALSE,TRUE,TRUE
3JCG6DTRV4Q7UJ0P3BG9B42HYAAQQ2,2,point,"Check your emotions at the door.
 Pick companies, not stocks.
 Plan ahead for panicky times.
 Build up your stock positions with a minimum of risk.
 Avoid trading overactivity.",FALSE,FALSE,FALSE,FALSE,FALSE,FALSE,FALSE,FALSE,FALSE,FALSE,FALSE,FALSE,FALSE,FALSE,TRUE,TRUE
3JPSL1DZ5TZU46GGYNR6HAS7NPAANF,2,line,I considered the high price and the low price and find the middle then I look at how much of the year was high and how much of the year was low and adjust the average point giving weight to how long the price stayed high or low.,TRUE,TRUE,TRUE,TRUE,FALSE,FALSE,FALSE,TRUE,FALSE,FALSE,FALSE,FALSE,FALSE,FALSE,FALSE,FALSE
3JPSL1DZ5TZU46GGYNR6HAS7PQ8ANH,2,point_arc,It is all about shown in graphs.,FALSE,FALSE,FALSE,FALSE,FALSE,FALSE,FALSE,FALSE,FALSE,FALSE,FALSE,FALSE,FALSE,FALSE,TRUE,TRUE
3JV9LGBJWUEDWITVL2JTSL3FB1CGOA,2,line,the start and end points of the prices; long trends in; sharp peaks and valleys; areas under/over the curves,FALSE,FALSE,FALSE,FALSE,TRUE,TRUE,TRUE,TRUE,FALSE,FALSE,FALSE,FALSE,FALSE,FALSE,FALSE,FALSE
3JV9LGBJWUEDWITVL2JTSL3FDO1OGJ,2,point,I looked to see if the stock price was moving up or down in a steady line or if there were a lot of price fluctuations. I compared how long the price was going up or down to judge how strong a price reversal was. I also looked to see the spread between the upper and lower prices and consider the number of fluctuations in price.,FALSE,FALSE,TRUE,TRUE,FALSE,FALSE,TRUE,TRUE,FALSE,FALSE,FALSE,FALSE,FALSE,FALSE,FALSE,FALSE
3K2755HG5T3GEL6BK9ZVZ6R5CN9FDJ,2,point_arc,I tried to get an idea of how many dots were above and below the line I made to see if they seemed even.,FALSE,FALSE,TRUE,TRUE,FALSE,FALSE,FALSE,FALSE,TRUE,TRUE,FALSE,FALSE,FALSE,FALSE,FALSE,FALSE
3K3R2QNK8C3TUDQK3IPSZA9HTHZU9M,2,point_arc,I looked at the highest point and lowest point. I took that information and tried to find an average.,TRUE,TRUE,FALSE,FALSE,FALSE,FALSE,FALSE,FALSE,FALSE,FALSE,FALSE,FALSE,FALSE,FALSE,FALSE,FALSE
3K4J6M3CXFTOUEZUBJEBRQJAOEGGA9,2,point_arc,The main advantage of averaging down is that an investor can bring down the average cost of a stock holding substantially,FALSE,FALSE,FALSE,FALSE,FALSE,FALSE,FALSE,FALSE,FALSE,FALSE,FALSE,FALSE,FALSE,FALSE,TRUE,TRUE
3K4J6M3CXFTOUEZUBJEBRQJAOFJGAE,2,point_arc,i think its better average,FALSE,FALSE,FALSE,FALSE,FALSE,FALSE,FALSE,FALSE,FALSE,FALSE,FALSE,FALSE,FALSE,FALSE,TRUE,TRUE
3K5TEWLKGWBMIT8NC25A8PA3O19IV4,2,point_arc,"Good current and projected profitability
 Favorable asset utilization
 Conservative capital structure.",FALSE,FALSE,FALSE,FALSE,FALSE,FALSE,FALSE,FALSE,FALSE,FALSE,FALSE,FALSE,FALSE,FALSE,TRUE,TRUE
3K5TEWLKGWBMIT8NC25A8PA3OUQIV7,2,point,I looked at things like where the line stayed at the most.,FALSE,FALSE,FALSE,FALSE,FALSE,FALSE,FALSE,TRUE,FALSE,FALSE,FALSE,FALSE,FALSE,FALSE,TRUE,FALSE
3KGTPGBS6YLIUT5LI9ADPN13KB2U24,2,point,I looked at the highest points and the lowest points and tried to value it somewhere in the middle.,TRUE,TRUE,TRUE,TRUE,FALSE,FALSE,FALSE,FALSE,FALSE,FALSE,FALSE,FALSE,FALSE,FALSE,FALSE,FALSE
3KGTPGBS6YLIUT5LI9ADPN13LY4U2H,2,point_arc,By comparing the high and low price i have made my average price.,TRUE,TRUE,TRUE,TRUE,FALSE,FALSE,FALSE,FALSE,FALSE,FALSE,FALSE,FALSE,FALSE,FALSE,FALSE,FALSE
3KIBXJ1WD6UIY4PEBT48QDV8KXQOKE,2,point,"Mostly just intuition, and I think having some general idea of how averages work looking at a graph (nothing I could technically explain)",FALSE,FALSE,FALSE,FALSE,FALSE,FALSE,FALSE,FALSE,FALSE,FALSE,FALSE,FALSE,TRUE,TRUE,FALSE,FALSE
3KKG4CDWKJYUDFW5OCYAM6BNV1J49C,2,point_arc,I looked for the midpoint and then adjusted up or down depending on how dense the data points were.,TRUE,FALSE,FALSE,TRUE,FALSE,FALSE,FALSE,TRUE,FALSE,FALSE,FALSE,FALSE,FALSE,FALSE,FALSE,FALSE
3KMS4QQVK3QOSRCLCQLI3JMURTXKFF,2,point,looked at the graph and tried to estimate the number of dots on the high side and the low side and went where I thought the middle would be,FALSE,FALSE,TRUE,TRUE,FALSE,FALSE,FALSE,FALSE,TRUE,TRUE,FALSE,FALSE,FALSE,FALSE,FALSE,FALSE
3KRVW3HTZOLSMKHA3MYXPVXD68PMSD,2,point_arc,I put it in the middle where the line was most of the time,FALSE,FALSE,TRUE,TRUE,FALSE,FALSE,FALSE,TRUE,FALSE,FALSE,FALSE,FALSE,FALSE,FALSE,TRUE,TRUE
3KV0LJBBH3LGL5HXOXYSZLSHIV7RM7,2,line,"If the graph had too many spikes ( lows and highs) I tried to find the average. If the graph had a steady upward or downward slope, I chose the lowest average I could think of.",FALSE,FALSE,FALSE,FALSE,FALSE,FALSE,TRUE,TRUE,FALSE,FALSE,FALSE,FALSE,FALSE,FALSE,FALSE,FALSE
3KV0LJBBH3LGL5HXOXYSZLSHJHFRMO,2,point,How long each trend lasted. How high/low it went.,FALSE,FALSE,FALSE,FALSE,FALSE,FALSE,TRUE,TRUE,FALSE,FALSE,FALSE,FALSE,FALSE,FALSE,FALSE,FALSE
3KWTYT087137A01EREKAW78WQGE5L7,2,line,I looked at where the points were for more than one area.,FALSE,FALSE,TRUE,TRUE,FALSE,FALSE,FALSE,FALSE,FALSE,FALSE,FALSE,FALSE,FALSE,FALSE,FALSE,FALSE
3KWTYT087137A01EREKAW78WSH1L5E,2,point_arc,I would looking at how it close for the day,FALSE,FALSE,FALSE,FALSE,FALSE,FALSE,FALSE,FALSE,FALSE,FALSE,FALSE,FALSE,FALSE,FALSE,TRUE,TRUE
3KXIR214I5GJDVB633JVCJ39KK042K,2,line,I tried to find the middle ground between low and high swings in the graph. I tried find what appeared to be the average from the data provided.,TRUE,TRUE,TRUE,TRUE,FALSE,FALSE,FALSE,FALSE,FALSE,FALSE,FALSE,FALSE,FALSE,FALSE,FALSE,FALSE
3L70J4KAZHMLIUP39TD3L5GDBM0DAW,2,point_arc,"Because good business its standard its very level, one day its high other day its very low its not a stock price, everyday have a good result of me.",FALSE,FALSE,FALSE,FALSE,FALSE,FALSE,FALSE,FALSE,FALSE,FALSE,FALSE,FALSE,FALSE,FALSE,TRUE,TRUE
3LEIZ60CDKZAGCKU95O0G2OWRDK9ZK,2,line,"The length of the lines above and below my average, but mostly just a feel.",FALSE,FALSE,FALSE,FALSE,FALSE,FALSE,FALSE,FALSE,TRUE,TRUE,FALSE,FALSE,TRUE,TRUE,FALSE,FALSE
3LEP4MGT3H0Q14UVF7DZGG0JRVSDBE,2,line,I tried to choose a level where the volume of the bottom equaled the volume above the line. I tried to adjust for sharp zig zags and to consider the length of time the stock spent up or down in price.,FALSE,FALSE,FALSE,FALSE,FALSE,FALSE,TRUE,TRUE,TRUE,FALSE,FALSE,TRUE,FALSE,FALSE,FALSE,FALSE
3LJ7UR74RIDF2H0ZPMHF4767XG6N4D,2,point_arc,I was clearly noticed the graph and give my best answer for it. I hope that I will give my best answers.,FALSE,FALSE,FALSE,FALSE,FALSE,FALSE,FALSE,FALSE,FALSE,FALSE,FALSE,FALSE,FALSE,FALSE,TRUE,TRUE
3LOTDFNYA8ZFNR62144LRUGPDGDWFP,2,line,I look at the average high and the average low,FALSE,TRUE,FALSE,FALSE,FALSE,FALSE,FALSE,FALSE,FALSE,FALSE,FALSE,FALSE,FALSE,FALSE,TRUE,TRUE
3LPW2N6LKU2ATQO80SCBNU4F3I15UH,2,point,I considered how far up or down the stock price had moved over time,FALSE,FALSE,FALSE,FALSE,FALSE,FALSE,FALSE,FALSE,FALSE,FALSE,FALSE,FALSE,FALSE,FALSE,TRUE,TRUE
3LRKMWOKB6HZGSZVOW9L6FGINCHZ21,2,point,I looked at primarily the visual of the mid point. But also looked at the amount of fluctuations and compared the amount of dots.,FALSE,FALSE,TRUE,TRUE,FALSE,FALSE,TRUE,TRUE,TRUE,TRUE,FALSE,FALSE,FALSE,FALSE,FALSE,FALSE
3LUY3GC6300COPUV7ZSEB8VCOOXP7D,2,point,"I just tried to find the average, where there were an equal amount of dots above and below the line",FALSE,FALSE,FALSE,FALSE,FALSE,FALSE,FALSE,FALSE,TRUE,TRUE,FALSE,FALSE,FALSE,FALSE,FALSE,FALSE
3LWJHTCVCDMA3UAGPV5FZ5Y3R4WFQK,2,point,TRIED TO KEEP THE NUMBER OF DATA POINTS EVEN ON EACH SIDE,FALSE,FALSE,FALSE,FALSE,FALSE,FALSE,FALSE,FALSE,TRUE,TRUE,FALSE,FALSE,FALSE,FALSE,FALSE,FALSE
3LYA37P8IRNYFA057OZMKTV9BCPKBE,2,line,I tried to estimate to the best of my ability by eying the graphs. I really was just guessing the best I could.,FALSE,FALSE,FALSE,FALSE,FALSE,FALSE,FALSE,FALSE,FALSE,FALSE,FALSE,FALSE,TRUE,TRUE,FALSE,FALSE
3LYA37P8IRNYFA057OZMKTV9BCWKBL,2,line,I went by where the lines were and then guessed from there.,FALSE,FALSE,FALSE,FALSE,FALSE,FALSE,FALSE,FALSE,FALSE,FALSE,FALSE,FALSE,FALSE,FALSE,TRUE,TRUE
3M23Y66PO37QXHWIG6RG0Z0RF1I6SG,2,point,"I considered how many dots were the same value and how spread apart the dots were. I also considered where the ""halfway"" point was.",FALSE,FALSE,TRUE,TRUE,FALSE,FALSE,FALSE,TRUE,FALSE,FALSE,FALSE,FALSE,FALSE,FALSE,FALSE,FALSE
3M23Y66PO37QXHWIG6RG0Z0RGZ16SW,2,point,Just tried to be as accurate as possible. A good rule of thumb is to select a line closest to the midpoint of the graph. I tried to find the level at which half the points were above or below.,FALSE,FALSE,TRUE,TRUE,FALSE,FALSE,FALSE,FALSE,FALSE,TRUE,FALSE,FALSE,FALSE,FALSE,FALSE,FALSE
3MAOD8E57RA60JO99XJK1I35QBBXN2,2,point_arc,I used to see the dots where it started. By using that I calculate my average stock price.,FALSE,FALSE,FALSE,FALSE,FALSE,TRUE,FALSE,FALSE,FALSE,FALSE,FALSE,FALSE,FALSE,FALSE,TRUE,FALSE
3MB8LZR5BGTASJMHY1OGYWRESNJKLK,2,point_arc,"The high point, low point and which way it trended. As going down will push an average lower or so I assume.",TRUE,TRUE,FALSE,FALSE,FALSE,FALSE,FALSE,FALSE,FALSE,FALSE,FALSE,FALSE,FALSE,FALSE,FALSE,FALSE
3MMN5BL1W04O23WVD7XWHNP1CHF3M3,2,line,"I did my best trying to figure out what the average price would be, and moved the line there.",FALSE,FALSE,FALSE,FALSE,FALSE,FALSE,FALSE,FALSE,FALSE,FALSE,FALSE,FALSE,FALSE,FALSE,TRUE,TRUE
3MRNMEIQW662EDG76K2TUJWO51HLDA,2,point_arc,tried to balance out and find the average by using/balancing empty vs filled space ( dont know how else to say it),FALSE,FALSE,TRUE,TRUE,FALSE,FALSE,FALSE,FALSE,FALSE,FALSE,FALSE,FALSE,FALSE,FALSE,FALSE,FALSE
3MYYFCXHJ479SPJD2I4KENXAWP74GF,2,point,I tried to make them as close to the middle average as possible,FALSE,FALSE,FALSE,FALSE,FALSE,FALSE,FALSE,FALSE,FALSE,FALSE,FALSE,FALSE,FALSE,FALSE,TRUE,TRUE
3NC5L260MPM7IIX0AIDBA033C1SFOM,2,point,The first thing I tried to do was determine the average price between the starting and ending point. Then I guesstimated how long the stock was under and/or over the average stock price based on year start v year end plus I took into consideration how steep the sell off or rally was.,FALSE,FALSE,FALSE,TRUE,TRUE,TRUE,FALSE,FALSE,FALSE,FALSE,FALSE,FALSE,FALSE,FALSE,FALSE,FALSE
3NG53N1RLWJGO3ZEH4KKP8R72L4P8U,2,point_arc,ABout half above and half lower,FALSE,FALSE,FALSE,FALSE,FALSE,FALSE,FALSE,FALSE,FALSE,TRUE,FALSE,FALSE,FALSE,FALSE,TRUE,FALSE
3NG53N1RLWJGO3ZEH4KKP8R7ZC2P87,2,point,I went with where the most dots were,FALSE,FALSE,TRUE,TRUE,FALSE,FALSE,FALSE,FALSE,FALSE,FALSE,FALSE,FALSE,FALSE,FALSE,FALSE,FALSE
3NGI5ARFTU5YD3FTIJB5AY4ZJLJP12,2,point,I considered the points on the graph and what I felt the average price was.,FALSE,FALSE,FALSE,FALSE,FALSE,FALSE,FALSE,FALSE,FALSE,FALSE,FALSE,FALSE,FALSE,FALSE,TRUE,TRUE
3NKQQ8O39Z55X331FYUUL6S7H2YUDK,2,point,I used the rough amount of plots above and below to try to find the average,FALSE,FALSE,FALSE,FALSE,FALSE,FALSE,FALSE,FALSE,TRUE,TRUE,FALSE,FALSE,FALSE,FALSE,FALSE,FALSE
3NKQQ8O39Z55X331FYUUL6S7IJYDU2,2,point,I looked for dots that seemed more random. If dots were closer together or grouped closely I gravitated towards those.,FALSE,FALSE,TRUE,TRUE,FALSE,FALSE,FALSE,TRUE,FALSE,FALSE,FALSE,FALSE,FALSE,FALSE,FALSE,FALSE
3NL0RFNU0GNEUBFWS9PZCFP31QRK43,2,line,"I looked to see how the highs and lows compared. If there were a lot of highs compared to the lower position, then I moved the bar up higher. If there were more lower positions, then I moved the bar lower. I tried to evenly distribute it if there were even amounts of highs and lows.",FALSE,TRUE,FALSE,TRUE,FALSE,FALSE,FALSE,FALSE,FALSE,FALSE,FALSE,FALSE,FALSE,FALSE,FALSE,FALSE
3NL0RFNU0GNEUBFWS9PZCFP33L1K45,2,point_arc,I WATCH THE POINT TO GIVE THE SURVEY METHODS,FALSE,FALSE,FALSE,FALSE,FALSE,FALSE,FALSE,FALSE,FALSE,FALSE,FALSE,FALSE,FALSE,FALSE,TRUE,TRUE
3NPFYT4IZD40QR7NMT6PBYU8PK6GX0,2,point,I considered there was one plot per week. I looked at the starting and ending point. Then I considered how big the dip or rally was and how long it lasted. Then I simply tried to put the line at the most logical point on the graph,FALSE,FALSE,FALSE,FALSE,TRUE,TRUE,TRUE,TRUE,FALSE,FALSE,FALSE,FALSE,FALSE,FALSE,FALSE,FALSE
3NPFYT4IZD40QR7NMT6PBYU8PZVXG0,2,point_arc,I WILL MAKE MY DECISIONS BY USING STOCKPRICE WILL COME UP DOWN,FALSE,FALSE,FALSE,FALSE,FALSE,FALSE,FALSE,FALSE,FALSE,FALSE,FALSE,FALSE,FALSE,FALSE,TRUE,TRUE
3NS0A6KXC58PVM72NBUA8JAJVQEZG0,2,line,It was really hard to judge the average without any numerical information to go with the graphs so I attempted to make my judgements based on the highs and lows of the line graph. If it appeared that the stock was high for more of the year then I placed the average higher and if the stock appeared to drop often then I estimated the average lower. I noticed that on many of the trials I tended to place my estimated average so that it appeared there was about the same amount of lows and highs on the graph. I would of loved to see some feedback as I was completing the task to learn from my mistakes and have had the opportunity to change my strategy on how I was estimating my averages if they were incorrect.,TRUE,TRUE,FALSE,FALSE,FALSE,FALSE,FALSE,FALSE,FALSE,FALSE,FALSE,FALSE,FALSE,FALSE,FALSE,FALSE
3NXNZ5RS1BXRW2EOQAWHPIVXJOR79K,2,point,"I really just tried to look at the highest and lowest points, and come up with an average between those. Then, I tried to adjust for how long the price stayed either high or low over time. I also just tried to judge with my eyes and make a snap judgment as well. I tried to combine all of those approaches into one final estimate in the end. It was very hard without having actual numbers to add together and then divide to find the average.",TRUE,TRUE,TRUE,TRUE,FALSE,FALSE,FALSE,FALSE,FALSE,FALSE,FALSE,FALSE,FALSE,FALSE,FALSE,FALSE
3OB0CAO74IP3QSS8BVA9FCDI4WOHYR,2,line,"I just went with my gut feelings, and tried to adjust the average up or down based on the overall shape.",FALSE,FALSE,FALSE,FALSE,FALSE,FALSE,FALSE,FALSE,FALSE,FALSE,FALSE,FALSE,TRUE,TRUE,FALSE,FALSE
3OE22WJIGJOZMC76KK0EL5Z61XYQUT,2,point,"I took a balance of all of the various prices, similar to the way I would with a regular stock.",FALSE,FALSE,FALSE,FALSE,FALSE,FALSE,FALSE,FALSE,FALSE,FALSE,FALSE,FALSE,FALSE,FALSE,TRUE,TRUE
3OE22WJIGJOZMC76KK0EL5Z6ZESUQN,2,point,"Tried to guess the distance between points to get the idea which ones performed higher/lower, then average them mentally.",FALSE,FALSE,TRUE,TRUE,FALSE,FALSE,FALSE,FALSE,FALSE,FALSE,FALSE,FALSE,FALSE,FALSE,FALSE,FALSE
3OF2M9AATHOUX83LD2FP6B2C5WLZKA,2,point_arc,I based it on the area across the entire graph that had the most markers overall,FALSE,FALSE,TRUE,TRUE,FALSE,FALSE,FALSE,FALSE,FALSE,FALSE,FALSE,FALSE,FALSE,FALSE,FALSE,FALSE
3OHYZ19UGD5CMRGSZ2RJWZSCF0DAOW,2,point_arc,By predicting with my knowledge,FALSE,FALSE,FALSE,FALSE,FALSE,FALSE,FALSE,FALSE,FALSE,FALSE,FALSE,FALSE,FALSE,FALSE,TRUE,TRUE
3ON104KXQLW5PB9DHN820QJYT2X4WV,2,point_arc,"I considered how sharp the peaks and valleys on the chart were, especially in relation to the line when it was placed in the middle (or roughly the middle). I tried to align the line with any groups of data points that ran along a stretch of the Y-axis as they would weigh more heavily on the average, depending on where the majority of other points were.",FALSE,FALSE,TRUE,TRUE,FALSE,FALSE,TRUE,TRUE,FALSE,FALSE,FALSE,FALSE,FALSE,FALSE,FALSE,FALSE
3OS46CRSLGZ6P9DMA1WLBMKYDG76V1,2,line,I put the line where it visually seemed like the average between the high and low prices on the graphs.,TRUE,TRUE,TRUE,TRUE,FALSE,FALSE,FALSE,FALSE,FALSE,FALSE,FALSE,FALSE,FALSE,FALSE,FALSE,FALSE
3OS46CRSLGZ6P9DMA1WLBMKYDK4V6V,2,point,I was looking at the dips.,FALSE,FALSE,TRUE,FALSE,FALSE,FALSE,TRUE,TRUE,FALSE,FALSE,FALSE,FALSE,FALSE,FALSE,FALSE,FALSE
3OS46CRSLGZ6P9DMA1WLBMKYF3V6V1,2,point,Just made decision according to calculation,FALSE,FALSE,FALSE,FALSE,FALSE,FALSE,FALSE,FALSE,FALSE,FALSE,FALSE,FALSE,FALSE,FALSE,TRUE,TRUE
3OSWBBLG1FXXE7XWK35H5DRBACYXDH,2,line,"I tried to look and see how ""long"" the highs and lows were and see at what point I thought they balanced out. For graphs that had fairly smooth curves I tried to place the red line at a point where the curves or the space between the red line and the ""hills"" and ""dips"" were most equal on both the top and bottom of the red line.",FALSE,FALSE,TRUE,TRUE,FALSE,FALSE,TRUE,TRUE,FALSE,TRUE,FALSE,FALSE,FALSE,FALSE,FALSE,FALSE
3OVHNO1VE71MJ2XBLLT22Y7MKSDDZ9,2,point,Just tried to cancel out dips and peaks visually and put the line so that about half of the remaining dots were above and half were below the line.,FALSE,FALSE,FALSE,FALSE,FALSE,FALSE,FALSE,FALSE,TRUE,TRUE,FALSE,FALSE,FALSE,FALSE,FALSE,FALSE
3OVR4I9USQJ05EDR5E9W811C01R4QX,2,point,"The overall distribution of the dots, the number of dots above and below the line, and overall shape of the graph (steepness?).",FALSE,FALSE,FALSE,FALSE,FALSE,FALSE,TRUE,TRUE,TRUE,TRUE,FALSE,FALSE,FALSE,FALSE,FALSE,FALSE
3OWEPKL08ACCL4IIRKFM7JQIS5TN7A,2,point_arc,I just tried to do the estimate based on instinct,FALSE,FALSE,FALSE,FALSE,FALSE,FALSE,FALSE,FALSE,FALSE,FALSE,FALSE,FALSE,TRUE,TRUE,FALSE,FALSE
3P1L2B7AD2PTIA7WWTG95D8N9YDLOY,2,point,The movements of the stock from low to high.,FALSE,FALSE,FALSE,FALSE,FALSE,FALSE,FALSE,FALSE,FALSE,FALSE,FALSE,FALSE,FALSE,FALSE,TRUE,TRUE
3P4MQ7TPPYCXM7WB1BMTLQCJQH3BB8,2,point,just my prediction,FALSE,FALSE,FALSE,FALSE,FALSE,FALSE,FALSE,FALSE,FALSE,FALSE,FALSE,FALSE,FALSE,FALSE,TRUE,TRUE
3P59JYT76MK3UGQWI4K3KRF10QRT2T,2,line,Looked at the difference between the highest point and lowest point and then adjust based on how steep the changes were and how large the changes were.,TRUE,TRUE,TRUE,TRUE,FALSE,FALSE,FALSE,TRUE,FALSE,FALSE,FALSE,FALSE,FALSE,FALSE,FALSE,FALSE
3PH3VY7DJMXLS8X22GYSUMW7QYEZWE,2,point,Id look at the spikes and declines at both and try to find a middle ground.,TRUE,TRUE,FALSE,FALSE,FALSE,FALSE,FALSE,FALSE,FALSE,FALSE,FALSE,FALSE,FALSE,FALSE,FALSE,FALSE
3PIWWX1FJK69M9SZDVCRH2E956VJJP,2,point,I based on on how the graph was going and I average the stock that way.,FALSE,FALSE,FALSE,FALSE,FALSE,FALSE,FALSE,FALSE,FALSE,FALSE,FALSE,FALSE,FALSE,FALSE,TRUE,TRUE
3PIWWX1FJK69M9SZDVCRH2E98ALJJQ,2,point_arc,I just tried to estimate between the highs and the lows.,TRUE,TRUE,FALSE,FALSE,FALSE,FALSE,FALSE,FALSE,FALSE,FALSE,FALSE,FALSE,FALSE,FALSE,FALSE,FALSE
3PM8NZGV8ZGR3G11PPB15CYATL4XQR,2,line,"I tried and look at where the line met multiple times, especially if there was a pretty long pause in the line staying stable",FALSE,FALSE,TRUE,TRUE,FALSE,FALSE,FALSE,TRUE,FALSE,FALSE,FALSE,FALSE,FALSE,FALSE,FALSE,FALSE
3PMBY0YE283X8J9KHR4S54NBJFKC9F,2,point,"I tried to make sure about half of the dots were above the line, and half below.",FALSE,FALSE,FALSE,FALSE,FALSE,FALSE,FALSE,FALSE,TRUE,TRUE,FALSE,FALSE,FALSE,FALSE,FALSE,FALSE
3PQ8K71NHYKNKNMRPJM1V487QJ4AAS,2,point_arc,AVERAGE PERCENTAGE INDICATE TO INCREASE STOCK PRICE SO THESE STEPS FOLLOW THIS CONFIG,FALSE,FALSE,FALSE,FALSE,FALSE,FALSE,FALSE,FALSE,FALSE,FALSE,FALSE,FALSE,FALSE,FALSE,TRUE,TRUE
3PXX5PX6LYYS3XRJVXMXQFSD8ZIBAD,2,point,I chose where most of the dots are located the most in the graph.,FALSE,FALSE,TRUE,TRUE,FALSE,FALSE,FALSE,FALSE,FALSE,FALSE,FALSE,FALSE,FALSE,FALSE,FALSE,FALSE
3QAPZX2QN5D2E7T5K2WT0GDW3FH02B,2,line,"I considered the overall shape of the chart. I tried to place a line in the middle of the general chart pattern. I also took into account how long any large dips or spikes lasted. For example, short spikes would affect the average less, so I tried to use this information to place the line as best I could estimate.",FALSE,FALSE,TRUE,TRUE,FALSE,FALSE,TRUE,TRUE,FALSE,FALSE,FALSE,FALSE,FALSE,FALSE,FALSE,FALSE
3QAPZX2QN5D2E7T5K2WT0GDW44J02S,2,point,The high and low and long time staying points.,TRUE,TRUE,TRUE,FALSE,FALSE,FALSE,FALSE,TRUE,FALSE,FALSE,FALSE,FALSE,FALSE,FALSE,FALSE,FALSE
3QAPZX2QN5D2E7T5K2WT0GDW5YK20K,2,point,"how many dots there were
 how tightly they were grouped or spread
 how high or low they were",TRUE,TRUE,TRUE,FALSE,FALSE,FALSE,FALSE,TRUE,FALSE,FALSE,FALSE,FALSE,FALSE,FALSE,FALSE,FALSE
3QBD8R3Z22JXK20BQ1HSJW6CNSQ4OS,2,point_arc,good,FALSE,FALSE,FALSE,FALSE,FALSE,FALSE,FALSE,FALSE,FALSE,FALSE,FALSE,FALSE,FALSE,FALSE,TRUE,TRUE
3QEMNNSB2YZ3ZSR52Q1JBEENAEUD75,2,point_arc,To predict the average stock price we have to analysis the stock price with very proper way to make the right decision.,FALSE,FALSE,FALSE,FALSE,FALSE,FALSE,FALSE,FALSE,FALSE,FALSE,FALSE,FALSE,FALSE,FALSE,TRUE,TRUE
3QIYRE09Y4HYAI3G24YD69Z4JPJN17,2,line,how long the stock remained up or down. just trie to average it in my mind,FALSE,FALSE,TRUE,TRUE,FALSE,FALSE,FALSE,FALSE,FALSE,FALSE,FALSE,FALSE,FALSE,FALSE,FALSE,FALSE
3QJOXOW4XKRRC1CS2RES0ETY6UXMEK,2,point_arc,Equal above and below,FALSE,FALSE,FALSE,FALSE,FALSE,FALSE,FALSE,FALSE,TRUE,TRUE,TRUE,TRUE,FALSE,FALSE,FALSE,FALSE
3QJOXOW4XKRRC1CS2RES0ETY7RDEMN,2,point_arc,I considered the curve of the graph.,FALSE,FALSE,FALSE,FALSE,FALSE,FALSE,FALSE,FALSE,FALSE,FALSE,FALSE,FALSE,FALSE,FALSE,TRUE,TRUE
3QL2OFSM97IIXLDEI1NXN5IVPTNNCQ,2,point_arc,"Below are the points I considered :
 
 1. Starting Price
 2. Ending Price
 3. Upward/Downward price trend",FALSE,FALSE,FALSE,FALSE,TRUE,TRUE,FALSE,FALSE,FALSE,FALSE,FALSE,FALSE,FALSE,FALSE,FALSE,FALSE
3QUO65DNQVOW10UQ578AW046KA4UO3,2,line,how i high the peaks were and how long they lasted,FALSE,FALSE,FALSE,FALSE,FALSE,FALSE,FALSE,FALSE,FALSE,FALSE,FALSE,FALSE,FALSE,FALSE,TRUE,TRUE
3QY7M81QH8MBDYXFU7N6FR9DUNRK7P,2,point_arc,Was interesting to work on it,FALSE,FALSE,FALSE,FALSE,FALSE,FALSE,FALSE,FALSE,FALSE,FALSE,FALSE,FALSE,FALSE,FALSE,TRUE,TRUE
3R08VXYT7DV28YRWJL693238HU07W8,2,point_arc,statistical method,FALSE,FALSE,FALSE,FALSE,FALSE,FALSE,FALSE,FALSE,FALSE,FALSE,FALSE,FALSE,FALSE,FALSE,TRUE,TRUE
3R3YRB5GRG37ZW0PVO3SV5K1XM1AU9,2,point_arc,I calculated roughly the median by looking at the top price and lowest price differences.,FALSE,TRUE,FALSE,FALSE,FALSE,FALSE,FALSE,FALSE,FALSE,FALSE,FALSE,FALSE,FALSE,FALSE,TRUE,FALSE
3R6P78PK7LBT9AY3HJ5SMV92F6JGTL,2,point_arc,"I considered if the low/high was inconsistent or showed a pattern!
 I tried to be objective to what was the most common thing",TRUE,TRUE,FALSE,FALSE,FALSE,FALSE,FALSE,FALSE,FALSE,FALSE,FALSE,FALSE,FALSE,FALSE,FALSE,FALSE
3R8YZBNQ9IIXO1VA7C73BDLMS4NQ7C,2,point,"i had to look at the overall graph and not just one portion, but try and average it out overall.",FALSE,FALSE,FALSE,FALSE,FALSE,FALSE,FALSE,FALSE,FALSE,FALSE,FALSE,FALSE,FALSE,FALSE,TRUE,TRUE
3R9WASFE20GJHMB7CROSQYA7UJUZFX,2,line,"I tried to find the middle point of the graph, where the low point and high point had the same amount of space between them. I imagined numbers on the graph too to help me determine the average point.",TRUE,TRUE,TRUE,TRUE,FALSE,FALSE,FALSE,FALSE,FALSE,FALSE,FALSE,FALSE,FALSE,FALSE,FALSE,FALSE
3RGU30DZTB8ZNHYKGSPJXU6Q8SAJMW,2,line,Just looking at the graph and how the line moved and just went with my gut instinct.,FALSE,FALSE,FALSE,FALSE,FALSE,FALSE,FALSE,FALSE,FALSE,FALSE,FALSE,FALSE,TRUE,TRUE,FALSE,FALSE
3RRCEFRB7NCD18B2MWC6DC6DFF7B42,2,point,The number of dot at the high end and low end of things to get an average.,TRUE,TRUE,FALSE,FALSE,FALSE,FALSE,FALSE,FALSE,TRUE,TRUE,FALSE,FALSE,FALSE,FALSE,FALSE,FALSE
3RRCEFRB7NCD18B2MWC6DC6DGRSB4C,2,point_arc,My opinion only,FALSE,FALSE,FALSE,FALSE,FALSE,FALSE,FALSE,FALSE,FALSE,FALSE,FALSE,FALSE,FALSE,FALSE,TRUE,TRUE
3RSDURM96BMR6I16LU23U9G5CG9YE5,2,line,I decide the average price of the stock is zig zag of the graph,FALSE,FALSE,FALSE,FALSE,FALSE,FALSE,FALSE,FALSE,FALSE,FALSE,FALSE,FALSE,FALSE,FALSE,TRUE,TRUE
3RSDURM96BMR6I16LU23U9G5CHKYEI,2,line,the decision is made observing the beginning and endpoint of the chart by identifying the trend for small-time,FALSE,FALSE,FALSE,FALSE,TRUE,TRUE,FALSE,FALSE,FALSE,FALSE,FALSE,FALSE,FALSE,FALSE,FALSE,FALSE
3RSDURM96BMR6I16LU23U9G5HTWYEN,2,point_arc,"Looked for half of the points above and below the line.
 But also raised a bit if it was going up at the end, or lowered it a bit if it was going down. 
 If they were a big mass of them I just put it in the middle.",FALSE,FALSE,TRUE,TRUE,FALSE,FALSE,FALSE,FALSE,FALSE,TRUE,FALSE,FALSE,FALSE,FALSE,FALSE,FALSE
3RUIQRXJBCOLCP4ZJ10HDW4TDI1LLN,2,point,I CONSIDERED IF THE STOCK HAD HIGH YIELDS OR LOW ONES.,FALSE,FALSE,FALSE,FALSE,FALSE,FALSE,FALSE,FALSE,FALSE,FALSE,FALSE,FALSE,FALSE,FALSE,TRUE,TRUE
3RUIQRXJBCOLCP4ZJ10HDW4TE0ILL5,2,point,"I looked at all the dots, their placement, the number, how long the price was at certain price ranges.",FALSE,FALSE,TRUE,TRUE,FALSE,FALSE,TRUE,TRUE,FALSE,FALSE,FALSE,FALSE,FALSE,FALSE,FALSE,FALSE
3RWE2M8QWIAY3TIY6LUDS4GUEBJ0NF,2,line,"I mainly looked at the stock at the beginning and end of the year. Afterwards, I tried to make an educated guess on what the average stock price would be.",FALSE,FALSE,FALSE,FALSE,TRUE,TRUE,FALSE,FALSE,FALSE,FALSE,FALSE,FALSE,FALSE,FALSE,FALSE,FALSE
3RWE2M8QWIAY3TIY6LUDS4GUITHN04,2,point_arc,"I looked for areas on the charts where the prices seemed relatively flat and stable. Other than that, I simply went with my intuition.",FALSE,FALSE,TRUE,TRUE,FALSE,FALSE,TRUE,TRUE,FALSE,FALSE,FALSE,FALSE,FALSE,FALSE,FALSE,FALSE
3RXPCZQMQQBS0QMUF0LIGPQ7IKE1G8,2,line,"I looked at how much of the graph line was above and how much below the place I put the average line, and how far above or below it was, and tried to make it feel even. Basically, I just guessed.",FALSE,FALSE,FALSE,FALSE,FALSE,FALSE,FALSE,FALSE,FALSE,TRUE,FALSE,FALSE,FALSE,FALSE,FALSE,FALSE
3RXPCZQMQQBS0QMUF0LIGPQ7KKAG1L,2,point_arc,A common method to analyzing a stock is studying its price-to-earnings ratio. You calculate the P/E ratio by dividing the stocks market value per share by its earnings per share,FALSE,FALSE,FALSE,FALSE,FALSE,FALSE,FALSE,FALSE,FALSE,FALSE,FALSE,FALSE,FALSE,FALSE,TRUE,TRUE
3S4AW7T80CIPEHXED910RF2ISL6L49,2,point_arc,By calculating and judging,FALSE,FALSE,FALSE,FALSE,FALSE,FALSE,FALSE,FALSE,FALSE,FALSE,FALSE,FALSE,FALSE,FALSE,TRUE,TRUE
3S4AW7T80CIPEHXED910RF2ISUIL43,2,point_arc,I considered the peaks and valleys and their frequencies in the various graphs. I also considered how steep the inclines and declines were.,FALSE,FALSE,FALSE,FALSE,FALSE,FALSE,TRUE,TRUE,FALSE,FALSE,FALSE,FALSE,FALSE,FALSE,FALSE,FALSE
3S96KQ6I9N4QXQOCFT4KGA65X3TTDN,2,line,"I considered the opening and closing points in the graph. Then I took into consideration the fluctuation in the price throughout the period. Finally, after considering all the above factors, I tried to estimate what the average price would have been. I reached to a conclusion based on my understanding of the graph.",FALSE,FALSE,FALSE,TRUE,FALSE,TRUE,FALSE,TRUE,FALSE,FALSE,FALSE,FALSE,FALSE,FALSE,TRUE,FALSE
3S96KQ6I9N4QXQOCFT4KGA663WGTD4,2,point_arc,"I considered the highest price and the lowest price. I was looking for trends showing similar prices over time. I tried to find a middle ground that could possibly be the starting point at which the stock would level out to. I tried to ignore huge spikes, either up or down.",TRUE,TRUE,TRUE,TRUE,FALSE,FALSE,TRUE,TRUE,FALSE,FALSE,FALSE,FALSE,FALSE,FALSE,FALSE,FALSE
3SB5N7Y3O44ST11CJHHI2K7XE5N0GA,2,point,Through my own data analysis,FALSE,FALSE,FALSE,FALSE,FALSE,FALSE,FALSE,FALSE,FALSE,FALSE,FALSE,FALSE,FALSE,FALSE,TRUE,TRUE
3SBEHTYCWO33MN3SHDSUFOEX8WCIY8,2,point_arc,"I compared the highest points and lowest points, and length of each and tried to average the middle from there",TRUE,TRUE,TRUE,TRUE,FALSE,FALSE,FALSE,FALSE,FALSE,FALSE,FALSE,FALSE,FALSE,FALSE,FALSE,FALSE
3SKEMFQBZ45FDC2Y4CFCTR5857XK8C,2,point_arc,I used to see the dots where it started. By using that i calculate my average stock price.,FALSE,FALSE,FALSE,FALSE,TRUE,TRUE,FALSE,FALSE,FALSE,FALSE,FALSE,FALSE,FALSE,FALSE,FALSE,FALSE
3SPJ0334223ZHYNYZVDURPTXJX1YJ6,2,point_arc,I am very interested in the average stock price.,FALSE,FALSE,FALSE,FALSE,FALSE,FALSE,FALSE,FALSE,FALSE,FALSE,FALSE,FALSE,FALSE,FALSE,TRUE,TRUE
3SUWZRL0MZDPNYR0FB7BBIWCEQI6EK,2,point,"I considered the highs and lows and tried to pick somewhere in the middle, as that seemed like the place that made the most sense.",TRUE,TRUE,TRUE,TRUE,FALSE,FALSE,FALSE,FALSE,FALSE,FALSE,FALSE,FALSE,FALSE,FALSE,FALSE,FALSE
3SUWZRL0MZDPNYR0FB7BBIWCFD56EI,2,point,I tried to make the line have half the dots above it and half the dots below it. I also tried to have the line go through as many dots as possible if there were a lot in the middle.,FALSE,FALSE,FALSE,FALSE,FALSE,FALSE,FALSE,FALSE,TRUE,TRUE,FALSE,FALSE,FALSE,FALSE,FALSE,FALSE
3T111IHZ5FQ1ELY3ZOUNUZMXIBP9R9,2,line,"I considered the amount of the graph that was above and below the line I was creating, and tried to make sure it seemed centered between both. However, I also took into account how steep the lines were -- more gradual and more space above or below the apparent mid-point caused me to move the line slightly toward the direction that seemed to have the stock price there for longer.",FALSE,FALSE,TRUE,TRUE,FALSE,FALSE,TRUE,TRUE,TRUE,TRUE,FALSE,FALSE,FALSE,FALSE,FALSE,FALSE
3T3IWE1XG7NKMZSHKFA4G9D4G0KTQU,2,point,"How close the dots were together, and the slope.",FALSE,FALSE,TRUE,TRUE,FALSE,FALSE,TRUE,TRUE,FALSE,FALSE,FALSE,FALSE,FALSE,FALSE,FALSE,FALSE
3T3IWE1XG7NKMZSHKFA4G9D4GH6TQE,2,line,"Basically, I just looked at the overall shape of the chart. If there were big peaks or valleys I tried to adjust the average so it tried to even them out.",FALSE,FALSE,TRUE,TRUE,FALSE,FALSE,TRUE,TRUE,FALSE,FALSE,FALSE,FALSE,FALSE,FALSE,FALSE,FALSE
3TAYZSBPLM82FGDHT4FDAMJFZZWS27,2,point,"I mostly went with my instinct by looking at it visually. I tried to think generally about how many dots were above and below where I was placing the line, in order to guess the average. I tried to get an equal number on either side of the line.",FALSE,FALSE,TRUE,TRUE,FALSE,FALSE,FALSE,FALSE,TRUE,TRUE,FALSE,FALSE,FALSE,FALSE,FALSE,FALSE
3TE22NPXPCCTG9QT7H2J5Y0748744B,2,line,"It would have been easier to have the figures and then divide them by the total, so instead I just had to look and the highest highs and the lowest lows and then all of the middle ones and take my best guess.",FALSE,TRUE,FALSE,FALSE,FALSE,FALSE,FALSE,FALSE,FALSE,FALSE,FALSE,FALSE,FALSE,FALSE,FALSE,FALSE
3TE3O857318QE1D4EFF8KCEJH3T2RP,2,point_arc,I tried to see where the same number of dots were above and below a spot and then compared the outliers,FALSE,TRUE,FALSE,FALSE,FALSE,FALSE,FALSE,FALSE,TRUE,TRUE,FALSE,FALSE,FALSE,FALSE,FALSE,FALSE
3TESA3PJ32APOP45JP2BDMY7EHHMM7,2,point_arc,I calculate average stock price,FALSE,FALSE,FALSE,FALSE,FALSE,FALSE,FALSE,FALSE,FALSE,FALSE,FALSE,FALSE,FALSE,FALSE,TRUE,TRUE
3TMFV4NEP9E68CWFTQYFH2Z3QFDW8R,2,line,"I considered what I know about line graphs and averages, and tried to place the line as close to the average that I could determine.",FALSE,FALSE,FALSE,FALSE,FALSE,FALSE,FALSE,FALSE,FALSE,FALSE,FALSE,FALSE,FALSE,FALSE,TRUE,TRUE
3TMFV4NEP9E68CWFTQYFH2Z3UQS8W8,2,point_arc,I looked at the highs and lows of the graphs and tried to balance the peaks and the valleys against one another. I then took my best stab at where the balance was.,TRUE,TRUE,TRUE,TRUE,FALSE,FALSE,FALSE,FALSE,FALSE,FALSE,FALSE,FALSE,FALSE,FALSE,FALSE,FALSE
3TOK3KHVJUIU3PIUSZFZM8QMES17OW,2,point_arc,I have only my hope,FALSE,FALSE,FALSE,FALSE,FALSE,FALSE,FALSE,FALSE,FALSE,FALSE,FALSE,FALSE,FALSE,FALSE,TRUE,TRUE
3TPZPLC3M1CUN6T85NPOYRJWJT53PU,2,point,based on graph i took decision,FALSE,FALSE,FALSE,FALSE,FALSE,FALSE,FALSE,FALSE,FALSE,FALSE,FALSE,FALSE,FALSE,FALSE,TRUE,TRUE
3TR2532VIQUXYEDSTCI28Y94KN96JF,2,point_arc,"Average stock prices get the total cost of each investment in that company, so I calculated the average.",FALSE,FALSE,FALSE,FALSE,FALSE,FALSE,FALSE,FALSE,FALSE,FALSE,FALSE,FALSE,FALSE,FALSE,TRUE,TRUE
3TS1AR6UQRE0XC51TWW9ZEH8KI27FI,2,line,I tryed to meausure certain levels where the lines would hit more times,FALSE,FALSE,TRUE,TRUE,FALSE,FALSE,FALSE,FALSE,FALSE,FALSE,FALSE,FALSE,FALSE,FALSE,FALSE,FALSE
3TS1AR6UQRE0XC51TWW9ZEH8PVGF7Z,2,point_arc,"Tried to split the graphs into 2 or 3 equal length segments on the X-axis and estimate the average for each of the segments then the average of those means. Noticed i was estimating too high on first pass, so tried to be careful of that bias",FALSE,FALSE,FALSE,TRUE,FALSE,FALSE,FALSE,FALSE,FALSE,FALSE,FALSE,FALSE,FALSE,FALSE,TRUE,FALSE
3TU5ZICBRE11OF0THHZ9PDHH3N4Q88,2,point,Im not quite sure I did this well. I tried to visualize a center line between the top and bottom points on the graph then move up or down depending on the amount of dots above/below on each and how much the value varied.,FALSE,FALSE,TRUE,TRUE,FALSE,FALSE,FALSE,TRUE,FALSE,TRUE,FALSE,FALSE,FALSE,FALSE,FALSE,FALSE
3TU5ZICBRE11OF0THHZ9PDHH4BJ8QI,2,point,I mainly focused on the amount of the curve that was on each side and tried to balance the space.,FALSE,FALSE,FALSE,FALSE,FALSE,FALSE,FALSE,FALSE,TRUE,TRUE,FALSE,FALSE,FALSE,FALSE,FALSE,FALSE
3TVRFO09GLFGCJLOXK35OQZGL9SLXR,2,point,based on stock experience,FALSE,FALSE,FALSE,FALSE,FALSE,FALSE,FALSE,FALSE,FALSE,FALSE,FALSE,FALSE,FALSE,FALSE,TRUE,TRUE
3TVSS0C0E20P6WO3WO9A8YVQ8EGWTA,2,point_arc,"The length og time a stock held a price factored in, but I instinctively split the curve mostly.",FALSE,FALSE,FALSE,FALSE,FALSE,FALSE,FALSE,TRUE,TRUE,TRUE,FALSE,FALSE,FALSE,FALSE,FALSE,FALSE
3TXD01ZLD5HSX7K8MNT1I2Y13JG4UF,2,line,I tried to average the graph in my mind.,FALSE,FALSE,TRUE,TRUE,FALSE,FALSE,FALSE,FALSE,FALSE,FALSE,FALSE,FALSE,FALSE,FALSE,FALSE,FALSE
3TXMY6UCAFO30IQ6YTFERZD0S3XQCZ,2,line,"I considered how high and low the stock performed over time, and then tried to estimate what the average would be based on the highs and lows.",TRUE,TRUE,TRUE,TRUE,FALSE,FALSE,FALSE,FALSE,FALSE,FALSE,FALSE,FALSE,FALSE,FALSE,FALSE,FALSE
3TY7ZAOG5GKXVNXV982X0CZQK0J0KJ,2,line,the graph had line for higher and lower I would look at the lines and determine average,TRUE,TRUE,TRUE,TRUE,FALSE,FALSE,FALSE,FALSE,FALSE,FALSE,FALSE,FALSE,FALSE,FALSE,FALSE,FALSE
3TYCR1GOTDJ5HEL3Y2RQLBFRT9QLZO,2,point,Predict the average prices.,FALSE,FALSE,FALSE,FALSE,FALSE,FALSE,FALSE,FALSE,FALSE,FALSE,FALSE,FALSE,FALSE,FALSE,TRUE,TRUE
3U088ZLJVLTOQNRCYML0ONTL9AR0WM,2,point,"Average stock price
 level of up and down market",FALSE,FALSE,FALSE,FALSE,FALSE,FALSE,FALSE,TRUE,FALSE,FALSE,FALSE,FALSE,FALSE,FALSE,TRUE,TRUE
3U088ZLJVLTOQNRCYML0ONTL9GUW0X,2,point_arc,"Before you make any investing decision, sit down and take an honest look at your entire financial situation -- especially if you‚Äôve never made a financial plan before. The first step to successful investing is figuring out your goals and risk tolerance ‚Äì either on your own or with the help of a financial professional.",FALSE,FALSE,FALSE,FALSE,FALSE,FALSE,FALSE,FALSE,FALSE,FALSE,FALSE,FALSE,FALSE,FALSE,TRUE,TRUE
3U0SRXB7CE5M3N2X0YDSC0HHPOYRNW,2,point,the area enclosed by the curve and the average line in the upper part must be equal to that of the lower part. It is very easy to sum up the areas by eye.,FALSE,FALSE,FALSE,FALSE,FALSE,FALSE,FALSE,FALSE,TRUE,TRUE,FALSE,FALSE,FALSE,FALSE,FALSE,FALSE
3U4J9857OFBAKVTLOUADGOQN5KBB75,2,line,I tried to convert the calculation derived average to a geometric one using an approximation of the slope of the stock price curve as a substitute for the average.,FALSE,FALSE,TRUE,TRUE,FALSE,FALSE,FALSE,FALSE,FALSE,FALSE,FALSE,FALSE,FALSE,FALSE,FALSE,FALSE
3U5JL4WY5L9KEBE3RS4O29X5XTN4XH,2,line,I looked at the highs and lows and tried to average it out based on how many and how extreme each was.,TRUE,TRUE,TRUE,TRUE,FALSE,FALSE,FALSE,FALSE,FALSE,FALSE,FALSE,FALSE,FALSE,FALSE,FALSE,FALSE
3U5JL4WY5L9KEBE3RS4O29X5XVL4XJ,2,line,"Just did my best to determine where the average might be based on the line graph given. Really, mostly just guessing.",FALSE,FALSE,TRUE,FALSE,FALSE,FALSE,FALSE,FALSE,FALSE,FALSE,FALSE,FALSE,FALSE,TRUE,FALSE,FALSE
3U84XHCDIDD9J6EISAS9ZUDG5094ZG,2,line,"I tried to ""eyeball"" the correct average on each graph to find a mid-point between where the stock had been at its highest and lowest. I also tried to accommodate seeing where the stock had gone up and down a lot with or without a distinct trend. That confused some of my judgements. This was difficult without the numbers. I felt like I was guessing a lot of the time, and I would have loved to know how I did.",FALSE,FALSE,TRUE,TRUE,FALSE,FALSE,FALSE,TRUE,FALSE,FALSE,FALSE,FALSE,FALSE,FALSE,FALSE,FALSE
3UN61F00HXPIDYWRWYH6IJHVW03R53,2,line,"I tried to find the center point of highs and lows, then make adjustments based upon what portions were above or below that centerline.",TRUE,TRUE,TRUE,TRUE,FALSE,FALSE,FALSE,FALSE,FALSE,FALSE,FALSE,FALSE,FALSE,FALSE,FALSE,FALSE
3UXUOQ9OKFX51LOTIGAHLD6HPW27A8,2,point,I considered a level line to be neutral and however much it went up or down to be the main factor in my decisions. If I didnt work I just counted the amount of time it spent above the line that I was putting down or below the line.,FALSE,FALSE,FALSE,FALSE,FALSE,FALSE,FALSE,FALSE,FALSE,TRUE,FALSE,FALSE,FALSE,FALSE,FALSE,FALSE
3V5Q80FXIYRYVZS23PEC2EB38LU32S,2,point_arc,yes interested,FALSE,FALSE,FALSE,FALSE,FALSE,FALSE,FALSE,FALSE,FALSE,FALSE,FALSE,FALSE,FALSE,FALSE,TRUE,TRUE
3VA45EW49ONGS33S3JYQLYZ996NO10,2,line,I tried to place it somewhere in the middle of the trend,FALSE,FALSE,TRUE,TRUE,FALSE,FALSE,FALSE,FALSE,FALSE,FALSE,FALSE,FALSE,FALSE,FALSE,FALSE,FALSE
3VA45EW49ONGS33S3JYQLYZ99ZIO1H,2,line,"I tried to get an equal ""length"" of line on each side of the average",FALSE,FALSE,FALSE,FALSE,FALSE,FALSE,FALSE,FALSE,TRUE,TRUE,FALSE,FALSE,FALSE,FALSE,FALSE,FALSE
3VA45EW49ONGS33S3JYQLYZ9B61O1G,2,point_arc,Its about the up and down value.,FALSE,FALSE,FALSE,FALSE,FALSE,FALSE,FALSE,FALSE,FALSE,FALSE,FALSE,FALSE,FALSE,FALSE,TRUE,TRUE
3VAR3R6G1Q1Y33ND247508MHNBIO87,2,line,I tried to get the red line (average) in a place where about half the blue line (stock price) was above the red line and half was below it.,FALSE,FALSE,FALSE,FALSE,FALSE,FALSE,FALSE,FALSE,TRUE,TRUE,FALSE,FALSE,FALSE,FALSE,FALSE,FALSE
3VAR3R6G1Q1Y33ND247508MHOP78O9,2,point,I mostly tried to imagine a reasonable average based on the trend of the graph. I wasnt sure the best way to do it so I mostly went on intuition but I also tried to get an equal number of dots below and above my estimate line when I didnt have a good intuitive feel of what to guess.,FALSE,FALSE,TRUE,TRUE,FALSE,FALSE,FALSE,FALSE,FALSE,TRUE,FALSE,FALSE,FALSE,FALSE,FALSE,FALSE
3VHP9MDGROK69T0XKD4KF09MQCXFCU,2,point_arc,i just kinda looked at the ups and downs and how long they lasted,FALSE,FALSE,TRUE,TRUE,FALSE,FALSE,TRUE,TRUE,FALSE,FALSE,FALSE,FALSE,FALSE,FALSE,FALSE,FALSE
3VSOLARPKC99VJD1OYTRC1JHEDO93I,2,point,"If more people want to buy a stock (demand) than sell it (supply), then the price moves up. Conversely, if more people wanted to sell a stock than buy it, there would be greater supply than demand, and the price would fall.",FALSE,FALSE,FALSE,FALSE,FALSE,FALSE,FALSE,FALSE,FALSE,FALSE,FALSE,FALSE,FALSE,FALSE,TRUE,TRUE
3W8CV64QJ3ZOPRK03JITGVKRXPS9HP,2,point,looking at the graph and where it was going,FALSE,FALSE,FALSE,FALSE,FALSE,FALSE,FALSE,FALSE,FALSE,FALSE,FALSE,FALSE,FALSE,FALSE,TRUE,TRUE
3W92K5RLWVHA65D85IMGJG6YJ6M5VI,2,point,The average should be the point at which half the dots are above and below because its the middle. The median would just be the middle price and the mode would be the most amount of similar. So I tried to put the same amount of dots above and below.,FALSE,FALSE,FALSE,FALSE,FALSE,FALSE,FALSE,FALSE,TRUE,TRUE,FALSE,FALSE,FALSE,FALSE,FALSE,FALSE
3W92K5RLWVHA65D85IMGJG6YJAC5VG,2,point,"Sometimes i part of a graph had a pattern I would find the average there and then try to shift it by the lead in and out to it.
 
 Sometimes I would just try to balance the dots above and below the line",FALSE,FALSE,TRUE,TRUE,FALSE,FALSE,FALSE,FALSE,TRUE,TRUE,FALSE,FALSE,FALSE,FALSE,FALSE,FALSE
3WEV0KO0ONSPIQBXQTZU65AJXJ4DS7,2,point,I just tried to average them.,FALSE,FALSE,TRUE,TRUE,FALSE,FALSE,FALSE,FALSE,FALSE,FALSE,FALSE,FALSE,FALSE,FALSE,FALSE,FALSE
3WJEQKOXA92RQZ9RT0T8K3F4KPRA1V,2,line,Well I just tried to estimate the average based on the graph. Not much was considered aside from the graph.,FALSE,FALSE,FALSE,FALSE,FALSE,FALSE,FALSE,FALSE,FALSE,FALSE,FALSE,FALSE,TRUE,TRUE,FALSE,FALSE
3WLEIWSYHPHDP7Z1IA3E68CDRKZ2H9,2,point,#NAME?,FALSE,FALSE,FALSE,FALSE,FALSE,FALSE,FALSE,FALSE,FALSE,FALSE,FALSE,FALSE,FALSE,FALSE,TRUE,TRUE
3WMOAN2SRCXEWUJE9II2DX6K9D3NVE,2,point,I simply tried to focus on the area where most of the dots were situated,FALSE,FALSE,TRUE,TRUE,FALSE,FALSE,FALSE,FALSE,FALSE,FALSE,FALSE,FALSE,FALSE,FALSE,FALSE,FALSE
3WQ3B2KGE9GW99EJZET4FEZA47IB1Z,2,point_arc,none,FALSE,FALSE,FALSE,FALSE,FALSE,FALSE,FALSE,FALSE,FALSE,FALSE,FALSE,FALSE,FALSE,FALSE,TRUE,TRUE
3WQQ9FUS6BUEK9Y4YZ2JUOMIIBIB89,2,point,"steepness of curves, linear trends",FALSE,FALSE,FALSE,FALSE,FALSE,FALSE,FALSE,FALSE,FALSE,FALSE,FALSE,FALSE,FALSE,FALSE,TRUE,TRUE
3WS1NTTKEZCMF15H8XB0KZ7LED50F4,2,point_arc,"Good current and projected profitability,
 Favorable asset utilization,
 Conservative capital structure.",FALSE,FALSE,FALSE,FALSE,FALSE,FALSE,FALSE,FALSE,FALSE,FALSE,FALSE,FALSE,FALSE,FALSE,TRUE,TRUE
3WT783CTPCHGWCOHFBIOWAI18Q5CBU,2,point,I tried to make sure that the line had an equal number of dots on both dose of thhe redline.,FALSE,FALSE,FALSE,FALSE,FALSE,FALSE,FALSE,FALSE,TRUE,TRUE,FALSE,FALSE,FALSE,FALSE,FALSE,FALSE
3WYGZ5XF3XFXWWH7IALHAI59H14KSC,2,point_arc,i saw the graph Ups and downs and made my judgements,FALSE,FALSE,TRUE,TRUE,FALSE,FALSE,TRUE,TRUE,FALSE,FALSE,FALSE,FALSE,FALSE,FALSE,FALSE,FALSE
3WYP994K18RNT38RFCJ5ILOSY8NY65,2,point_arc,i chose the areas that i felt the stock reached multiple times.,FALSE,FALSE,TRUE,TRUE,FALSE,FALSE,FALSE,FALSE,FALSE,FALSE,FALSE,FALSE,FALSE,FALSE,FALSE,FALSE
3WZ36BJEV4GXITQS1XDELKI5VM6TBE,2,point,I mostly adjusted based on extremes of highs and lows. I went by where the usual sort of crabbing the price was too.,TRUE,TRUE,TRUE,TRUE,FALSE,FALSE,FALSE,FALSE,FALSE,FALSE,FALSE,FALSE,FALSE,FALSE,FALSE,FALSE
3X0H8UUIT2OORWBO7O4KYTZ440TWSK,2,point,I tried to go on the lower end of what I thought what the average might be.,FALSE,FALSE,TRUE,TRUE,FALSE,FALSE,FALSE,FALSE,FALSE,FALSE,FALSE,FALSE,FALSE,FALSE,FALSE,FALSE
3X3OR7WPZ00QXIKGPCRD8RINTK28LS,2,point,Areas the points fell at about the same price.,FALSE,FALSE,TRUE,TRUE,FALSE,FALSE,FALSE,FALSE,FALSE,FALSE,FALSE,FALSE,FALSE,FALSE,FALSE,FALSE
3X3OR7WPZ00QXIKGPCRD8RINU5W8LT,2,point,i tried to match the curve,FALSE,FALSE,FALSE,FALSE,FALSE,FALSE,FALSE,FALSE,FALSE,FALSE,FALSE,FALSE,FALSE,FALSE,TRUE,TRUE
3X4MXAO0BHOCQHBBSZ4F8JU8GX0WRI,2,line,I tried to find the average stock price based on the time period the stock traded near a particular price. I also considered the high and low of the stock price.,TRUE,TRUE,TRUE,TRUE,FALSE,FALSE,FALSE,FALSE,FALSE,FALSE,FALSE,FALSE,FALSE,FALSE,FALSE,FALSE
3X65QVEQI1NS9LAT6O7IADE6MBICL0,2,point_arc,I just looked at how often it was high and low and tried to pick an average number based on the position of all of the dots.,TRUE,TRUE,TRUE,TRUE,FALSE,FALSE,FALSE,FALSE,FALSE,FALSE,FALSE,FALSE,FALSE,FALSE,FALSE,FALSE
3X66WABAJXIOAT0924Z14I54I4OG3D,2,point_arc,just for assumption and knowledge,FALSE,FALSE,FALSE,FALSE,FALSE,FALSE,FALSE,FALSE,FALSE,FALSE,FALSE,FALSE,FALSE,FALSE,TRUE,TRUE
3X87C8JFV7BJ7ZF2VF5E64HIEYVSQR,2,line,I tried to figure out a median on the chart based on the highs and lows,TRUE,TRUE,FALSE,FALSE,FALSE,FALSE,FALSE,FALSE,FALSE,FALSE,FALSE,FALSE,FALSE,FALSE,FALSE,FALSE
3XC1O3LBOTM9V2C4SA28ZNEA8D4LT8,2,point,Look for consolidation and omit extreme values,FALSE,TRUE,TRUE,TRUE,FALSE,FALSE,FALSE,FALSE,FALSE,FALSE,FALSE,FALSE,FALSE,FALSE,FALSE,FALSE
3XCC1ODXDMB76KFPGQ59GUCMSW8QRX,2,line,"I reviewed each graph and paid attention to fluctuation, as well as start and end points and tried to estimate the average that way.",FALSE,FALSE,TRUE,FALSE,FALSE,TRUE,TRUE,TRUE,FALSE,FALSE,FALSE,FALSE,FALSE,FALSE,FALSE,FALSE
3XIQGXAUMD8HXYWMTQ2V5LHFQW67X1,2,point_arc,I concentrate all things in a right manner and make my decisions carefully. I do my best in this. I am very easy to do this. It improve my knowledge level.,FALSE,FALSE,FALSE,FALSE,FALSE,FALSE,FALSE,FALSE,FALSE,FALSE,FALSE,FALSE,FALSE,FALSE,TRUE,TRUE
3XLBSAQ9Z5C62TW1U8QG26XQWNRZ7T,2,line,"Extended highs or lows
 
 Presence or absence of frequent fluctuations",TRUE,TRUE,TRUE,TRUE,FALSE,FALSE,TRUE,TRUE,FALSE,FALSE,FALSE,FALSE,FALSE,FALSE,FALSE,FALSE
3XM0HYN6NLZXX495U76KHINT9XLPEQ,2,point,"Gather Trade Information to calculate the average cost stock, youll need all the information about share purchases.
 Determine Number of Shares. First, add up the number of total shares. 
 Calculate Your Total Cost. Multiply the number of shares in each transaction by its purchase price.
 Calculate Average Cost. Divide the total purchase price by the total number of shares to calculate the average price of the position.",FALSE,FALSE,FALSE,FALSE,FALSE,FALSE,FALSE,FALSE,FALSE,FALSE,FALSE,FALSE,FALSE,FALSE,TRUE,TRUE
3XUHV3NRVLY5O4IO0T5C4FFPDS25HN,2,point_arc,I attempted to determine the average for each third of the graph and them average those totals.,FALSE,FALSE,TRUE,TRUE,FALSE,FALSE,FALSE,FALSE,FALSE,FALSE,FALSE,FALSE,FALSE,FALSE,FALSE,FALSE
3XXU1SWE8NVRJAO9XHP86YWUHIWA0B,2,point,"How many dots were concentrated together 
 how close the highs and lows were together",FALSE,FALSE,TRUE,TRUE,FALSE,FALSE,FALSE,TRUE,FALSE,FALSE,FALSE,FALSE,FALSE,FALSE,FALSE,FALSE
3YDGXNSEO0UUZADVJKSWMAGC8LD84G,2,point_arc,I noted the highest point and lowest point in the graph. And predicted the average point in the the stock. The moving point in the graph helped me to judge the average stock price.,TRUE,TRUE,TRUE,TRUE,FALSE,FALSE,FALSE,FALSE,FALSE,FALSE,FALSE,FALSE,FALSE,FALSE,FALSE,FALSE
3YMTUJH0DTGDXU5JMI3RD6CZO11T41,2,point_arc,curve how it is going,FALSE,FALSE,FALSE,FALSE,FALSE,FALSE,FALSE,FALSE,FALSE,FALSE,FALSE,FALSE,FALSE,FALSE,TRUE,TRUE
3YW4XOSQKRLB58NPZ5AZK4RYR05U1T,2,line,I looked at the chart and the rise of how much it increases or decrease and based on that I made my decision.,FALSE,FALSE,TRUE,TRUE,FALSE,FALSE,TRUE,FALSE,FALSE,FALSE,FALSE,FALSE,FALSE,FALSE,FALSE,FALSE
3YW4XOSQKRLB58NPZ5AZK4RYRR61UJ,2,line,"I looked at the time period as a whole, and noted the overall change. I specifically looked for sharp drops or rises.",FALSE,FALSE,TRUE,TRUE,FALSE,FALSE,TRUE,TRUE,FALSE,FALSE,FALSE,FALSE,FALSE,FALSE,FALSE,FALSE
3YWRV122CTZTG87AYQJEZEE65QO8U8,2,line,I have my very own experience in stock market and I have been investing in stock for past 10 years. With those experience in real time and with some practical knowledge I made my decisions about the stock price. I tried my best of applying my mental calculation in finding the stock price.,FALSE,FALSE,FALSE,FALSE,FALSE,FALSE,FALSE,FALSE,FALSE,FALSE,FALSE,FALSE,FALSE,FALSE,TRUE,TRUE
3Z3ZLGNNSJUFNIUN504DYW96MIQ3Q4,2,line,I tried to estimate the average price by looking at the entire graph line and use the changes to guide my estimate.,FALSE,FALSE,FALSE,FALSE,FALSE,FALSE,FALSE,TRUE,FALSE,FALSE,FALSE,FALSE,FALSE,FALSE,TRUE,FALSE
3Z3ZLGNNSJUFNIUN504DYW96OPR3QL,2,point,I just follow the instructions and also my thoughts about stocks.,FALSE,FALSE,FALSE,FALSE,FALSE,FALSE,FALSE,FALSE,FALSE,FALSE,FALSE,FALSE,FALSE,FALSE,TRUE,TRUE
3Z4GS9HPNWANIJQVBDYXBM4RM4S777,2,line,"I tried to segment the charts in the X axis to figure out how much time they were over/under a certain point, and see if it was biased one direction or another. I am fairly confident that my actual answers were all wrong, but I did my best :)",FALSE,FALSE,FALSE,FALSE,FALSE,FALSE,FALSE,FALSE,TRUE,TRUE,FALSE,FALSE,FALSE,FALSE,FALSE,FALSE
3Z4GS9HPNWANIJQVBDYXBM4ROXY771,2,point,apparent average from the graph,FALSE,FALSE,TRUE,TRUE,FALSE,FALSE,FALSE,FALSE,FALSE,FALSE,FALSE,FALSE,FALSE,FALSE,FALSE,FALSE
3Z4XG4ZF49RLXC153VU1JLDA11VX83,2,point,"I looked at the density of the dots and number, I tried to keep a similar amount of dots above and below the line",FALSE,FALSE,TRUE,TRUE,FALSE,FALSE,FALSE,FALSE,TRUE,TRUE,FALSE,FALSE,FALSE,FALSE,FALSE,FALSE
3Z7ISHFUH1VA271K4DIMG6TL795Z8S,2,line,"I decided the average price based on high,low,prices of the stock and time period.",TRUE,TRUE,TRUE,TRUE,FALSE,FALSE,FALSE,FALSE,FALSE,FALSE,FALSE,FALSE,FALSE,FALSE,FALSE,FALSE
3Z7VU45IPZHSR7HZ5S971W6DXN4Z1L,2,point_arc,"1. The highs
 2. TThe lows.",TRUE,TRUE,TRUE,TRUE,FALSE,FALSE,FALSE,FALSE,FALSE,FALSE,FALSE,FALSE,FALSE,FALSE,FALSE,FALSE
3ZAZR5XV02ICEARXLPYRISP4ZL1CZU,2,line,Good current and projected profitability. Favorable asset utilization. Conservative capital structure. Earnings momentum.,FALSE,FALSE,FALSE,FALSE,FALSE,FALSE,FALSE,FALSE,FALSE,FALSE,FALSE,FALSE,FALSE,FALSE,TRUE,TRUE
3ZPBJO59KQ10SHXHFZNV2R3HQUMDHV,2,point_arc,I just tried to line it up so that the graph was symmetrical in height beneath and above the line as that most likely indicates the average.,FALSE,FALSE,TRUE,TRUE,FALSE,FALSE,FALSE,FALSE,FALSE,FALSE,TRUE,TRUE,FALSE,FALSE,FALSE,FALSE
3ZPPDN2SLWWC5HTYDIANVSNE5GKE9C,2,point_arc,no commenets,FALSE,FALSE,FALSE,FALSE,FALSE,FALSE,FALSE,FALSE,FALSE,FALSE,FALSE,FALSE,FALSE,FALSE,TRUE,TRUE
3ZQIG0FLQFG4JOSS1J9P9GJB3R1WVD,2,line,I did a mental image of lining up the blue line on each side of the line and picked the part of the graph where they appear to be even,FALSE,FALSE,FALSE,FALSE,FALSE,FALSE,FALSE,FALSE,TRUE,TRUE,FALSE,FALSE,FALSE,FALSE,FALSE,FALSE
3ZSY5X72NYB4L8291DD5RPHMFDPROR,2,point_arc,I tried to make the area above the red line and stock price line match up with the area below the redline and stock price line.,FALSE,FALSE,FALSE,FALSE,FALSE,FALSE,FALSE,FALSE,FALSE,FALSE,TRUE,TRUE,FALSE,FALSE,FALSE,FALSE
assignmentIdNoResponse05HM2B2,2,point_arc,"I assigned a number to high-peak and low-peak points, adding up the numbers and dividing by the number of peak points I found in the graph.",FALSE,TRUE,TRUE,TRUE,FALSE,FALSE,TRUE,TRUE,FALSE,FALSE,FALSE,FALSE,FALSE,FALSE,FALSE,FALSE
assignmentIdNoResponseIQEDKHM,2,line,How large an stocks price swing around the mean price is the way I used to assess the price of stock.,FALSE,FALSE,FALSE,FALSE,FALSE,FALSE,FALSE,TRUE,FALSE,FALSE,FALSE,FALSE,FALSE,FALSE,TRUE,FALSE
assignmentIdNoResponseZZCIZN1,2,point_arc,Maximum dots should be along the line or nearer the line.,FALSE,FALSE,FALSE,FALSE,FALSE,FALSE,FALSE,FALSE,FALSE,FALSE,FALSE,FALSE,FALSE,FALSE,TRUE,TRUE