participantId,trialId,trialOrder,responseId,condition,answer,duration,cleanedDuration,parameters_taskid,parameters_itemWidthMM,parameters_itemHeightMM,parameters_blindspotAngle,parameters_taskType,parameters_training,parameters_x,parameters_y,parameters_taskIndex
"5c787104f5b67c0001d5b39d","participantTags","","participantTags","default","[""virtual-chinrest""]","","","","","","","","","","",""
"5c787104f5b67c0001d5b39d","introduction","0","prolificId","default","5c787104f5b67c0001d5b39d","11616","11616","","","","","","","","",""
"5c787104f5b67c0001d5b39d","introduction","0","windowEvents","default","{""focus"":1,""input"":0,""keydown"":0,""keyup"":0,""mousemove"":14,""mousedown"":0,""mouseup"":0,""resize"":0,""scroll"":0,""visibility"":1}","","","","","","","","","","",""
"5c787104f5b67c0001d5b39d","consent","1","consentApproval","default","Accept","6147","6147","","","","","","","","",""
"5c787104f5b67c0001d5b39d","consent","1","windowEvents","default","{""focus"":2,""input"":1,""keydown"":0,""keyup"":0,""mousemove"":23,""mousedown"":3,""mouseup"":3,""resize"":0,""scroll"":3,""visibility"":0}","","","","","","","","","","",""
"5c787104f5b67c0001d5b39d","chinrest_intro","2","","default","","4064","4064","","","","","","","","",""
"5c787104f5b67c0001d5b39d","chinrest_intro","2","windowEvents","default","{""focus"":1,""input"":0,""keydown"":0,""keyup"":0,""mousemove"":11,""mousedown"":1,""mouseup"":1,""resize"":0,""scroll"":1,""visibility"":0}","","","","","","","","","","",""
"5c787104f5b67c0001d5b39d","$virtual-chinrest.components.card-size","3","pixelsPerMM","default","4.088785046728972","8477","8477","pixelsPerMM","85.6","53.98","","","","","",""
"5c787104f5b67c0001d5b39d","$virtual-chinrest.components.card-size","3","windowEvents","default","{""focus"":3,""input"":0,""keydown"":0,""keyup"":0,""mousemove"":43,""mousedown"":3,""mouseup"":3,""resize"":0,""scroll"":0,""visibility"":0}","","","","","","","","","","",""
"5c787104f5b67c0001d5b39d","$virtual-chinrest.components.blindspot-distance","4","dist-calibration-MM","default","744.8831760736963","67089","67089","","","","13.5","","","","",""
"5c787104f5b67c0001d5b39d","$virtual-chinrest.components.blindspot-distance","4","dist-calibration-CM","default","74.48831760736962","67089","67089","","","","13.5","","","","",""
"5c787104f5b67c0001d5b39d","$virtual-chinrest.components.blindspot-distance","4","ball-positions","default","[610,638,658,666,672]","67089","67089","","","","13.5","","","","",""
"5c787104f5b67c0001d5b39d","$virtual-chinrest.components.blindspot-distance","4","square-position","default","1380","67089","67089","","","","13.5","","","","",""
"5c787104f5b67c0001d5b39d","$virtual-chinrest.components.blindspot-distance","4","windowEvents","default","{""focus"":2,""input"":0,""keydown"":10,""keyup"":10,""mousemove"":9,""mousedown"":2,""mouseup"":1,""resize"":0,""scroll"":0,""visibility"":0}","","","","","","","","","","",""
"5c787104f5b67c0001d5b39d","study_overview","5","","default","","12885","12885","","","","","","","","",""
"5c787104f5b67c0001d5b39d","study_overview","5","windowEvents","default","{""focus"":1,""input"":0,""keydown"":0,""keyup"":0,""mousemove"":21,""mousedown"":1,""mouseup"":1,""resize"":0,""scroll"":0,""visibility"":0}","","","","","","","","","","",""
"5c787104f5b67c0001d5b39d","task1_intro","6","","default","","19794","19794","","","","","","","","",""
"5c787104f5b67c0001d5b39d","task1_intro","6","windowEvents","default","{""focus"":2,""input"":0,""keydown"":0,""keyup"":0,""mousemove"":18,""mousedown"":1,""mouseup"":1,""resize"":0,""scroll"":0,""visibility"":0}","","","","","","","","","","",""
"5c787104f5b67c0001d5b39d","block5_train_1","7","location-x","default","0.25","65438","65438","","","","","Block5","true","0.25","4.5",""
"5c787104f5b67c0001d5b39d","block5_train_1","7","location-y","default","4.5","65438","65438","","","","","Block5","true","0.25","4.5",""
"5c787104f5b67c0001d5b39d","block5_train_1","7","slider-x","default","0.25","65438","65438","","","","","Block5","true","0.25","4.5",""
"5c787104f5b67c0001d5b39d","block5_train_1","7","slider-y","default","4.52","65438","65438","","","","","Block5","true","0.25","4.5",""
"5c787104f5b67c0001d5b39d","block5_train_1","7","px-slider-x","default","330.875","65438","65438","","","","","Block5","true","0.25","4.5",""
"5c787104f5b67c0001d5b39d","block5_train_1","7","px-slider-y","default","231.46","65438","65438","","","","","Block5","true","0.25","4.5",""
"5c787104f5b67c0001d5b39d","block5_train_1","7","px-location-x","default","330.875","65438","65438","","","","","Block5","true","0.25","4.5",""
"5c787104f5b67c0001d5b39d","block5_train_1","7","px-location-y","default","232.25000000000003","65438","65438","","","","","Block5","true","0.25","4.5",""
"5c787104f5b67c0001d5b39d","block5_train_1","7","windowEvents","default","{""focus"":5,""input"":0,""keydown"":0,""keyup"":0,""mousemove"":245,""mousedown"":14,""mouseup"":15,""resize"":0,""scroll"":5,""visibility"":0}","","","","","","","","","","",""
"5c787104f5b67c0001d5b39d","block5_train_2","8","location-x","default","-1.5","38736","38736","","","","","Block5","true","-1.5","7.2",""
"5c787104f5b67c0001d5b39d","block5_train_2","8","location-y","default","7.2","38736","38736","","","","","Block5","true","-1.5","7.2",""
"5c787104f5b67c0001d5b39d","block5_train_2","8","slider-x","default","-1.51","38736","38736","","","","","Block5","true","-1.5","7.2",""
"5c787104f5b67c0001d5b39d","block5_train_2","8","slider-y","default","7.19","38736","38736","","","","","Block5","true","-1.5","7.2",""
"5c787104f5b67c0001d5b39d","block5_train_2","8","px-slider-x","default","236.71500000000003","38736","38736","","","","","Block5","true","-1.5","7.2",""
"5c787104f5b67c0001d5b39d","block5_train_2","8","px-slider-y","default","125.99499999999996","38736","38736","","","","","Block5","true","-1.5","7.2",""
"5c787104f5b67c0001d5b39d","block5_train_2","8","px-location-x","default","237.25","38736","38736","","","","","Block5","true","-1.5","7.2",""
"5c787104f5b67c0001d5b39d","block5_train_2","8","px-location-y","default","125.60000000000001","38736","38736","","","","","Block5","true","-1.5","7.2",""
"5c787104f5b67c0001d5b39d","block5_train_2","8","windowEvents","default","{""focus"":4,""input"":0,""keydown"":0,""keyup"":0,""mousemove"":103,""mousedown"":6,""mouseup"":6,""resize"":0,""scroll"":9,""visibility"":0}","","","","","","","","","","",""
"5c787104f5b67c0001d5b39d","task1_test_intro","9","","default","","6390","6390","","","","","","","","",""
"5c787104f5b67c0001d5b39d","task1_test_intro","9","windowEvents","default","{""focus"":1,""input"":0,""keydown"":1,""keyup"":1,""mousemove"":18,""mousedown"":1,""mouseup"":1,""resize"":1,""scroll"":1,""visibility"":0}","","","","","","","","","","",""
"5c787104f5b67c0001d5b39d","block5_test_7","10","location-x","default","-1.03","49913","49913","","","","","Block5","false","","",""
"5c787104f5b67c0001d5b39d","block5_test_7","10","location-y","default","9.15","49913","49913","","","","","Block5","false","","",""
"5c787104f5b67c0001d5b39d","block5_test_7","10","slider-x","default","-0.99","49913","49913","","","","","Block5","false","","",""
"5c787104f5b67c0001d5b39d","block5_test_7","10","slider-y","default","9","49913","49913","","","","","Block5","false","","",""
"5c787104f5b67c0001d5b39d","block5_test_7","10","px-slider-x","default","264.53499999999997","49913","49913","","","","","Block5","false","","",""
"5c787104f5b67c0001d5b39d","block5_test_7","10","px-slider-y","default","54.49999999999999","49913","49913","","","","","Block5","false","","",""
"5c787104f5b67c0001d5b39d","block5_test_7","10","px-location-x","default","262.395","49913","49913","","","","","Block5","false","","",""
"5c787104f5b67c0001d5b39d","block5_test_7","10","px-location-y","default","48.57499999999999","49913","49913","","","","","Block5","false","","",""
"5c787104f5b67c0001d5b39d","block5_test_7","10","windowEvents","default","{""focus"":5,""input"":0,""keydown"":3,""keyup"":3,""mousemove"":242,""mousedown"":7,""mouseup"":6,""resize"":0,""scroll"":0,""visibility"":0}","","","","","","","","","","",""
"5c787104f5b67c0001d5b39d","block5_test_1","11","location-x","default","1.61","96060","96060","","","","","Block5","false","","",""
"5c787104f5b67c0001d5b39d","block5_test_1","11","location-y","default","5.15","96060","96060","","","","","Block5","false","","",""
"5c787104f5b67c0001d5b39d","block5_test_1","11","slider-x","default","1.51","96060","96060","","","","","Block5","false","","",""
"5c787104f5b67c0001d5b39d","block5_test_1","11","slider-y","default","4.97","96060","96060","","","","","Block5","false","","",""
"5c787104f5b67c0001d5b39d","block5_test_1","11","px-slider-x","default","398.285","96060","96060","","","","","Block5","false","","",""
"5c787104f5b67c0001d5b39d","block5_test_1","11","px-slider-y","default","213.685","96060","96060","","","","","Block5","false","","",""
"5c787104f5b67c0001d5b39d","block5_test_1","11","px-location-x","default","403.635","96060","96060","","","","","Block5","false","","",""
"5c787104f5b67c0001d5b39d","block5_test_1","11","px-location-y","default","206.575","96060","96060","","","","","Block5","false","","",""
"5c787104f5b67c0001d5b39d","block5_test_1","11","windowEvents","default","{""focus"":4,""input"":0,""keydown"":0,""keyup"":0,""mousemove"":247,""mousedown"":7,""mouseup"":8,""resize"":0,""scroll"":0,""visibility"":0}","","","","","","","","","","",""
"5c787104f5b67c0001d5b39d","block5_test_3","12","location-x","default","-3.44","31457","31457","","","","","Block5","false","","",""
"5c787104f5b67c0001d5b39d","block5_test_3","12","location-y","default","9.98","31457","31457","","","","","Block5","false","","",""
"5c787104f5b67c0001d5b39d","block5_test_3","12","slider-x","default","-3","31457","31457","","","","","Block5","false","","",""
"5c787104f5b67c0001d5b39d","block5_test_3","12","slider-y","default","10","31457","31457","","","","","Block5","false","","",""
"5c787104f5b67c0001d5b39d","block5_test_3","12","px-slider-x","default","157","31457","31457","","","","","Block5","false","","",""
"5c787104f5b67c0001d5b39d","block5_test_3","12","px-slider-y","default","15","31457","31457","","","","","Block5","false","","",""
"5c787104f5b67c0001d5b39d","block5_test_3","12","px-location-x","default","133.46","31457","31457","","","","","Block5","false","","",""
"5c787104f5b67c0001d5b39d","block5_test_3","12","px-location-y","default","15.790000000000001","31457","31457","","","","","Block5","false","","",""
"5c787104f5b67c0001d5b39d","block5_test_3","12","windowEvents","default","{""focus"":4,""input"":0,""keydown"":0,""keyup"":0,""mousemove"":128,""mousedown"":6,""mouseup"":5,""resize"":0,""scroll"":0,""visibility"":0}","","","","","","","","","","",""
"5c787104f5b67c0001d5b39d","block5_test_10","13","location-x","default","4.71","150800","150800","","","","","Block5","false","","",""
"5c787104f5b67c0001d5b39d","block5_test_10","13","location-y","default","3.11","150800","150800","","","","","Block5","false","","",""
"5c787104f5b67c0001d5b39d","block5_test_10","13","slider-x","default","4.75","150800","150800","","","","","Block5","false","","",""
"5c787104f5b67c0001d5b39d","block5_test_10","13","slider-y","default","3.24","150800","150800","","","","","Block5","false","","",""
"5c787104f5b67c0001d5b39d","block5_test_10","13","px-slider-x","default","571.625","150800","150800","","","","","Block5","false","","",""
"5c787104f5b67c0001d5b39d","block5_test_10","13","px-slider-y","default","282.02","150800","150800","","","","","Block5","false","","",""
"5c787104f5b67c0001d5b39d","block5_test_10","13","px-location-x","default","569.4850000000001","150800","150800","","","","","Block5","false","","",""
"5c787104f5b67c0001d5b39d","block5_test_10","13","px-location-y","default","287.15500000000003","150800","150800","","","","","Block5","false","","",""
"5c787104f5b67c0001d5b39d","block5_test_10","13","windowEvents","default","{""focus"":3,""input"":0,""keydown"":0,""keyup"":0,""mousemove"":292,""mousedown"":5,""mouseup"":5,""resize"":0,""scroll"":0,""visibility"":0}","","","","","","","","","","",""
"5c787104f5b67c0001d5b39d","block5_test_6","14","location-x","default","-2.77","32931","32931","","","","","Block5","false","","",""
"5c787104f5b67c0001d5b39d","block5_test_6","14","location-y","default","9.76","32931","32931","","","","","Block5","false","","",""
"5c787104f5b67c0001d5b39d","block5_test_6","14","slider-x","default","-2.5","32931","32931","","","","","Block5","false","","",""
"5c787104f5b67c0001d5b39d","block5_test_6","14","slider-y","default","9.75","32931","32931","","","","","Block5","false","","",""
"5c787104f5b67c0001d5b39d","block5_test_6","14","px-slider-x","default","183.75","32931","32931","","","","","Block5","false","","",""
"5c787104f5b67c0001d5b39d","block5_test_6","14","px-slider-y","default","24.875000000000007","32931","32931","","","","","Block5","false","","",""
"5c787104f5b67c0001d5b39d","block5_test_6","14","px-location-x","default","169.305","32931","32931","","","","","Block5","false","","",""
"5c787104f5b67c0001d5b39d","block5_test_6","14","px-location-y","default","24.48000000000001","32931","32931","","","","","Block5","false","","",""
"5c787104f5b67c0001d5b39d","block5_test_6","14","windowEvents","default","{""focus"":4,""input"":0,""keydown"":0,""keyup"":0,""mousemove"":90,""mousedown"":6,""mouseup"":6,""resize"":0,""scroll"":0,""visibility"":0}","","","","","","","","","","",""
"5c787104f5b67c0001d5b39d","block5_test_8","15","location-x","default","2.61","131167","131167","","","","","Block5","false","","",""
"5c787104f5b67c0001d5b39d","block5_test_8","15","location-y","default","6.43","131167","131167","","","","","Block5","false","","",""
"5c787104f5b67c0001d5b39d","block5_test_8","15","slider-x","default","2.59","131167","131167","","","","","Block5","false","","",""
"5c787104f5b67c0001d5b39d","block5_test_8","15","slider-y","default","6.51","131167","131167","","","","","Block5","false","","",""
"5c787104f5b67c0001d5b39d","block5_test_8","15","px-slider-x","default","456.065","131167","131167","","","","","Block5","false","","",""
"5c787104f5b67c0001d5b39d","block5_test_8","15","px-slider-y","default","152.85500000000002","131167","131167","","","","","Block5","false","","",""
"5c787104f5b67c0001d5b39d","block5_test_8","15","px-location-x","default","457.13499999999993","131167","131167","","","","","Block5","false","","",""
"5c787104f5b67c0001d5b39d","block5_test_8","15","px-location-y","default","156.01500000000001","131167","131167","","","","","Block5","false","","",""
"5c787104f5b67c0001d5b39d","block5_test_8","15","windowEvents","default","{""focus"":3,""input"":0,""keydown"":0,""keyup"":0,""mousemove"":219,""mousedown"":9,""mouseup"":9,""resize"":0,""scroll"":0,""visibility"":0}","","","","","","","","","","",""
"5c787104f5b67c0001d5b39d","block5_test_9","16","location-x","default","3.05","125521","125521","","","","","Block5","false","","",""
"5c787104f5b67c0001d5b39d","block5_test_9","16","location-y","default","3.17","125521","125521","","","","","Block5","false","","",""
"5c787104f5b67c0001d5b39d","block5_test_9","16","slider-x","default","3","125521","125521","","","","","Block5","false","","",""
"5c787104f5b67c0001d5b39d","block5_test_9","16","slider-y","default","3.51","125521","125521","","","","","Block5","false","","",""
"5c787104f5b67c0001d5b39d","block5_test_9","16","px-slider-x","default","478","125521","125521","","","","","Block5","false","","",""
"5c787104f5b67c0001d5b39d","block5_test_9","16","px-slider-y","default","271.355","125521","125521","","","","","Block5","false","","",""
"5c787104f5b67c0001d5b39d","block5_test_9","16","px-location-x","default","480.675","125521","125521","","","","","Block5","false","","",""
"5c787104f5b67c0001d5b39d","block5_test_9","16","px-location-y","default","284.785","125521","125521","","","","","Block5","false","","",""
"5c787104f5b67c0001d5b39d","block5_test_9","16","windowEvents","default","{""focus"":2,""input"":0,""keydown"":0,""keyup"":0,""mousemove"":266,""mousedown"":6,""mouseup"":7,""resize"":0,""scroll"":0,""visibility"":0}","","","","","","","","","","",""
"5c787104f5b67c0001d5b39d","block5_test_4","17","location-x","default","-0.7","26899","26899","","","","","Block5","false","","",""
"5c787104f5b67c0001d5b39d","block5_test_4","17","location-y","default","6.5","26899","26899","","","","","Block5","false","","",""
"5c787104f5b67c0001d5b39d","block5_test_4","17","slider-x","default","-1.01","26899","26899","","","","","Block5","false","","",""
"5c787104f5b67c0001d5b39d","block5_test_4","17","slider-y","default","6.49","26899","26899","","","","","Block5","false","","",""
"5c787104f5b67c0001d5b39d","block5_test_4","17","px-slider-x","default","263.46500000000003","26899","26899","","","","","Block5","false","","",""
"5c787104f5b67c0001d5b39d","block5_test_4","17","px-slider-y","default","153.64499999999998","26899","26899","","","","","Block5","false","","",""
"5c787104f5b67c0001d5b39d","block5_test_4","17","px-location-x","default","280.05","26899","26899","","","","","Block5","false","","",""
"5c787104f5b67c0001d5b39d","block5_test_4","17","px-location-y","default","153.25","26899","26899","","","","","Block5","false","","",""
"5c787104f5b67c0001d5b39d","block5_test_4","17","windowEvents","default","{""focus"":4,""input"":0,""keydown"":0,""keyup"":0,""mousemove"":93,""mousedown"":6,""mouseup"":5,""resize"":0,""scroll"":0,""visibility"":0}","","","","","","","","","","",""
"5c787104f5b67c0001d5b39d","block5_test_5","18","location-x","default","-0.71","32119","32119","","","","","Block5","false","","",""
"5c787104f5b67c0001d5b39d","block5_test_5","18","location-y","default","1.55","32119","32119","","","","","Block5","false","","",""
"5c787104f5b67c0001d5b39d","block5_test_5","18","slider-x","default","-0.74","32119","32119","","","","","Block5","false","","",""
"5c787104f5b67c0001d5b39d","block5_test_5","18","slider-y","default","1.5","32119","32119","","","","","Block5","false","","",""
"5c787104f5b67c0001d5b39d","block5_test_5","18","px-slider-x","default","277.91","32119","32119","","","","","Block5","false","","",""
"5c787104f5b67c0001d5b39d","block5_test_5","18","px-slider-y","default","350.75","32119","32119","","","","","Block5","false","","",""
"5c787104f5b67c0001d5b39d","block5_test_5","18","px-location-x","default","279.515","32119","32119","","","","","Block5","false","","",""
"5c787104f5b67c0001d5b39d","block5_test_5","18","px-location-y","default","348.775","32119","32119","","","","","Block5","false","","",""
"5c787104f5b67c0001d5b39d","block5_test_5","18","windowEvents","default","{""focus"":3,""input"":0,""keydown"":0,""keyup"":0,""mousemove"":81,""mousedown"":5,""mouseup"":5,""resize"":0,""scroll"":0,""visibility"":0}","","","","","","","","","","",""
"5c787104f5b67c0001d5b39d","block5_test_2","19","location-x","default","1.12","26351","26351","","","","","Block5","false","","",""
"5c787104f5b67c0001d5b39d","block5_test_2","19","location-y","default","4.1","26351","26351","","","","","Block5","false","","",""
"5c787104f5b67c0001d5b39d","block5_test_2","19","slider-x","default","1.03","26351","26351","","","","","Block5","false","","",""
"5c787104f5b67c0001d5b39d","block5_test_2","19","slider-y","default","4.26","26351","26351","","","","","Block5","false","","",""
"5c787104f5b67c0001d5b39d","block5_test_2","19","px-slider-x","default","372.605","26351","26351","","","","","Block5","false","","",""
"5c787104f5b67c0001d5b39d","block5_test_2","19","px-slider-y","default","241.73000000000002","26351","26351","","","","","Block5","false","","",""
"5c787104f5b67c0001d5b39d","block5_test_2","19","px-location-x","default","377.41999999999996","26351","26351","","","","","Block5","false","","",""
"5c787104f5b67c0001d5b39d","block5_test_2","19","px-location-y","default","248.05000000000004","26351","26351","","","","","Block5","false","","",""
"5c787104f5b67c0001d5b39d","block5_test_2","19","windowEvents","default","{""focus"":3,""input"":0,""keydown"":0,""keyup"":0,""mousemove"":76,""mousedown"":5,""mouseup"":5,""resize"":0,""scroll"":0,""visibility"":0}","","","","","","","","","","",""
"5c787104f5b67c0001d5b39d","task2_intro","20","","default","","13082","13082","","","","","","","","",""
"5c787104f5b67c0001d5b39d","task2_intro","20","windowEvents","default","{""focus"":0,""input"":0,""keydown"":0,""keyup"":0,""mousemove"":10,""mousedown"":0,""mouseup"":1,""resize"":0,""scroll"":0,""visibility"":0}","","","","","","","","","","",""
"5c787104f5b67c0001d5b39d","moritz_train_pointArc_1","21","pixelResponse","default","106","25239","25239","","","","","point","true","","","4"
"5c787104f5b67c0001d5b39d","moritz_train_pointArc_1","21","numericResponse","default","0.47","25239","25239","","","","","point","true","","","4"
"5c787104f5b67c0001d5b39d","moritz_train_pointArc_1","21","windowEvents","default","{""focus"":3,""input"":0,""keydown"":0,""keyup"":0,""mousemove"":85,""mousedown"":5,""mouseup"":5,""resize"":0,""scroll"":0,""visibility"":0}","","","","","","","","","","",""
"5c787104f5b67c0001d5b39d","moritz_train_pointArc_2","22","pixelResponse","default","87.99999999999999","43627","43627","","","","","point","true","","","5"
"5c787104f5b67c0001d5b39d","moritz_train_pointArc_2","22","numericResponse","default","0.56","43627","43627","","","","","point","true","","","5"
"5c787104f5b67c0001d5b39d","moritz_train_pointArc_2","22","windowEvents","default","{""focus"":4,""input"":0,""keydown"":0,""keyup"":0,""mousemove"":142,""mousedown"":23,""mouseup"":22,""resize"":0,""scroll"":0,""visibility"":0}","","","","","","","","","","",""
"5c787104f5b67c0001d5b39d","task2_test_intro","23","","default","","5511","5511","","","","","","","","",""
"5c787104f5b67c0001d5b39d","task2_test_intro","23","windowEvents","default","{""focus"":0,""input"":0,""keydown"":0,""keyup"":0,""mousemove"":26,""mousedown"":1,""mouseup"":2,""resize"":0,""scroll"":0,""visibility"":0}","","","","","","","","","","",""
"5c787104f5b67c0001d5b39d","pointArc_task_27","24","pixelResponse","default","89.99999999999999","7991","7991","","","","","pointArc","","","","82"
"5c787104f5b67c0001d5b39d","pointArc_task_27","24","numericResponse","default","0.55","7991","7991","","","","","pointArc","","","","82"
"5c787104f5b67c0001d5b39d","pointArc_task_27","24","windowEvents","default","{""focus"":2,""input"":0,""keydown"":0,""keyup"":0,""mousemove"":41,""mousedown"":2,""mouseup"":2,""resize"":0,""scroll"":0,""visibility"":0}","","","","","","","","","","",""
"5c787104f5b67c0001d5b39d","pointArc_task_6","25","pixelResponse","default","74","5205","5205","","","","","pointArc","","","","21"
"5c787104f5b67c0001d5b39d","pointArc_task_6","25","numericResponse","default","0.63","5205","5205","","","","","pointArc","","","","21"
"5c787104f5b67c0001d5b39d","pointArc_task_6","25","windowEvents","default","{""focus"":2,""input"":0,""keydown"":0,""keyup"":0,""mousemove"":27,""mousedown"":2,""mouseup"":2,""resize"":0,""scroll"":0,""visibility"":0}","","","","","","","","","","",""
"5c787104f5b67c0001d5b39d","pointArc_task_43","26","pixelResponse","default","67.99999999999999","5429","5429","","","","","pointArc","","","","130"
"5c787104f5b67c0001d5b39d","pointArc_task_43","26","numericResponse","default","0.66","5429","5429","","","","","pointArc","","","","130"
"5c787104f5b67c0001d5b39d","pointArc_task_43","26","windowEvents","default","{""focus"":2,""input"":0,""keydown"":0,""keyup"":0,""mousemove"":30,""mousedown"":3,""mouseup"":3,""resize"":0,""scroll"":0,""visibility"":0}","","","","","","","","","","",""
"5c787104f5b67c0001d5b39d","pointArc_task_9","27","pixelResponse","default","106","6650","6650","","","","","pointArc","","","","32"
"5c787104f5b67c0001d5b39d","pointArc_task_9","27","numericResponse","default","0.47","6650","6650","","","","","pointArc","","","","32"
"5c787104f5b67c0001d5b39d","pointArc_task_9","27","windowEvents","default","{""focus"":2,""input"":0,""keydown"":0,""keyup"":0,""mousemove"":39,""mousedown"":2,""mouseup"":2,""resize"":0,""scroll"":0,""visibility"":0}","","","","","","","","","","",""
"5c787104f5b67c0001d5b39d","pointArc_task_17","28","pixelResponse","default","95.99999999999999","4144","4144","","","","","pointArc","","","","56"
"5c787104f5b67c0001d5b39d","pointArc_task_17","28","numericResponse","default","0.52","4144","4144","","","","","pointArc","","","","56"
"5c787104f5b67c0001d5b39d","pointArc_task_17","28","windowEvents","default","{""focus"":2,""input"":0,""keydown"":0,""keyup"":0,""mousemove"":20,""mousedown"":2,""mouseup"":2,""resize"":0,""scroll"":0,""visibility"":0}","","","","","","","","","","",""
"5c787104f5b67c0001d5b39d","pointArc_task_37","29","pixelResponse","default","112.00000000000001","10960","10960","","","","","pointArc","","","","116"
"5c787104f5b67c0001d5b39d","pointArc_task_37","29","numericResponse","default","0.44","10960","10960","","","","","pointArc","","","","116"
"5c787104f5b67c0001d5b39d","pointArc_task_37","29","windowEvents","default","{""focus"":2,""input"":0,""keydown"":0,""keyup"":0,""mousemove"":60,""mousedown"":2,""mouseup"":2,""resize"":0,""scroll"":0,""visibility"":0}","","","","","","","","","","",""
"5c787104f5b67c0001d5b39d","pointArc_task_15","30","pixelResponse","default","80","5740","5740","","","","","pointArc","","","","46"
"5c787104f5b67c0001d5b39d","pointArc_task_15","30","numericResponse","default","0.6","5740","5740","","","","","pointArc","","","","46"
"5c787104f5b67c0001d5b39d","pointArc_task_15","30","windowEvents","default","{""focus"":2,""input"":0,""keydown"":0,""keyup"":0,""mousemove"":34,""mousedown"":3,""mouseup"":3,""resize"":0,""scroll"":0,""visibility"":0}","","","","","","","","","","",""
"5c787104f5b67c0001d5b39d","pointArc_task_45","31","pixelResponse","default","112.00000000000001","5967","5967","","","","","pointArc","","","","140"
"5c787104f5b67c0001d5b39d","pointArc_task_45","31","numericResponse","default","0.44","5967","5967","","","","","pointArc","","","","140"
"5c787104f5b67c0001d5b39d","pointArc_task_45","31","windowEvents","default","{""focus"":2,""input"":0,""keydown"":0,""keyup"":0,""mousemove"":29,""mousedown"":3,""mouseup"":3,""resize"":0,""scroll"":0,""visibility"":0}","","","","","","","","","","",""
"5c787104f5b67c0001d5b39d","pointArc_task_29","32","pixelResponse","default","114.00000000000001","5179","5179","","","","","pointArc","","","","92"
"5c787104f5b67c0001d5b39d","pointArc_task_29","32","numericResponse","default","0.43","5179","5179","","","","","pointArc","","","","92"
"5c787104f5b67c0001d5b39d","pointArc_task_29","32","windowEvents","default","{""focus"":3,""input"":0,""keydown"":0,""keyup"":0,""mousemove"":20,""mousedown"":7,""mouseup"":6,""resize"":0,""scroll"":0,""visibility"":0}","","","","","","","","","","",""
"5c787104f5b67c0001d5b39d","pointArc_task_2","33","pixelResponse","default","84.00000000000001","7417","7417","","","","","pointArc","","","","9"
"5c787104f5b67c0001d5b39d","pointArc_task_2","33","numericResponse","default","0.58","7417","7417","","","","","pointArc","","","","9"
"5c787104f5b67c0001d5b39d","pointArc_task_2","33","windowEvents","default","{""focus"":1,""input"":0,""keydown"":0,""keyup"":0,""mousemove"":48,""mousedown"":1,""mouseup"":2,""resize"":0,""scroll"":0,""visibility"":0}","","","","","","","","","","",""
"5c787104f5b67c0001d5b39d","pointArc_task_41","34","pixelResponse","default","102","5791","5791","","","","","pointArc","","","","128"
"5c787104f5b67c0001d5b39d","pointArc_task_41","34","numericResponse","default","0.49","5791","5791","","","","","pointArc","","","","128"
"5c787104f5b67c0001d5b39d","pointArc_task_41","34","windowEvents","default","{""focus"":2,""input"":0,""keydown"":0,""keyup"":0,""mousemove"":24,""mousedown"":4,""mouseup"":4,""resize"":0,""scroll"":0,""visibility"":0}","","","","","","","","","","",""
"5c787104f5b67c0001d5b39d","pointArc_task_8","35","pixelResponse","default","102","6233","6233","","","","","pointArc","","","","23"
"5c787104f5b67c0001d5b39d","pointArc_task_8","35","numericResponse","default","0.49","6233","6233","","","","","pointArc","","","","23"
"5c787104f5b67c0001d5b39d","pointArc_task_8","35","windowEvents","default","{""focus"":2,""input"":0,""keydown"":0,""keyup"":0,""mousemove"":31,""mousedown"":3,""mouseup"":3,""resize"":0,""scroll"":0,""visibility"":0}","","","","","","","","","","",""
"5c787104f5b67c0001d5b39d","pointArc_task_5","36","pixelResponse","default","82.00000000000001","4739","4739","","","","","pointArc","","","","20"
"5c787104f5b67c0001d5b39d","pointArc_task_5","36","numericResponse","default","0.59","4739","4739","","","","","pointArc","","","","20"
"5c787104f5b67c0001d5b39d","pointArc_task_5","36","windowEvents","default","{""focus"":2,""input"":0,""keydown"":0,""keyup"":0,""mousemove"":29,""mousedown"":2,""mouseup"":2,""resize"":0,""scroll"":0,""visibility"":0}","","","","","","","","","","",""
"5c787104f5b67c0001d5b39d","pointArc_task_47","37","pixelResponse","default","128","6888","6888","","","","","pointArc","","","","142"
"5c787104f5b67c0001d5b39d","pointArc_task_47","37","numericResponse","default","0.36","6888","6888","","","","","pointArc","","","","142"
"5c787104f5b67c0001d5b39d","pointArc_task_47","37","windowEvents","default","{""focus"":2,""input"":0,""keydown"":0,""keyup"":0,""mousemove"":30,""mousedown"":2,""mouseup"":2,""resize"":0,""scroll"":0,""visibility"":0}","","","","","","","","","","",""
"5c787104f5b67c0001d5b39d","pointArc_task_28","38","pixelResponse","default","76","7936","7936","","","","","pointArc","","","","83"
"5c787104f5b67c0001d5b39d","pointArc_task_28","38","numericResponse","default","0.62","7936","7936","","","","","pointArc","","","","83"
"5c787104f5b67c0001d5b39d","pointArc_task_28","38","windowEvents","default","{""focus"":3,""input"":0,""keydown"":0,""keyup"":0,""mousemove"":40,""mousedown"":5,""mouseup"":5,""resize"":0,""scroll"":0,""visibility"":0}","","","","","","","","","","",""
"5c787104f5b67c0001d5b39d","pointArc_task_16","39","pixelResponse","default","52.00000000000001","4696","4696","","","","","pointArc","","","","47"
"5c787104f5b67c0001d5b39d","pointArc_task_16","39","numericResponse","default","0.74","4696","4696","","","","","pointArc","","","","47"
"5c787104f5b67c0001d5b39d","pointArc_task_16","39","windowEvents","default","{""focus"":2,""input"":0,""keydown"":0,""keyup"":0,""mousemove"":21,""mousedown"":3,""mouseup"":3,""resize"":0,""scroll"":0,""visibility"":0}","","","","","","","","","","",""
"5c787104f5b67c0001d5b39d","pointArc_task_23","40","pixelResponse","default","64","5439","5439","","","","","pointArc","","","","70"
"5c787104f5b67c0001d5b39d","pointArc_task_23","40","numericResponse","default","0.68","5439","5439","","","","","pointArc","","","","70"
"5c787104f5b67c0001d5b39d","pointArc_task_23","40","windowEvents","default","{""focus"":3,""input"":0,""keydown"":0,""keyup"":0,""mousemove"":35,""mousedown"":3,""mouseup"":2,""resize"":0,""scroll"":0,""visibility"":0}","","","","","","","","","","",""
"5c787104f5b67c0001d5b39d","pointArc_task_35","41","pixelResponse","default","110.00000000000001","6595","6595","","","","","pointArc","","","","106"
"5c787104f5b67c0001d5b39d","pointArc_task_35","41","numericResponse","default","0.45","6595","6595","","","","","pointArc","","","","106"
"5c787104f5b67c0001d5b39d","pointArc_task_35","41","windowEvents","default","{""focus"":2,""input"":0,""keydown"":0,""keyup"":0,""mousemove"":39,""mousedown"":4,""mouseup"":4,""resize"":0,""scroll"":0,""visibility"":0}","","","","","","","","","","",""
"5c787104f5b67c0001d5b39d","pointArc_task_3","42","pixelResponse","default","94","4309","4309","","","","","pointArc","","","","10"
"5c787104f5b67c0001d5b39d","pointArc_task_3","42","numericResponse","default","0.53","4309","4309","","","","","pointArc","","","","10"
"5c787104f5b67c0001d5b39d","pointArc_task_3","42","windowEvents","default","{""focus"":2,""input"":0,""keydown"":0,""keyup"":0,""mousemove"":23,""mousedown"":1,""mouseup"":2,""resize"":0,""scroll"":0,""visibility"":0}","","","","","","","","","","",""
"5c787104f5b67c0001d5b39d","pointArc_task_46","43","pixelResponse","default","86","3916","3916","","","","","pointArc","","","","141"
"5c787104f5b67c0001d5b39d","pointArc_task_46","43","numericResponse","default","0.57","3916","3916","","","","","pointArc","","","","141"
"5c787104f5b67c0001d5b39d","pointArc_task_46","43","windowEvents","default","{""focus"":2,""input"":0,""keydown"":0,""keyup"":0,""mousemove"":22,""mousedown"":2,""mouseup"":2,""resize"":0,""scroll"":0,""visibility"":0}","","","","","","","","","","",""
"5c787104f5b67c0001d5b39d","pointArc_task_32","44","pixelResponse","default","89.99999999999999","4956","4956","","","","","pointArc","","","","95"
"5c787104f5b67c0001d5b39d","pointArc_task_32","44","numericResponse","default","0.55","4956","4956","","","","","pointArc","","","","95"
"5c787104f5b67c0001d5b39d","pointArc_task_32","44","windowEvents","default","{""focus"":2,""input"":0,""keydown"":0,""keyup"":0,""mousemove"":31,""mousedown"":2,""mouseup"":2,""resize"":0,""scroll"":0,""visibility"":0}","","","","","","","","","","",""
"5c787104f5b67c0001d5b39d","pointArc_task_40","45","pixelResponse","default","98","4930","4930","","","","","pointArc","","","","119"
"5c787104f5b67c0001d5b39d","pointArc_task_40","45","numericResponse","default","0.51","4930","4930","","","","","pointArc","","","","119"
"5c787104f5b67c0001d5b39d","pointArc_task_40","45","windowEvents","default","{""focus"":3,""input"":0,""keydown"":0,""keyup"":0,""mousemove"":32,""mousedown"":3,""mouseup"":2,""resize"":0,""scroll"":0,""visibility"":0}","","","","","","","","","","",""
"5c787104f5b67c0001d5b39d","pointArc_task_10","46","pixelResponse","default","106","4997","4997","","","","","pointArc","","","","33"
"5c787104f5b67c0001d5b39d","pointArc_task_10","46","numericResponse","default","0.47","4997","4997","","","","","pointArc","","","","33"
"5c787104f5b67c0001d5b39d","pointArc_task_10","46","windowEvents","default","{""focus"":1,""input"":0,""keydown"":0,""keyup"":0,""mousemove"":30,""mousedown"":2,""mouseup"":3,""resize"":0,""scroll"":0,""visibility"":0}","","","","","","","","","","",""
"5c787104f5b67c0001d5b39d","pointArc_task_7","47","pixelResponse","default","72","4313","4313","","","","","pointArc","","","","22"
"5c787104f5b67c0001d5b39d","pointArc_task_7","47","numericResponse","default","0.64","4313","4313","","","","","pointArc","","","","22"
"5c787104f5b67c0001d5b39d","pointArc_task_7","47","windowEvents","default","{""focus"":2,""input"":0,""keydown"":0,""keyup"":0,""mousemove"":29,""mousedown"":2,""mouseup"":2,""resize"":0,""scroll"":0,""visibility"":0}","","","","","","","","","","",""
"5c787104f5b67c0001d5b39d","pointArc_task_38","48","pixelResponse","default","98","4846","4846","","","","","pointArc","","","","117"
"5c787104f5b67c0001d5b39d","pointArc_task_38","48","numericResponse","default","0.51","4846","4846","","","","","pointArc","","","","117"
"5c787104f5b67c0001d5b39d","pointArc_task_38","48","windowEvents","default","{""focus"":2,""input"":0,""keydown"":0,""keyup"":0,""mousemove"":27,""mousedown"":2,""mouseup"":2,""resize"":0,""scroll"":0,""visibility"":0}","","","","","","","","","","",""
"5c787104f5b67c0001d5b39d","pointArc_task_24","49","pixelResponse","default","102","4891","4891","","","","","pointArc","","","","71"
"5c787104f5b67c0001d5b39d","pointArc_task_24","49","numericResponse","default","0.49","4891","4891","","","","","pointArc","","","","71"
"5c787104f5b67c0001d5b39d","pointArc_task_24","49","windowEvents","default","{""focus"":2,""input"":0,""keydown"":0,""keyup"":0,""mousemove"":34,""mousedown"":2,""mouseup"":2,""resize"":0,""scroll"":0,""visibility"":0}","","","","","","","","","","",""
"5c787104f5b67c0001d5b39d","pointArc_task_39","50","pixelResponse","default","110.00000000000001","6934","6934","","","","","pointArc","","","","118"
"5c787104f5b67c0001d5b39d","pointArc_task_39","50","numericResponse","default","0.45","6934","6934","","","","","pointArc","","","","118"
"5c787104f5b67c0001d5b39d","pointArc_task_39","50","windowEvents","default","{""focus"":3,""input"":0,""keydown"":0,""keyup"":0,""mousemove"":37,""mousedown"":4,""mouseup"":4,""resize"":0,""scroll"":0,""visibility"":0}","","","","","","","","","","",""
"5c787104f5b67c0001d5b39d","pointArc_task_21","51","pixelResponse","default","116.00000000000001","5999","5999","","","","","pointArc","","","","68"
"5c787104f5b67c0001d5b39d","pointArc_task_21","51","numericResponse","default","0.42","5999","5999","","","","","pointArc","","","","68"
"5c787104f5b67c0001d5b39d","pointArc_task_21","51","windowEvents","default","{""focus"":1,""input"":0,""keydown"":0,""keyup"":0,""mousemove"":37,""mousedown"":3,""mouseup"":3,""resize"":0,""scroll"":0,""visibility"":0}","","","","","","","","","","",""
"5c787104f5b67c0001d5b39d","pointArc_task_4","52","pixelResponse","default","124","5305","5305","","","","","pointArc","","","","11"
"5c787104f5b67c0001d5b39d","pointArc_task_4","52","numericResponse","default","0.38","5305","5305","","","","","pointArc","","","","11"
"5c787104f5b67c0001d5b39d","pointArc_task_4","52","windowEvents","default","{""focus"":2,""input"":0,""keydown"":0,""keyup"":0,""mousemove"":26,""mousedown"":2,""mouseup"":2,""resize"":0,""scroll"":0,""visibility"":0}","","","","","","","","","","",""
"5c787104f5b67c0001d5b39d","pointArc_task_33","53","pixelResponse","default","140","6210","6210","","","","","pointArc","","","","104"
"5c787104f5b67c0001d5b39d","pointArc_task_33","53","numericResponse","default","0.3","6210","6210","","","","","pointArc","","","","104"
"5c787104f5b67c0001d5b39d","pointArc_task_33","53","windowEvents","default","{""focus"":2,""input"":0,""keydown"":0,""keyup"":0,""mousemove"":41,""mousedown"":2,""mouseup"":2,""resize"":0,""scroll"":0,""visibility"":0}","","","","","","","","","","",""
"5c787104f5b67c0001d5b39d","pointArc_task_48","54","pixelResponse","default","82.00000000000001","6594","6594","","","","","pointArc","","","","143"
"5c787104f5b67c0001d5b39d","pointArc_task_48","54","numericResponse","default","0.59","6594","6594","","","","","pointArc","","","","143"
"5c787104f5b67c0001d5b39d","pointArc_task_48","54","windowEvents","default","{""focus"":2,""input"":0,""keydown"":0,""keyup"":0,""mousemove"":34,""mousedown"":3,""mouseup"":3,""resize"":0,""scroll"":0,""visibility"":0}","","","","","","","","","","",""
"5c787104f5b67c0001d5b39d","pointArc_task_13","55","pixelResponse","default","122","5569","5569","","","","","pointArc","","","","44"
"5c787104f5b67c0001d5b39d","pointArc_task_13","55","numericResponse","default","0.39","5569","5569","","","","","pointArc","","","","44"
"5c787104f5b67c0001d5b39d","pointArc_task_13","55","windowEvents","default","{""focus"":2,""input"":0,""keydown"":0,""keyup"":0,""mousemove"":35,""mousedown"":2,""mouseup"":2,""resize"":0,""scroll"":0,""visibility"":0}","","","","","","","","","","",""
"5c787104f5b67c0001d5b39d","pointArc_task_12","56","pixelResponse","default","104.00000000000001","4310","4310","","","","","pointArc","","","","35"
"5c787104f5b67c0001d5b39d","pointArc_task_12","56","numericResponse","default","0.48","4310","4310","","","","","pointArc","","","","35"
"5c787104f5b67c0001d5b39d","pointArc_task_12","56","windowEvents","default","{""focus"":2,""input"":0,""keydown"":0,""keyup"":0,""mousemove"":24,""mousedown"":2,""mouseup"":2,""resize"":0,""scroll"":0,""visibility"":0}","","","","","","","","","","",""
"5c787104f5b67c0001d5b39d","pointArc_task_34","57","pixelResponse","default","72","4537","4537","","","","","pointArc","","","","105"
"5c787104f5b67c0001d5b39d","pointArc_task_34","57","numericResponse","default","0.64","4537","4537","","","","","pointArc","","","","105"
"5c787104f5b67c0001d5b39d","pointArc_task_34","57","windowEvents","default","{""focus"":2,""input"":0,""keydown"":0,""keyup"":0,""mousemove"":30,""mousedown"":2,""mouseup"":2,""resize"":0,""scroll"":0,""visibility"":0}","","","","","","","","","","",""
"5c787104f5b67c0001d5b39d","pointArc_task_18","58","pixelResponse","default","104.00000000000001","4311","4311","","","","","pointArc","","","","57"
"5c787104f5b67c0001d5b39d","pointArc_task_18","58","numericResponse","default","0.48","4311","4311","","","","","pointArc","","","","57"
"5c787104f5b67c0001d5b39d","pointArc_task_18","58","windowEvents","default","{""focus"":2,""input"":0,""keydown"":0,""keyup"":0,""mousemove"":29,""mousedown"":2,""mouseup"":2,""resize"":0,""scroll"":0,""visibility"":0}","","","","","","","","","","",""
"5c787104f5b67c0001d5b39d","pointArc_task_44","59","pixelResponse","default","92","4272","4272","","","","","pointArc","","","","131"
"5c787104f5b67c0001d5b39d","pointArc_task_44","59","numericResponse","default","0.54","4272","4272","","","","","pointArc","","","","131"
"5c787104f5b67c0001d5b39d","pointArc_task_44","59","windowEvents","default","{""focus"":2,""input"":0,""keydown"":0,""keyup"":0,""mousemove"":27,""mousedown"":2,""mouseup"":2,""resize"":0,""scroll"":0,""visibility"":0}","","","","","","","","","","",""
"5c787104f5b67c0001d5b39d","pointArc_task_22","60","pixelResponse","default","82.00000000000001","4308","4308","","","","","pointArc","","","","69"
"5c787104f5b67c0001d5b39d","pointArc_task_22","60","numericResponse","default","0.59","4308","4308","","","","","pointArc","","","","69"
"5c787104f5b67c0001d5b39d","pointArc_task_22","60","windowEvents","default","{""focus"":2,""input"":0,""keydown"":0,""keyup"":0,""mousemove"":31,""mousedown"":2,""mouseup"":2,""resize"":0,""scroll"":0,""visibility"":0}","","","","","","","","","","",""
"5c787104f5b67c0001d5b39d","pointArc_task_42","61","pixelResponse","default","92","6567","6567","","","","","pointArc","","","","129"
"5c787104f5b67c0001d5b39d","pointArc_task_42","61","numericResponse","default","0.54","6567","6567","","","","","pointArc","","","","129"
"5c787104f5b67c0001d5b39d","pointArc_task_42","61","windowEvents","default","{""focus"":2,""input"":0,""keydown"":0,""keyup"":0,""mousemove"":35,""mousedown"":2,""mouseup"":2,""resize"":0,""scroll"":0,""visibility"":0}","","","","","","","","","","",""
"5c787104f5b67c0001d5b39d","pointArc_task_1","62","pixelResponse","default","110.00000000000001","3823","3823","","","","","pointArc","","","","8"
"5c787104f5b67c0001d5b39d","pointArc_task_1","62","numericResponse","default","0.45","3823","3823","","","","","pointArc","","","","8"
"5c787104f5b67c0001d5b39d","pointArc_task_1","62","windowEvents","default","{""focus"":2,""input"":0,""keydown"":0,""keyup"":0,""mousemove"":24,""mousedown"":2,""mouseup"":2,""resize"":0,""scroll"":0,""visibility"":0}","","","","","","","","","","",""
"5c787104f5b67c0001d5b39d","pointArc_task_30","63","pixelResponse","default","82.00000000000001","12027","12027","","","","","pointArc","","","","93"
"5c787104f5b67c0001d5b39d","pointArc_task_30","63","numericResponse","default","0.59","12027","12027","","","","","pointArc","","","","93"
"5c787104f5b67c0001d5b39d","pointArc_task_30","63","windowEvents","default","{""focus"":2,""input"":0,""keydown"":0,""keyup"":0,""mousemove"":18,""mousedown"":3,""mouseup"":3,""resize"":0,""scroll"":0,""visibility"":0}","","","","","","","","","","",""
"5c787104f5b67c0001d5b39d","pointArc_task_26","64","pixelResponse","default","76","3407","3407","","","","","pointArc","","","","81"
"5c787104f5b67c0001d5b39d","pointArc_task_26","64","numericResponse","default","0.62","3407","3407","","","","","pointArc","","","","81"
"5c787104f5b67c0001d5b39d","pointArc_task_26","64","windowEvents","default","{""focus"":2,""input"":0,""keydown"":0,""keyup"":0,""mousemove"":21,""mousedown"":2,""mouseup"":2,""resize"":0,""scroll"":0,""visibility"":0}","","","","","","","","","","",""
"5c787104f5b67c0001d5b39d","pointArc_task_20","65","pixelResponse","default","122","3997","3997","","","","","pointArc","","","","59"
"5c787104f5b67c0001d5b39d","pointArc_task_20","65","numericResponse","default","0.39","3997","3997","","","","","pointArc","","","","59"
"5c787104f5b67c0001d5b39d","pointArc_task_20","65","windowEvents","default","{""focus"":2,""input"":0,""keydown"":0,""keyup"":0,""mousemove"":29,""mousedown"":2,""mouseup"":2,""resize"":0,""scroll"":0,""visibility"":0}","","","","","","","","","","",""
"5c787104f5b67c0001d5b39d","pointArc_task_31","66","pixelResponse","default","94","3883","3883","","","","","pointArc","","","","94"
"5c787104f5b67c0001d5b39d","pointArc_task_31","66","numericResponse","default","0.53","3883","3883","","","","","pointArc","","","","94"
"5c787104f5b67c0001d5b39d","pointArc_task_31","66","windowEvents","default","{""focus"":2,""input"":0,""keydown"":0,""keyup"":0,""mousemove"":24,""mousedown"":2,""mouseup"":2,""resize"":0,""scroll"":0,""visibility"":0}","","","","","","","","","","",""
"5c787104f5b67c0001d5b39d","pointArc_task_25","67","pixelResponse","default","128","3824","3824","","","","","pointArc","","","","80"
"5c787104f5b67c0001d5b39d","pointArc_task_25","67","numericResponse","default","0.36","3824","3824","","","","","pointArc","","","","80"
"5c787104f5b67c0001d5b39d","pointArc_task_25","67","windowEvents","default","{""focus"":3,""input"":0,""keydown"":0,""keyup"":0,""mousemove"":27,""mousedown"":3,""mouseup"":2,""resize"":0,""scroll"":0,""visibility"":0}","","","","","","","","","","",""
"5c787104f5b67c0001d5b39d","pointArc_task_19","68","pixelResponse","default","76","3699","3699","","","","","pointArc","","","","58"
"5c787104f5b67c0001d5b39d","pointArc_task_19","68","numericResponse","default","0.62","3699","3699","","","","","pointArc","","","","58"
"5c787104f5b67c0001d5b39d","pointArc_task_19","68","windowEvents","default","{""focus"":1,""input"":0,""keydown"":0,""keyup"":0,""mousemove"":23,""mousedown"":1,""mouseup"":2,""resize"":0,""scroll"":0,""visibility"":0}","","","","","","","","","","",""
"5c787104f5b67c0001d5b39d","pointArc_task_36","69","pixelResponse","default","65.99999999999999","4012","4012","","","","","pointArc","","","","107"
"5c787104f5b67c0001d5b39d","pointArc_task_36","69","numericResponse","default","0.67","4012","4012","","","","","pointArc","","","","107"
"5c787104f5b67c0001d5b39d","pointArc_task_36","69","windowEvents","default","{""focus"":2,""input"":0,""keydown"":0,""keyup"":0,""mousemove"":26,""mousedown"":2,""mouseup"":2,""resize"":0,""scroll"":0,""visibility"":0}","","","","","","","","","","",""
"5c787104f5b67c0001d5b39d","pointArc_task_14","70","pixelResponse","default","87.99999999999999","4149","4149","","","","","pointArc","","","","45"
"5c787104f5b67c0001d5b39d","pointArc_task_14","70","numericResponse","default","0.56","4149","4149","","","","","pointArc","","","","45"
"5c787104f5b67c0001d5b39d","pointArc_task_14","70","windowEvents","default","{""focus"":2,""input"":0,""keydown"":0,""keyup"":0,""mousemove"":29,""mousedown"":2,""mouseup"":2,""resize"":0,""scroll"":0,""visibility"":0}","","","","","","","","","","",""
"5c787104f5b67c0001d5b39d","pointArc_task_11","71","pixelResponse","default","100","7778","7778","","","","","pointArc","","","","34"
"5c787104f5b67c0001d5b39d","pointArc_task_11","71","numericResponse","default","0.5","7778","7778","","","","","pointArc","","","","34"
"5c787104f5b67c0001d5b39d","pointArc_task_11","71","windowEvents","default","{""focus"":2,""input"":0,""keydown"":0,""keyup"":0,""mousemove"":50,""mousedown"":3,""mouseup"":3,""resize"":0,""scroll"":0,""visibility"":0}","","","","","","","","","","",""
"5c787104f5b67c0001d5b39d","post_study","72","gender","default","Female","9868","9868","","","","","","","","",""
"5c787104f5b67c0001d5b39d","post_study","72","gender-other","default","","9868","9868","","","","","","","","",""
"5c787104f5b67c0001d5b39d","post_study","72","age","default","35","9868","9868","","","","","","","","",""
"5c787104f5b67c0001d5b39d","post_study","72","feedback","default","No","9868","9868","","","","","","","","",""
"5c787104f5b67c0001d5b39d","post_study","72","feedback-text","default","","9868","9868","","","","","","","","",""
"5c787104f5b67c0001d5b39d","post_study","72","strategy","default","","9868","9868","","","","","","","","",""
"5c787104f5b67c0001d5b39d","post_study","72","windowEvents","default","{""focus"":4,""input"":3,""keydown"":2,""keyup"":1,""mousemove"":49,""mousedown"":4,""mouseup"":4,""resize"":0,""scroll"":0,""visibility"":0}","","","","","","","","","","",""
"5e9e19d808b9931ef37373c6","participantTags","","participantTags","pointArc","[""virtual-chinrest"",""pointArc""]","","","","","","","","","","",""
"5e9e19d808b9931ef37373c6","introduction","0","prolificId","pointArc","5e9e19d808b9931ef37373c6","16793","16793","","","","","","","","",""
"5e9e19d808b9931ef37373c6","introduction","0","windowEvents","pointArc","{""focus"":1,""input"":0,""keydown"":0,""keyup"":0,""mousemove"":15,""mousedown"":1,""mouseup"":1,""resize"":0,""scroll"":0,""visibility"":0}","","","","","","","","","","",""
"5e9e19d808b9931ef37373c6","consent","1","consentApproval","pointArc","Accept","99189","99189","","","","","","","","",""
"5e9e19d808b9931ef37373c6","consent","1","windowEvents","pointArc","{""focus"":5,""input"":1,""keydown"":0,""keyup"":0,""mousemove"":47,""mousedown"":3,""mouseup"":3,""resize"":0,""scroll"":8,""visibility"":0}","","","","","","","","","","",""
"5e9e19d808b9931ef37373c6","chinrest_intro","2","","pointArc","","8165","8165","","","","","","","","",""
"5e9e19d808b9931ef37373c6","chinrest_intro","2","windowEvents","pointArc","{""focus"":1,""input"":0,""keydown"":0,""keyup"":0,""mousemove"":31,""mousedown"":1,""mouseup"":1,""resize"":1,""scroll"":1,""visibility"":0}","","","","","","","","","","",""
"5e9e19d808b9931ef37373c6","$virtual-chinrest.components.card-size","3","pixelsPerMM","pointArc","3.7149532710280377","27422","27422","pixelsPerMM","85.6","53.98","","","","","",""
"5e9e19d808b9931ef37373c6","$virtual-chinrest.components.card-size","3","windowEvents","pointArc","{""focus"":3,""input"":0,""keydown"":0,""keyup"":0,""mousemove"":116,""mousedown"":7,""mouseup"":7,""resize"":0,""scroll"":0,""visibility"":0}","","","","","","","","","","",""
"5e9e19d808b9931ef37373c6","$virtual-chinrest.components.blindspot-distance","4","dist-calibration-MM","pointArc","747.184571185769","86472","86472","","","","13.5","","","","",""
"5e9e19d808b9931ef37373c6","$virtual-chinrest.components.blindspot-distance","4","dist-calibration-CM","pointArc","74.7184571185769","86472","86472","","","","13.5","","","","",""
"5e9e19d808b9931ef37373c6","$virtual-chinrest.components.blindspot-distance","4","ball-positions","pointArc","[630,654,752,744,788]","86472","86472","","","","13.5","","","","",""
"5e9e19d808b9931ef37373c6","$virtual-chinrest.components.blindspot-distance","4","square-position","pointArc","1380","86472","86472","","","","13.5","","","","",""
"5e9e19d808b9931ef37373c6","$virtual-chinrest.components.blindspot-distance","4","windowEvents","pointArc","{""focus"":2,""input"":0,""keydown"":12,""keyup"":12,""mousemove"":97,""mousedown"":3,""mouseup"":3,""resize"":0,""scroll"":0,""visibility"":0}","","","","","","","","","","",""
"5e9e19d808b9931ef37373c6","study_overview","5","","pointArc","","15698","15698","","","","","","","","",""
"5e9e19d808b9931ef37373c6","study_overview","5","windowEvents","pointArc","{""focus"":1,""input"":0,""keydown"":1,""keyup"":1,""mousemove"":52,""mousedown"":1,""mouseup"":1,""resize"":0,""scroll"":0,""visibility"":0}","","","","","","","","","","",""
"5e9e19d808b9931ef37373c6","task1_intro","6","","pointArc","","18002","18002","","","","","","","","",""
"5e9e19d808b9931ef37373c6","task1_intro","6","windowEvents","pointArc","{""focus"":2,""input"":0,""keydown"":0,""keyup"":0,""mousemove"":48,""mousedown"":1,""mouseup"":1,""resize"":0,""scroll"":0,""visibility"":0}","","","","","","","","","","",""
"5e9e19d808b9931ef37373c6","block5_train_1","7","location-x","pointArc","0.25","23707","23707","","","","","Block5","true","0.25","4.5",""
"5e9e19d808b9931ef37373c6","block5_train_1","7","location-y","pointArc","4.5","23707","23707","","","","","Block5","true","0.25","4.5",""
"5e9e19d808b9931ef37373c6","block5_train_1","7","slider-x","pointArc","0.26","23707","23707","","","","","Block5","true","0.25","4.5",""
"5e9e19d808b9931ef37373c6","block5_train_1","7","slider-y","pointArc","4.49","23707","23707","","","","","Block5","true","0.25","4.5",""
"5e9e19d808b9931ef37373c6","block5_train_1","7","px-slider-x","pointArc","331.41","23707","23707","","","","","Block5","true","0.25","4.5",""
"5e9e19d808b9931ef37373c6","block5_train_1","7","px-slider-y","pointArc","232.64499999999998","23707","23707","","","","","Block5","true","0.25","4.5",""
"5e9e19d808b9931ef37373c6","block5_train_1","7","px-location-x","pointArc","330.875","23707","23707","","","","","Block5","true","0.25","4.5",""
"5e9e19d808b9931ef37373c6","block5_train_1","7","px-location-y","pointArc","232.25000000000003","23707","23707","","","","","Block5","true","0.25","4.5",""
"5e9e19d808b9931ef37373c6","block5_train_1","7","windowEvents","pointArc","{""focus"":4,""input"":0,""keydown"":0,""keyup"":0,""mousemove"":157,""mousedown"":5,""mouseup"":5,""resize"":0,""scroll"":2,""visibility"":0}","","","","","","","","","","",""
"5e9e19d808b9931ef37373c6","block5_train_2","8","location-x","pointArc","-1.5","17375","17375","","","","","Block5","true","-1.5","7.2",""
"5e9e19d808b9931ef37373c6","block5_train_2","8","location-y","pointArc","7.2","17375","17375","","","","","Block5","true","-1.5","7.2",""
"5e9e19d808b9931ef37373c6","block5_train_2","8","slider-x","pointArc","-1.51","17375","17375","","","","","Block5","true","-1.5","7.2",""
"5e9e19d808b9931ef37373c6","block5_train_2","8","slider-y","pointArc","7.19","17375","17375","","","","","Block5","true","-1.5","7.2",""
"5e9e19d808b9931ef37373c6","block5_train_2","8","px-slider-x","pointArc","236.71500000000003","17375","17375","","","","","Block5","true","-1.5","7.2",""
"5e9e19d808b9931ef37373c6","block5_train_2","8","px-slider-y","pointArc","125.99499999999996","17375","17375","","","","","Block5","true","-1.5","7.2",""
"5e9e19d808b9931ef37373c6","block5_train_2","8","px-location-x","pointArc","237.25","17375","17375","","","","","Block5","true","-1.5","7.2",""
"5e9e19d808b9931ef37373c6","block5_train_2","8","px-location-y","pointArc","125.60000000000001","17375","17375","","","","","Block5","true","-1.5","7.2",""
"5e9e19d808b9931ef37373c6","block5_train_2","8","windowEvents","pointArc","{""focus"":4,""input"":0,""keydown"":0,""keyup"":0,""mousemove"":114,""mousedown"":6,""mouseup"":6,""resize"":0,""scroll"":3,""visibility"":0}","","","","","","","","","","",""
"5e9e19d808b9931ef37373c6","task1_test_intro","9","","pointArc","","4163","4163","","","","","","","","",""
"5e9e19d808b9931ef37373c6","task1_test_intro","9","windowEvents","pointArc","{""focus"":1,""input"":0,""keydown"":0,""keyup"":0,""mousemove"":21,""mousedown"":1,""mouseup"":1,""resize"":0,""scroll"":1,""visibility"":0}","","","","","","","","","","",""
"5e9e19d808b9931ef37373c6","block5_test_5","10","location-x","pointArc","-0.42","21089","21089","","","","","Block5","false","","",""
"5e9e19d808b9931ef37373c6","block5_test_5","10","location-y","pointArc","2.27","21089","21089","","","","","Block5","false","","",""
"5e9e19d808b9931ef37373c6","block5_test_5","10","slider-x","pointArc","-0.43","21089","21089","","","","","Block5","false","","",""
"5e9e19d808b9931ef37373c6","block5_test_5","10","slider-y","pointArc","2.27","21089","21089","","","","","Block5","false","","",""
"5e9e19d808b9931ef37373c6","block5_test_5","10","px-slider-x","pointArc","294.495","21089","21089","","","","","Block5","false","","",""
"5e9e19d808b9931ef37373c6","block5_test_5","10","px-slider-y","pointArc","320.335","21089","21089","","","","","Block5","false","","",""
"5e9e19d808b9931ef37373c6","block5_test_5","10","px-location-x","pointArc","295.03000000000003","21089","21089","","","","","Block5","false","","",""
"5e9e19d808b9931ef37373c6","block5_test_5","10","px-location-y","pointArc","320.335","21089","21089","","","","","Block5","false","","",""
"5e9e19d808b9931ef37373c6","block5_test_5","10","windowEvents","pointArc","{""focus"":4,""input"":0,""keydown"":0,""keyup"":0,""mousemove"":138,""mousedown"":8,""mouseup"":7,""resize"":0,""scroll"":0,""visibility"":0}","","","","","","","","","","",""
"5e9e19d808b9931ef37373c6","block5_test_7","11","location-x","pointArc","-0.99","23905","23905","","","","","Block5","false","","",""
"5e9e19d808b9931ef37373c6","block5_test_7","11","location-y","pointArc","1.15","23905","23905","","","","","Block5","false","","",""
"5e9e19d808b9931ef37373c6","block5_test_7","11","slider-x","pointArc","-0.99","23905","23905","","","","","Block5","false","","",""
"5e9e19d808b9931ef37373c6","block5_test_7","11","slider-y","pointArc","1.18","23905","23905","","","","","Block5","false","","",""
"5e9e19d808b9931ef37373c6","block5_test_7","11","px-slider-x","pointArc","264.53499999999997","23905","23905","","","","","Block5","false","","",""
"5e9e19d808b9931ef37373c6","block5_test_7","11","px-slider-y","pointArc","363.39","23905","23905","","","","","Block5","false","","",""
"5e9e19d808b9931ef37373c6","block5_test_7","11","px-location-x","pointArc","264.53499999999997","23905","23905","","","","","Block5","false","","",""
"5e9e19d808b9931ef37373c6","block5_test_7","11","px-location-y","pointArc","364.57500000000005","23905","23905","","","","","Block5","false","","",""
"5e9e19d808b9931ef37373c6","block5_test_7","11","windowEvents","pointArc","{""focus"":2,""input"":0,""keydown"":0,""keyup"":0,""mousemove"":114,""mousedown"":7,""mouseup"":8,""resize"":0,""scroll"":0,""visibility"":0}","","","","","","","","","","",""
"5e9e19d808b9931ef37373c6","block5_test_2","12","location-x","pointArc","-3.01","67449","67449","","","","","Block5","false","","",""
"5e9e19d808b9931ef37373c6","block5_test_2","12","location-y","pointArc","3.56","67449","67449","","","","","Block5","false","","",""
"5e9e19d808b9931ef37373c6","block5_test_2","12","slider-x","pointArc","-3","67449","67449","","","","","Block5","false","","",""
"5e9e19d808b9931ef37373c6","block5_test_2","12","slider-y","pointArc","3.55","67449","67449","","","","","Block5","false","","",""
"5e9e19d808b9931ef37373c6","block5_test_2","12","px-slider-x","pointArc","157","67449","67449","","","","","Block5","false","","",""
"5e9e19d808b9931ef37373c6","block5_test_2","12","px-slider-y","pointArc","269.775","67449","67449","","","","","Block5","false","","",""
"5e9e19d808b9931ef37373c6","block5_test_2","12","px-location-x","pointArc","156.465","67449","67449","","","","","Block5","false","","",""
"5e9e19d808b9931ef37373c6","block5_test_2","12","px-location-y","pointArc","269.38","67449","67449","","","","","Block5","false","","",""
"5e9e19d808b9931ef37373c6","block5_test_2","12","windowEvents","pointArc","{""focus"":3,""input"":0,""keydown"":1,""keyup"":1,""mousemove"":130,""mousedown"":6,""mouseup"":6,""resize"":0,""scroll"":0,""visibility"":0}","","","","","","","","","","",""
"5e9e19d808b9931ef37373c6","block5_test_3","13","location-x","pointArc","-3.34","14932","14932","","","","","Block5","false","","",""
"5e9e19d808b9931ef37373c6","block5_test_3","13","location-y","pointArc","6.24","14932","14932","","","","","Block5","false","","",""
"5e9e19d808b9931ef37373c6","block5_test_3","13","slider-x","pointArc","-3.34","14932","14932","","","","","Block5","false","","",""
"5e9e19d808b9931ef37373c6","block5_test_3","13","slider-y","pointArc","6.18","14932","14932","","","","","Block5","false","","",""
"5e9e19d808b9931ef37373c6","block5_test_3","13","px-slider-x","pointArc","138.81","14932","14932","","","","","Block5","false","","",""
"5e9e19d808b9931ef37373c6","block5_test_3","13","px-slider-y","pointArc","165.89000000000001","14932","14932","","","","","Block5","false","","",""
"5e9e19d808b9931ef37373c6","block5_test_3","13","px-location-x","pointArc","138.81","14932","14932","","","","","Block5","false","","",""
"5e9e19d808b9931ef37373c6","block5_test_3","13","px-location-y","pointArc","163.51999999999998","14932","14932","","","","","Block5","false","","",""
"5e9e19d808b9931ef37373c6","block5_test_3","13","windowEvents","pointArc","{""focus"":4,""input"":0,""keydown"":0,""keyup"":0,""mousemove"":96,""mousedown"":10,""mouseup"":10,""resize"":0,""scroll"":0,""visibility"":0}","","","","","","","","","","",""
"5e9e19d808b9931ef37373c6","block5_test_9","14","location-x","pointArc","2.2","21591","21591","","","","","Block5","false","","",""
"5e9e19d808b9931ef37373c6","block5_test_9","14","location-y","pointArc","5.29","21591","21591","","","","","Block5","false","","",""
"5e9e19d808b9931ef37373c6","block5_test_9","14","slider-x","pointArc","2.13","21591","21591","","","","","Block5","false","","",""
"5e9e19d808b9931ef37373c6","block5_test_9","14","slider-y","pointArc","5.22","21591","21591","","","","","Block5","false","","",""
"5e9e19d808b9931ef37373c6","block5_test_9","14","px-slider-x","pointArc","431.455","21591","21591","","","","","Block5","false","","",""
"5e9e19d808b9931ef37373c6","block5_test_9","14","px-slider-y","pointArc","203.81","21591","21591","","","","","Block5","false","","",""
"5e9e19d808b9931ef37373c6","block5_test_9","14","px-location-x","pointArc","435.2","21591","21591","","","","","Block5","false","","",""
"5e9e19d808b9931ef37373c6","block5_test_9","14","px-location-y","pointArc","201.045","21591","21591","","","","","Block5","false","","",""
"5e9e19d808b9931ef37373c6","block5_test_9","14","windowEvents","pointArc","{""focus"":3,""input"":0,""keydown"":0,""keyup"":0,""mousemove"":110,""mousedown"":4,""mouseup"":4,""resize"":0,""scroll"":0,""visibility"":0}","","","","","","","","","","",""
"5e9e19d808b9931ef37373c6","block5_test_1","15","location-x","pointArc","-0.03","23272","23272","","","","","Block5","false","","",""
"5e9e19d808b9931ef37373c6","block5_test_1","15","location-y","pointArc","6.88","23272","23272","","","","","Block5","false","","",""
"5e9e19d808b9931ef37373c6","block5_test_1","15","slider-x","pointArc","-0.05","23272","23272","","","","","Block5","false","","",""
"5e9e19d808b9931ef37373c6","block5_test_1","15","slider-y","pointArc","6.86","23272","23272","","","","","Block5","false","","",""
"5e9e19d808b9931ef37373c6","block5_test_1","15","px-slider-x","pointArc","314.825","23272","23272","","","","","Block5","false","","",""
"5e9e19d808b9931ef37373c6","block5_test_1","15","px-slider-y","pointArc","139.02999999999997","23272","23272","","","","","Block5","false","","",""
"5e9e19d808b9931ef37373c6","block5_test_1","15","px-location-x","pointArc","315.895","23272","23272","","","","","Block5","false","","",""
"5e9e19d808b9931ef37373c6","block5_test_1","15","px-location-y","pointArc","138.24","23272","23272","","","","","Block5","false","","",""
"5e9e19d808b9931ef37373c6","block5_test_1","15","windowEvents","pointArc","{""focus"":4,""input"":0,""keydown"":0,""keyup"":0,""mousemove"":119,""mousedown"":4,""mouseup"":3,""resize"":0,""scroll"":0,""visibility"":0}","","","","","","","","","","",""
"5e9e19d808b9931ef37373c6","block5_test_4","16","location-x","pointArc","-3.85","20176","20176","","","","","Block5","false","","",""
"5e9e19d808b9931ef37373c6","block5_test_4","16","location-y","pointArc","9.09","20176","20176","","","","","Block5","false","","",""
"5e9e19d808b9931ef37373c6","block5_test_4","16","slider-x","pointArc","-3.75","20176","20176","","","","","Block5","false","","",""
"5e9e19d808b9931ef37373c6","block5_test_4","16","slider-y","pointArc","9.04","20176","20176","","","","","Block5","false","","",""
"5e9e19d808b9931ef37373c6","block5_test_4","16","px-slider-x","pointArc","116.875","20176","20176","","","","","Block5","false","","",""
"5e9e19d808b9931ef37373c6","block5_test_4","16","px-slider-y","pointArc","52.92000000000003","20176","20176","","","","","Block5","false","","",""
"5e9e19d808b9931ef37373c6","block5_test_4","16","px-location-x","pointArc","111.52499999999999","20176","20176","","","","","Block5","false","","",""
"5e9e19d808b9931ef37373c6","block5_test_4","16","px-location-y","pointArc","50.944999999999986","20176","20176","","","","","Block5","false","","",""
"5e9e19d808b9931ef37373c6","block5_test_4","16","windowEvents","pointArc","{""focus"":2,""input"":0,""keydown"":0,""keyup"":0,""mousemove"":109,""mousedown"":5,""mouseup"":6,""resize"":0,""scroll"":0,""visibility"":0}","","","","","","","","","","",""
"5e9e19d808b9931ef37373c6","block5_test_8","17","location-x","pointArc","-2.56","15126","15126","","","","","Block5","false","","",""
"5e9e19d808b9931ef37373c6","block5_test_8","17","location-y","pointArc","5.47","15126","15126","","","","","Block5","false","","",""
"5e9e19d808b9931ef37373c6","block5_test_8","17","slider-x","pointArc","-2.55","15126","15126","","","","","Block5","false","","",""
"5e9e19d808b9931ef37373c6","block5_test_8","17","slider-y","pointArc","5.51","15126","15126","","","","","Block5","false","","",""
"5e9e19d808b9931ef37373c6","block5_test_8","17","px-slider-x","pointArc","181.07500000000002","15126","15126","","","","","Block5","false","","",""
"5e9e19d808b9931ef37373c6","block5_test_8","17","px-slider-y","pointArc","192.35500000000002","15126","15126","","","","","Block5","false","","",""
"5e9e19d808b9931ef37373c6","block5_test_8","17","px-location-x","pointArc","180.54000000000002","15126","15126","","","","","Block5","false","","",""
"5e9e19d808b9931ef37373c6","block5_test_8","17","px-location-y","pointArc","193.935","15126","15126","","","","","Block5","false","","",""
"5e9e19d808b9931ef37373c6","block5_test_8","17","windowEvents","pointArc","{""focus"":3,""input"":0,""keydown"":0,""keyup"":0,""mousemove"":105,""mousedown"":4,""mouseup"":4,""resize"":0,""scroll"":0,""visibility"":0}","","","","","","","","","","",""
"5e9e19d808b9931ef37373c6","block5_test_10","18","location-x","pointArc","4.21","20919","20919","","","","","Block5","false","","",""
"5e9e19d808b9931ef37373c6","block5_test_10","18","location-y","pointArc","9.69","20919","20919","","","","","Block5","false","","",""
"5e9e19d808b9931ef37373c6","block5_test_10","18","slider-x","pointArc","4.15","20919","20919","","","","","Block5","false","","",""
"5e9e19d808b9931ef37373c6","block5_test_10","18","slider-y","pointArc","9.52","20919","20919","","","","","Block5","false","","",""
"5e9e19d808b9931ef37373c6","block5_test_10","18","px-slider-x","pointArc","539.525","20919","20919","","","","","Block5","false","","",""
"5e9e19d808b9931ef37373c6","block5_test_10","18","px-slider-y","pointArc","33.960000000000015","20919","20919","","","","","Block5","false","","",""
"5e9e19d808b9931ef37373c6","block5_test_10","18","px-location-x","pointArc","542.735","20919","20919","","","","","Block5","false","","",""
"5e9e19d808b9931ef37373c6","block5_test_10","18","px-location-y","pointArc","27.24500000000001","20919","20919","","","","","Block5","false","","",""
"5e9e19d808b9931ef37373c6","block5_test_10","18","windowEvents","pointArc","{""focus"":3,""input"":0,""keydown"":0,""keyup"":0,""mousemove"":129,""mousedown"":4,""mouseup"":4,""resize"":0,""scroll"":0,""visibility"":0}","","","","","","","","","","",""
"5e9e19d808b9931ef37373c6","block5_test_6","19","location-x","pointArc","4.94","24122","24122","","","","","Block5","false","","",""
"5e9e19d808b9931ef37373c6","block5_test_6","19","location-y","pointArc","4.12","24122","24122","","","","","Block5","false","","",""
"5e9e19d808b9931ef37373c6","block5_test_6","19","slider-x","pointArc","4.9","24122","24122","","","","","Block5","false","","",""
"5e9e19d808b9931ef37373c6","block5_test_6","19","slider-y","pointArc","4.14","24122","24122","","","","","Block5","false","","",""
"5e9e19d808b9931ef37373c6","block5_test_6","19","px-slider-x","pointArc","579.65","24122","24122","","","","","Block5","false","","",""
"5e9e19d808b9931ef37373c6","block5_test_6","19","px-slider-y","pointArc","246.47000000000003","24122","24122","","","","","Block5","false","","",""
"5e9e19d808b9931ef37373c6","block5_test_6","19","px-location-x","pointArc","581.79","24122","24122","","","","","Block5","false","","",""
"5e9e19d808b9931ef37373c6","block5_test_6","19","px-location-y","pointArc","247.26","24122","24122","","","","","Block5","false","","",""
"5e9e19d808b9931ef37373c6","block5_test_6","19","windowEvents","pointArc","{""focus"":5,""input"":0,""keydown"":0,""keyup"":0,""mousemove"":139,""mousedown"":10,""mouseup"":9,""resize"":0,""scroll"":0,""visibility"":0}","","","","","","","","","","",""
"5e9e19d808b9931ef37373c6","task2_intro","20","","pointArc","","7364","7364","","","","","","","","",""
"5e9e19d808b9931ef37373c6","task2_intro","20","windowEvents","pointArc","{""focus"":0,""input"":0,""keydown"":0,""keyup"":0,""mousemove"":31,""mousedown"":1,""mouseup"":2,""resize"":0,""scroll"":0,""visibility"":0}","","","","","","","","","","",""
"5e9e19d808b9931ef37373c6","moritz_train_pointArc_1","21","pixelResponse","pointArc","100","21550","21550","","","","","point","true","","","4"
"5e9e19d808b9931ef37373c6","moritz_train_pointArc_1","21","numericResponse","pointArc","0.5","21550","21550","","","","","point","true","","","4"
"5e9e19d808b9931ef37373c6","moritz_train_pointArc_1","21","windowEvents","pointArc","{""focus"":4,""input"":0,""keydown"":0,""keyup"":0,""mousemove"":62,""mousedown"":4,""mouseup"":3,""resize"":0,""scroll"":0,""visibility"":0}","","","","","","","","","","",""
"5e9e19d808b9931ef37373c6","moritz_train_pointArc_2","22","pixelResponse","pointArc","86","7922","7922","","","","","point","true","","","5"
"5e9e19d808b9931ef37373c6","moritz_train_pointArc_2","22","numericResponse","pointArc","0.57","7922","7922","","","","","point","true","","","5"
"5e9e19d808b9931ef37373c6","moritz_train_pointArc_2","22","windowEvents","pointArc","{""focus"":2,""input"":0,""keydown"":0,""keyup"":0,""mousemove"":53,""mousedown"":3,""mouseup"":4,""resize"":0,""scroll"":0,""visibility"":0}","","","","","","","","","","",""
"5e9e19d808b9931ef37373c6","task2_test_intro","23","","pointArc","","4161","4161","","","","","","","","",""
"5e9e19d808b9931ef37373c6","task2_test_intro","23","windowEvents","pointArc","{""focus"":1,""input"":0,""keydown"":0,""keyup"":0,""mousemove"":27,""mousedown"":1,""mouseup"":1,""resize"":0,""scroll"":0,""visibility"":0}","","","","","","","","","","",""
"5e9e19d808b9931ef37373c6","pointArc_task_22","24","pixelResponse","pointArc","100","9450","9450","","","","","pointArc","","","","69"
"5e9e19d808b9931ef37373c6","pointArc_task_22","24","numericResponse","pointArc","0.5","9450","9450","","","","","pointArc","","","","69"
"5e9e19d808b9931ef37373c6","pointArc_task_22","24","windowEvents","pointArc","{""focus"":2,""input"":0,""keydown"":0,""keyup"":0,""mousemove"":53,""mousedown"":2,""mouseup"":2,""resize"":0,""scroll"":0,""visibility"":0}","","","","","","","","","","",""
"5e9e19d808b9931ef37373c6","pointArc_task_34","25","pixelResponse","pointArc","64","4134","4134","","","","","pointArc","","","","105"
"5e9e19d808b9931ef37373c6","pointArc_task_34","25","numericResponse","pointArc","0.68","4134","4134","","","","","pointArc","","","","105"
"5e9e19d808b9931ef37373c6","pointArc_task_34","25","windowEvents","pointArc","{""focus"":3,""input"":0,""keydown"":0,""keyup"":0,""mousemove"":31,""mousedown"":3,""mouseup"":2,""resize"":0,""scroll"":0,""visibility"":0}","","","","","","","","","","",""
"5e9e19d808b9931ef37373c6","pointArc_task_7","26","pixelResponse","pointArc","104.00000000000001","5642","5642","","","","","pointArc","","","","22"
"5e9e19d808b9931ef37373c6","pointArc_task_7","26","numericResponse","pointArc","0.48","5642","5642","","","","","pointArc","","","","22"
"5e9e19d808b9931ef37373c6","pointArc_task_7","26","windowEvents","pointArc","{""focus"":2,""input"":0,""keydown"":0,""keyup"":0,""mousemove"":39,""mousedown"":4,""mouseup"":4,""resize"":0,""scroll"":0,""visibility"":0}","","","","","","","","","","",""
"5e9e19d808b9931ef37373c6","pointArc_task_30","27","pixelResponse","pointArc","102","6907","6907","","","","","pointArc","","","","93"
"5e9e19d808b9931ef37373c6","pointArc_task_30","27","numericResponse","pointArc","0.49","6907","6907","","","","","pointArc","","","","93"
"5e9e19d808b9931ef37373c6","pointArc_task_30","27","windowEvents","pointArc","{""focus"":1,""input"":0,""keydown"":0,""keyup"":0,""mousemove"":51,""mousedown"":3,""mouseup"":4,""resize"":0,""scroll"":0,""visibility"":0}","","","","","","","","","","",""
"5e9e19d808b9931ef37373c6","pointArc_task_10","28","pixelResponse","pointArc","94","85795","85795","","","","","pointArc","","","","33"
"5e9e19d808b9931ef37373c6","pointArc_task_10","28","numericResponse","pointArc","0.53","85795","85795","","","","","pointArc","","","","33"
"5e9e19d808b9931ef37373c6","pointArc_task_10","28","windowEvents","pointArc","{""focus"":3,""input"":0,""keydown"":0,""keyup"":0,""mousemove"":48,""mousedown"":3,""mouseup"":2,""resize"":0,""scroll"":0,""visibility"":0}","","","","","","","","","","",""
"5e9e19d808b9931ef37373c6","pointArc_task_28","29","pixelResponse","pointArc","70","21040","21040","","","","","pointArc","","","","83"
"5e9e19d808b9931ef37373c6","pointArc_task_28","29","numericResponse","pointArc","0.65","21040","21040","","","","","pointArc","","","","83"
"5e9e19d808b9931ef37373c6","pointArc_task_28","29","windowEvents","pointArc","{""focus"":1,""input"":0,""keydown"":0,""keyup"":0,""mousemove"":35,""mousedown"":1,""mouseup"":2,""resize"":0,""scroll"":0,""visibility"":0}","","","","","","","","","","",""
"5e9e19d808b9931ef37373c6","pointArc_task_47","30","pixelResponse","pointArc","130","3096","3096","","","","","pointArc","","","","142"
"5e9e19d808b9931ef37373c6","pointArc_task_47","30","numericResponse","pointArc","0.35","3096","3096","","","","","pointArc","","","","142"
"5e9e19d808b9931ef37373c6","pointArc_task_47","30","windowEvents","pointArc","{""focus"":2,""input"":0,""keydown"":0,""keyup"":0,""mousemove"":26,""mousedown"":2,""mouseup"":2,""resize"":0,""scroll"":0,""visibility"":0}","","","","","","","","","","",""
"5e9e19d808b9931ef37373c6","pointArc_task_3","31","pixelResponse","pointArc","102","2985","2985","","","","","pointArc","","","","10"
"5e9e19d808b9931ef37373c6","pointArc_task_3","31","numericResponse","pointArc","0.49","2985","2985","","","","","pointArc","","","","10"
"5e9e19d808b9931ef37373c6","pointArc_task_3","31","windowEvents","pointArc","{""focus"":2,""input"":0,""keydown"":0,""keyup"":0,""mousemove"":24,""mousedown"":2,""mouseup"":2,""resize"":0,""scroll"":0,""visibility"":0}","","","","","","","","","","",""
"5e9e19d808b9931ef37373c6","pointArc_task_9","32","pixelResponse","pointArc","74","10643","10643","","","","","pointArc","","","","32"
"5e9e19d808b9931ef37373c6","pointArc_task_9","32","numericResponse","pointArc","0.63","10643","10643","","","","","pointArc","","","","32"
"5e9e19d808b9931ef37373c6","pointArc_task_9","32","windowEvents","pointArc","{""focus"":2,""input"":0,""keydown"":0,""keyup"":0,""mousemove"":56,""mousedown"":3,""mouseup"":3,""resize"":0,""scroll"":0,""visibility"":0}","","","","","","","","","","",""
"5e9e19d808b9931ef37373c6","pointArc_task_19","33","pixelResponse","pointArc","80","3230","3230","","","","","pointArc","","","","58"
"5e9e19d808b9931ef37373c6","pointArc_task_19","33","numericResponse","pointArc","0.6","3230","3230","","","","","pointArc","","","","58"
"5e9e19d808b9931ef37373c6","pointArc_task_19","33","windowEvents","pointArc","{""focus"":2,""input"":0,""keydown"":0,""keyup"":0,""mousemove"":27,""mousedown"":2,""mouseup"":2,""resize"":0,""scroll"":0,""visibility"":0}","","","","","","","","","","",""
"5e9e19d808b9931ef37373c6","pointArc_task_31","34","pixelResponse","pointArc","67.99999999999999","3608","3608","","","","","pointArc","","","","94"
"5e9e19d808b9931ef37373c6","pointArc_task_31","34","numericResponse","pointArc","0.66","3608","3608","","","","","pointArc","","","","94"
"5e9e19d808b9931ef37373c6","pointArc_task_31","34","windowEvents","pointArc","{""focus"":2,""input"":0,""keydown"":0,""keyup"":0,""mousemove"":28,""mousedown"":2,""mouseup"":2,""resize"":0,""scroll"":0,""visibility"":0}","","","","","","","","","","",""
"5e9e19d808b9931ef37373c6","pointArc_task_13","35","pixelResponse","pointArc","87.99999999999999","5377","5377","","","","","pointArc","","","","44"
"5e9e19d808b9931ef37373c6","pointArc_task_13","35","numericResponse","pointArc","0.56","5377","5377","","","","","pointArc","","","","44"
"5e9e19d808b9931ef37373c6","pointArc_task_13","35","windowEvents","pointArc","{""focus"":2,""input"":0,""keydown"":0,""keyup"":0,""mousemove"":40,""mousedown"":2,""mouseup"":2,""resize"":0,""scroll"":0,""visibility"":0}","","","","","","","","","","",""
"5e9e19d808b9931ef37373c6","pointArc_task_15","36","pixelResponse","pointArc","95.99999999999999","10708","10708","","","","","pointArc","","","","46"
"5e9e19d808b9931ef37373c6","pointArc_task_15","36","numericResponse","pointArc","0.52","10708","10708","","","","","pointArc","","","","46"
"5e9e19d808b9931ef37373c6","pointArc_task_15","36","windowEvents","pointArc","{""focus"":2,""input"":0,""keydown"":0,""keyup"":0,""mousemove"":51,""mousedown"":2,""mouseup"":2,""resize"":0,""scroll"":0,""visibility"":0}","","","","","","","","","","",""
"5e9e19d808b9931ef37373c6","pointArc_task_36","37","pixelResponse","pointArc","78","4665","4665","","","","","pointArc","","","","107"
"5e9e19d808b9931ef37373c6","pointArc_task_36","37","numericResponse","pointArc","0.61","4665","4665","","","","","pointArc","","","","107"
"5e9e19d808b9931ef37373c6","pointArc_task_36","37","windowEvents","pointArc","{""focus"":2,""input"":0,""keydown"":0,""keyup"":0,""mousemove"":32,""mousedown"":3,""mouseup"":3,""resize"":0,""scroll"":0,""visibility"":0}","","","","","","","","","","",""
"5e9e19d808b9931ef37373c6","pointArc_task_39","38","pixelResponse","pointArc","95.99999999999999","4808","4808","","","","","pointArc","","","","118"
"5e9e19d808b9931ef37373c6","pointArc_task_39","38","numericResponse","pointArc","0.52","4808","4808","","","","","pointArc","","","","118"
"5e9e19d808b9931ef37373c6","pointArc_task_39","38","windowEvents","pointArc","{""focus"":2,""input"":0,""keydown"":0,""keyup"":0,""mousemove"":34,""mousedown"":8,""mouseup"":8,""resize"":0,""scroll"":0,""visibility"":0}","","","","","","","","","","",""
"5e9e19d808b9931ef37373c6","pointArc_task_38","39","pixelResponse","pointArc","84.00000000000001","5071","5071","","","","","pointArc","","","","117"
"5e9e19d808b9931ef37373c6","pointArc_task_38","39","numericResponse","pointArc","0.58","5071","5071","","","","","pointArc","","","","117"
"5e9e19d808b9931ef37373c6","pointArc_task_38","39","windowEvents","pointArc","{""focus"":2,""input"":0,""keydown"":0,""keyup"":0,""mousemove"":35,""mousedown"":3,""mouseup"":3,""resize"":0,""scroll"":0,""visibility"":0}","","","","","","","","","","",""
"5e9e19d808b9931ef37373c6","pointArc_task_12","40","pixelResponse","pointArc","89.99999999999999","3186","3186","","","","","pointArc","","","","35"
"5e9e19d808b9931ef37373c6","pointArc_task_12","40","numericResponse","pointArc","0.55","3186","3186","","","","","pointArc","","","","35"
"5e9e19d808b9931ef37373c6","pointArc_task_12","40","windowEvents","pointArc","{""focus"":3,""input"":0,""keydown"":0,""keyup"":0,""mousemove"":22,""mousedown"":4,""mouseup"":3,""resize"":0,""scroll"":0,""visibility"":0}","","","","","","","","","","",""
"5e9e19d808b9931ef37373c6","pointArc_task_33","41","pixelResponse","pointArc","95.99999999999999","4561","4561","","","","","pointArc","","","","104"
"5e9e19d808b9931ef37373c6","pointArc_task_33","41","numericResponse","pointArc","0.52","4561","4561","","","","","pointArc","","","","104"
"5e9e19d808b9931ef37373c6","pointArc_task_33","41","windowEvents","pointArc","{""focus"":1,""input"":0,""keydown"":0,""keyup"":0,""mousemove"":34,""mousedown"":4,""mouseup"":5,""resize"":0,""scroll"":0,""visibility"":0}","","","","","","","","","","",""
"5e9e19d808b9931ef37373c6","pointArc_task_29","42","pixelResponse","pointArc","87.99999999999999","5486","5486","","","","","pointArc","","","","92"
"5e9e19d808b9931ef37373c6","pointArc_task_29","42","numericResponse","pointArc","0.56","5486","5486","","","","","pointArc","","","","92"
"5e9e19d808b9931ef37373c6","pointArc_task_29","42","windowEvents","pointArc","{""focus"":2,""input"":0,""keydown"":0,""keyup"":0,""mousemove"":44,""mousedown"":4,""mouseup"":4,""resize"":0,""scroll"":0,""visibility"":0}","","","","","","","","","","",""
"5e9e19d808b9931ef37373c6","pointArc_task_43","43","pixelResponse","pointArc","65.99999999999999","3994","3994","","","","","pointArc","","","","130"
"5e9e19d808b9931ef37373c6","pointArc_task_43","43","numericResponse","pointArc","0.67","3994","3994","","","","","pointArc","","","","130"
"5e9e19d808b9931ef37373c6","pointArc_task_43","43","windowEvents","pointArc","{""focus"":2,""input"":0,""keydown"":0,""keyup"":0,""mousemove"":33,""mousedown"":3,""mouseup"":3,""resize"":0,""scroll"":0,""visibility"":0}","","","","","","","","","","",""
"5e9e19d808b9931ef37373c6","pointArc_task_32","44","pixelResponse","pointArc","104.00000000000001","2065","2065","","","","","pointArc","","","","95"
"5e9e19d808b9931ef37373c6","pointArc_task_32","44","numericResponse","pointArc","0.48","2065","2065","","","","","pointArc","","","","95"
"5e9e19d808b9931ef37373c6","pointArc_task_32","44","windowEvents","pointArc","{""focus"":2,""input"":0,""keydown"":0,""keyup"":0,""mousemove"":15,""mousedown"":2,""mouseup"":2,""resize"":0,""scroll"":0,""visibility"":0}","","","","","","","","","","",""
"5e9e19d808b9931ef37373c6","pointArc_task_2","45","pixelResponse","pointArc","110.00000000000001","7844","7844","","","","","pointArc","","","","9"
"5e9e19d808b9931ef37373c6","pointArc_task_2","45","numericResponse","pointArc","0.45","7844","7844","","","","","pointArc","","","","9"
"5e9e19d808b9931ef37373c6","pointArc_task_2","45","windowEvents","pointArc","{""focus"":3,""input"":0,""keydown"":0,""keyup"":0,""mousemove"":58,""mousedown"":6,""mouseup"":6,""resize"":0,""scroll"":0,""visibility"":0}","","","","","","","","","","",""
"5e9e19d808b9931ef37373c6","pointArc_task_14","46","pixelResponse","pointArc","94","2512","2512","","","","","pointArc","","","","45"
"5e9e19d808b9931ef37373c6","pointArc_task_14","46","numericResponse","pointArc","0.53","2512","2512","","","","","pointArc","","","","45"
"5e9e19d808b9931ef37373c6","pointArc_task_14","46","windowEvents","pointArc","{""focus"":2,""input"":0,""keydown"":0,""keyup"":0,""mousemove"":19,""mousedown"":3,""mouseup"":3,""resize"":0,""scroll"":0,""visibility"":0}","","","","","","","","","","",""
"5e9e19d808b9931ef37373c6","pointArc_task_41","47","pixelResponse","pointArc","70","4232","4232","","","","","pointArc","","","","128"
"5e9e19d808b9931ef37373c6","pointArc_task_41","47","numericResponse","pointArc","0.65","4232","4232","","","","","pointArc","","","","128"
"5e9e19d808b9931ef37373c6","pointArc_task_41","47","windowEvents","pointArc","{""focus"":2,""input"":0,""keydown"":0,""keyup"":0,""mousemove"":32,""mousedown"":4,""mouseup"":4,""resize"":0,""scroll"":0,""visibility"":0}","","","","","","","","","","",""
"5e9e19d808b9931ef37373c6","pointArc_task_1","48","pixelResponse","pointArc","80","3782","3782","","","","","pointArc","","","","8"
"5e9e19d808b9931ef37373c6","pointArc_task_1","48","numericResponse","pointArc","0.6","3782","3782","","","","","pointArc","","","","8"
"5e9e19d808b9931ef37373c6","pointArc_task_1","48","windowEvents","pointArc","{""focus"":2,""input"":0,""keydown"":0,""keyup"":0,""mousemove"":27,""mousedown"":3,""mouseup"":3,""resize"":0,""scroll"":0,""visibility"":0}","","","","","","","","","","",""
"5e9e19d808b9931ef37373c6","pointArc_task_25","49","pixelResponse","pointArc","108","4774","4774","","","","","pointArc","","","","80"
"5e9e19d808b9931ef37373c6","pointArc_task_25","49","numericResponse","pointArc","0.46","4774","4774","","","","","pointArc","","","","80"
"5e9e19d808b9931ef37373c6","pointArc_task_25","49","windowEvents","pointArc","{""focus"":2,""input"":0,""keydown"":0,""keyup"":0,""mousemove"":36,""mousedown"":3,""mouseup"":3,""resize"":0,""scroll"":0,""visibility"":0}","","","","","","","","","","",""
"5e9e19d808b9931ef37373c6","pointArc_task_18","50","pixelResponse","pointArc","114.00000000000001","2897","2897","","","","","pointArc","","","","57"
"5e9e19d808b9931ef37373c6","pointArc_task_18","50","numericResponse","pointArc","0.43","2897","2897","","","","","pointArc","","","","57"
"5e9e19d808b9931ef37373c6","pointArc_task_18","50","windowEvents","pointArc","{""focus"":2,""input"":0,""keydown"":0,""keyup"":0,""mousemove"":21,""mousedown"":3,""mouseup"":3,""resize"":0,""scroll"":0,""visibility"":0}","","","","","","","","","","",""
"5e9e19d808b9931ef37373c6","pointArc_task_8","51","pixelResponse","pointArc","92","2503","2503","","","","","pointArc","","","","23"
"5e9e19d808b9931ef37373c6","pointArc_task_8","51","numericResponse","pointArc","0.54","2503","2503","","","","","pointArc","","","","23"
"5e9e19d808b9931ef37373c6","pointArc_task_8","51","windowEvents","pointArc","{""focus"":3,""input"":0,""keydown"":0,""keyup"":0,""mousemove"":17,""mousedown"":3,""mouseup"":2,""resize"":0,""scroll"":0,""visibility"":0}","","","","","","","","","","",""
"5e9e19d808b9931ef37373c6","pointArc_task_20","52","pixelResponse","pointArc","87.99999999999999","4259","4259","","","","","pointArc","","","","59"
"5e9e19d808b9931ef37373c6","pointArc_task_20","52","numericResponse","pointArc","0.56","4259","4259","","","","","pointArc","","","","59"
"5e9e19d808b9931ef37373c6","pointArc_task_20","52","windowEvents","pointArc","{""focus"":1,""input"":0,""keydown"":0,""keyup"":0,""mousemove"":35,""mousedown"":3,""mouseup"":4,""resize"":0,""scroll"":0,""visibility"":0}","","","","","","","","","","",""
"5e9e19d808b9931ef37373c6","pointArc_task_27","53","pixelResponse","pointArc","126","6630","6630","","","","","pointArc","","","","82"
"5e9e19d808b9931ef37373c6","pointArc_task_27","53","numericResponse","pointArc","0.37","6630","6630","","","","","pointArc","","","","82"
"5e9e19d808b9931ef37373c6","pointArc_task_27","53","windowEvents","pointArc","{""focus"":2,""input"":0,""keydown"":0,""keyup"":0,""mousemove"":45,""mousedown"":3,""mouseup"":3,""resize"":0,""scroll"":0,""visibility"":0}","","","","","","","","","","",""
"5e9e19d808b9931ef37373c6","pointArc_task_42","54","pixelResponse","pointArc","95.99999999999999","4572","4572","","","","","pointArc","","","","129"
"5e9e19d808b9931ef37373c6","pointArc_task_42","54","numericResponse","pointArc","0.52","4572","4572","","","","","pointArc","","","","129"
"5e9e19d808b9931ef37373c6","pointArc_task_42","54","windowEvents","pointArc","{""focus"":2,""input"":0,""keydown"":0,""keyup"":0,""mousemove"":39,""mousedown"":4,""mouseup"":4,""resize"":0,""scroll"":0,""visibility"":0}","","","","","","","","","","",""
"5e9e19d808b9931ef37373c6","pointArc_task_6","55","pixelResponse","pointArc","100","82019","82019","","","","","pointArc","","","","21"
"5e9e19d808b9931ef37373c6","pointArc_task_6","55","numericResponse","pointArc","0.5","82019","82019","","","","","pointArc","","","","21"
"5e9e19d808b9931ef37373c6","pointArc_task_6","55","windowEvents","pointArc","{""focus"":2,""input"":0,""keydown"":0,""keyup"":0,""mousemove"":61,""mousedown"":5,""mouseup"":5,""resize"":0,""scroll"":0,""visibility"":0}","","","","","","","","","","",""
"5e9e19d808b9931ef37373c6","pointArc_task_5","56","pixelResponse","pointArc","102","4324","4324","","","","","pointArc","","","","20"
"5e9e19d808b9931ef37373c6","pointArc_task_5","56","numericResponse","pointArc","0.49","4324","4324","","","","","pointArc","","","","20"
"5e9e19d808b9931ef37373c6","pointArc_task_5","56","windowEvents","pointArc","{""focus"":2,""input"":0,""keydown"":0,""keyup"":0,""mousemove"":37,""mousedown"":3,""mouseup"":3,""resize"":0,""scroll"":0,""visibility"":0}","","","","","","","","","","",""
"5e9e19d808b9931ef37373c6","pointArc_task_48","57","pixelResponse","pointArc","56.00000000000001","27326","27326","","","","","pointArc","","","","143"
"5e9e19d808b9931ef37373c6","pointArc_task_48","57","numericResponse","pointArc","0.72","27326","27326","","","","","pointArc","","","","143"
"5e9e19d808b9931ef37373c6","pointArc_task_48","57","windowEvents","pointArc","{""focus"":3,""input"":0,""keydown"":0,""keyup"":0,""mousemove"":56,""mousedown"":3,""mouseup"":2,""resize"":0,""scroll"":0,""visibility"":0}","","","","","","","","","","",""
"5e9e19d808b9931ef37373c6","pointArc_task_40","58","pixelResponse","pointArc","87.99999999999999","12756","12756","","","","","pointArc","","","","119"
"5e9e19d808b9931ef37373c6","pointArc_task_40","58","numericResponse","pointArc","0.56","12756","12756","","","","","pointArc","","","","119"
"5e9e19d808b9931ef37373c6","pointArc_task_40","58","windowEvents","pointArc","{""focus"":1,""input"":0,""keydown"":0,""keyup"":0,""mousemove"":38,""mousedown"":3,""mouseup"":4,""resize"":0,""scroll"":0,""visibility"":0}","","","","","","","","","","",""
"5e9e19d808b9931ef37373c6","pointArc_task_4","59","pixelResponse","pointArc","108","3161","3161","","","","","pointArc","","","","11"
"5e9e19d808b9931ef37373c6","pointArc_task_4","59","numericResponse","pointArc","0.46","3161","3161","","","","","pointArc","","","","11"
"5e9e19d808b9931ef37373c6","pointArc_task_4","59","windowEvents","pointArc","{""focus"":3,""input"":0,""keydown"":0,""keyup"":0,""mousemove"":23,""mousedown"":3,""mouseup"":2,""resize"":0,""scroll"":0,""visibility"":0}","","","","","","","","","","",""
"5e9e19d808b9931ef37373c6","pointArc_task_16","60","pixelResponse","pointArc","80","2852","2852","","","","","pointArc","","","","47"
"5e9e19d808b9931ef37373c6","pointArc_task_16","60","numericResponse","pointArc","0.6","2852","2852","","","","","pointArc","","","","47"
"5e9e19d808b9931ef37373c6","pointArc_task_16","60","windowEvents","pointArc","{""focus"":2,""input"":0,""keydown"":0,""keyup"":0,""mousemove"":22,""mousedown"":3,""mouseup"":3,""resize"":0,""scroll"":0,""visibility"":0}","","","","","","","","","","",""
"5e9e19d808b9931ef37373c6","pointArc_task_24","61","pixelResponse","pointArc","100","3615","3615","","","","","pointArc","","","","71"
"5e9e19d808b9931ef37373c6","pointArc_task_24","61","numericResponse","pointArc","0.5","3615","3615","","","","","pointArc","","","","71"
"5e9e19d808b9931ef37373c6","pointArc_task_24","61","windowEvents","pointArc","{""focus"":1,""input"":0,""keydown"":0,""keyup"":0,""mousemove"":22,""mousedown"":3,""mouseup"":4,""resize"":0,""scroll"":0,""visibility"":0}","","","","","","","","","","",""
"5e9e19d808b9931ef37373c6","pointArc_task_45","62","pixelResponse","pointArc","122","4180","4180","","","","","pointArc","","","","140"
"5e9e19d808b9931ef37373c6","pointArc_task_45","62","numericResponse","pointArc","0.39","4180","4180","","","","","pointArc","","","","140"
"5e9e19d808b9931ef37373c6","pointArc_task_45","62","windowEvents","pointArc","{""focus"":2,""input"":0,""keydown"":0,""keyup"":0,""mousemove"":33,""mousedown"":3,""mouseup"":3,""resize"":0,""scroll"":0,""visibility"":0}","","","","","","","","","","",""
"5e9e19d808b9931ef37373c6","pointArc_task_11","63","pixelResponse","pointArc","70","3171","3171","","","","","pointArc","","","","34"
"5e9e19d808b9931ef37373c6","pointArc_task_11","63","numericResponse","pointArc","0.65","3171","3171","","","","","pointArc","","","","34"
"5e9e19d808b9931ef37373c6","pointArc_task_11","63","windowEvents","pointArc","{""focus"":2,""input"":0,""keydown"":0,""keyup"":0,""mousemove"":22,""mousedown"":4,""mouseup"":4,""resize"":0,""scroll"":0,""visibility"":0}","","","","","","","","","","",""
"5e9e19d808b9931ef37373c6","pointArc_task_21","64","pixelResponse","pointArc","87.99999999999999","3002","3002","","","","","pointArc","","","","68"
"5e9e19d808b9931ef37373c6","pointArc_task_21","64","numericResponse","pointArc","0.56","3002","3002","","","","","pointArc","","","","68"
"5e9e19d808b9931ef37373c6","pointArc_task_21","64","windowEvents","pointArc","{""focus"":2,""input"":0,""keydown"":0,""keyup"":0,""mousemove"":20,""mousedown"":3,""mouseup"":3,""resize"":0,""scroll"":0,""visibility"":0}","","","","","","","","","","",""
"5e9e19d808b9931ef37373c6","pointArc_task_46","65","pixelResponse","pointArc","41.99999999999999","5913","5913","","","","","pointArc","","","","141"
"5e9e19d808b9931ef37373c6","pointArc_task_46","65","numericResponse","pointArc","0.79","5913","5913","","","","","pointArc","","","","141"
"5e9e19d808b9931ef37373c6","pointArc_task_46","65","windowEvents","pointArc","{""focus"":2,""input"":0,""keydown"":0,""keyup"":0,""mousemove"":48,""mousedown"":4,""mouseup"":4,""resize"":0,""scroll"":0,""visibility"":0}","","","","","","","","","","",""
"5e9e19d808b9931ef37373c6","pointArc_task_37","66","pixelResponse","pointArc","100","5889","5889","","","","","pointArc","","","","116"
"5e9e19d808b9931ef37373c6","pointArc_task_37","66","numericResponse","pointArc","0.5","5889","5889","","","","","pointArc","","","","116"
"5e9e19d808b9931ef37373c6","pointArc_task_37","66","windowEvents","pointArc","{""focus"":2,""input"":0,""keydown"":0,""keyup"":0,""mousemove"":44,""mousedown"":4,""mouseup"":4,""resize"":0,""scroll"":0,""visibility"":0}","","","","","","","","","","",""
"5e9e19d808b9931ef37373c6","pointArc_task_26","67","pixelResponse","pointArc","50","3293","3293","","","","","pointArc","","","","81"
"5e9e19d808b9931ef37373c6","pointArc_task_26","67","numericResponse","pointArc","0.75","3293","3293","","","","","pointArc","","","","81"
"5e9e19d808b9931ef37373c6","pointArc_task_26","67","windowEvents","pointArc","{""focus"":2,""input"":0,""keydown"":0,""keyup"":0,""mousemove"":24,""mousedown"":4,""mouseup"":4,""resize"":0,""scroll"":0,""visibility"":0}","","","","","","","","","","",""
"5e9e19d808b9931ef37373c6","pointArc_task_35","68","pixelResponse","pointArc","104.00000000000001","6460","6460","","","","","pointArc","","","","106"
"5e9e19d808b9931ef37373c6","pointArc_task_35","68","numericResponse","pointArc","0.48","6460","6460","","","","","pointArc","","","","106"
"5e9e19d808b9931ef37373c6","pointArc_task_35","68","windowEvents","pointArc","{""focus"":2,""input"":0,""keydown"":0,""keyup"":0,""mousemove"":48,""mousedown"":5,""mouseup"":5,""resize"":0,""scroll"":0,""visibility"":0}","","","","","","","","","","",""
"5e9e19d808b9931ef37373c6","pointArc_task_17","69","pixelResponse","pointArc","72","4404","4404","","","","","pointArc","","","","56"
"5e9e19d808b9931ef37373c6","pointArc_task_17","69","numericResponse","pointArc","0.64","4404","4404","","","","","pointArc","","","","56"
"5e9e19d808b9931ef37373c6","pointArc_task_17","69","windowEvents","pointArc","{""focus"":2,""input"":0,""keydown"":0,""keyup"":0,""mousemove"":34,""mousedown"":3,""mouseup"":3,""resize"":0,""scroll"":0,""visibility"":0}","","","","","","","","","","",""
"5e9e19d808b9931ef37373c6","pointArc_task_23","70","pixelResponse","pointArc","76","3566","3566","","","","","pointArc","","","","70"
"5e9e19d808b9931ef37373c6","pointArc_task_23","70","numericResponse","pointArc","0.62","3566","3566","","","","","pointArc","","","","70"
"5e9e19d808b9931ef37373c6","pointArc_task_23","70","windowEvents","pointArc","{""focus"":2,""input"":0,""keydown"":0,""keyup"":0,""mousemove"":26,""mousedown"":2,""mouseup"":2,""resize"":0,""scroll"":0,""visibility"":0}","","","","","","","","","","",""
"5e9e19d808b9931ef37373c6","pointArc_task_44","71","pixelResponse","pointArc","108","4155","4155","","","","","pointArc","","","","131"
"5e9e19d808b9931ef37373c6","pointArc_task_44","71","numericResponse","pointArc","0.46","4155","4155","","","","","pointArc","","","","131"
"5e9e19d808b9931ef37373c6","pointArc_task_44","71","windowEvents","pointArc","{""focus"":2,""input"":0,""keydown"":0,""keyup"":0,""mousemove"":34,""mousedown"":3,""mouseup"":3,""resize"":0,""scroll"":0,""visibility"":0}","","","","","","","","","","",""
"5e9e19d808b9931ef37373c6","post_study","72","gender","pointArc","Male","5572","5572","","","","","","","","",""
"5e9e19d808b9931ef37373c6","post_study","72","gender-other","pointArc","","5572","5572","","","","","","","","",""
"5e9e19d808b9931ef37373c6","post_study","72","age","pointArc","31","5572","5572","","","","","","","","",""
"5e9e19d808b9931ef37373c6","post_study","72","feedback","pointArc","No","5572","5572","","","","","","","","",""
"5e9e19d808b9931ef37373c6","post_study","72","feedback-text","pointArc","","5572","5572","","","","","","","","",""
"5e9e19d808b9931ef37373c6","post_study","72","strategy","pointArc","","5572","5572","","","","","","","","",""
"5e9e19d808b9931ef37373c6","post_study","72","windowEvents","pointArc","{""focus"":5,""input"":4,""keydown"":1,""keyup"":1,""mousemove"":45,""mousedown"":5,""mouseup"":5,""resize"":0,""scroll"":0,""visibility"":0}","","","","","","","","","","",""
"600c167e28de48080e812884","participantTags","","participantTags","pointArc","[""virtual-chinrest"",""pointArc""]","","","","","","","","","","",""
"600c167e28de48080e812884","introduction","0","prolificId","pointArc","600c167e28de48080e812884","13385","13385","","","","","","","","",""
"600c167e28de48080e812884","introduction","0","windowEvents","pointArc","{""focus"":0,""input"":0,""keydown"":4,""keyup"":3,""mousemove"":49,""mousedown"":0,""mouseup"":0,""resize"":3,""scroll"":0,""visibility"":0}","","","","","","","","","","",""
"600c167e28de48080e812884","consent","1","consentApproval","pointArc","Accept","234311","234311","","","","","","","","",""
"600c167e28de48080e812884","consent","1","windowEvents","pointArc","{""focus"":2,""input"":1,""keydown"":0,""keyup"":0,""mousemove"":83,""mousedown"":2,""mouseup"":2,""resize"":0,""scroll"":48,""visibility"":0}","","","","","","","","","","",""
"600c167e28de48080e812884","chinrest_intro","2","","pointArc","","181920","181920","","","","","","","","",""
"600c167e28de48080e812884","chinrest_intro","2","windowEvents","pointArc","{""focus"":1,""input"":0,""keydown"":0,""keyup"":0,""mousemove"":71,""mousedown"":1,""mouseup"":1,""resize"":0,""scroll"":1,""visibility"":0}","","","","","","","","","","",""
"600c167e28de48080e812884","$virtual-chinrest.components.card-size","3","pixelsPerMM","pointArc","3.7850467289719627","58161","58161","pixelsPerMM","85.6","53.98","","","","","",""
"600c167e28de48080e812884","$virtual-chinrest.components.card-size","3","windowEvents","pointArc","{""focus"":4,""input"":0,""keydown"":0,""keyup"":0,""mousemove"":99,""mousedown"":5,""mouseup"":4,""resize"":0,""scroll"":2,""visibility"":0}","","","","","","","","","","",""
"600c167e28de48080e812884","$virtual-chinrest.components.blindspot-distance","4","dist-calibration-MM","pointArc","620.2203350500164","134509","134509","","","","13.5","","","","",""
"600c167e28de48080e812884","$virtual-chinrest.components.blindspot-distance","4","dist-calibration-CM","pointArc","62.02203350500164","134509","134509","","","","13.5","","","","",""
"600c167e28de48080e812884","$virtual-chinrest.components.blindspot-distance","4","ball-positions","pointArc","[894,896,222,192,278]","134509","134509","","","","13.5","","","","",""
"600c167e28de48080e812884","$virtual-chinrest.components.blindspot-distance","4","square-position","pointArc","1060","134509","134509","","","","13.5","","","","",""
"600c167e28de48080e812884","$virtual-chinrest.components.blindspot-distance","4","windowEvents","pointArc","{""focus"":2,""input"":0,""keydown"":13,""keyup"":13,""mousemove"":97,""mousedown"":2,""mouseup"":3,""resize"":0,""scroll"":1,""visibility"":0}","","","","","","","","","","",""
"600c167e28de48080e812884","study_overview","5","","pointArc","","126485","126485","","","","","","","","",""
"600c167e28de48080e812884","study_overview","5","windowEvents","pointArc","{""focus"":1,""input"":0,""keydown"":0,""keyup"":0,""mousemove"":83,""mousedown"":1,""mouseup"":1,""resize"":0,""scroll"":0,""visibility"":0}","","","","","","","","","","",""
"600c167e28de48080e812884","task1_intro","6","","pointArc","","30378","30378","","","","","","","","",""
"600c167e28de48080e812884","task1_intro","6","windowEvents","pointArc","{""focus"":3,""input"":0,""keydown"":0,""keyup"":0,""mousemove"":82,""mousedown"":3,""mouseup"":2,""resize"":2,""scroll"":0,""visibility"":0}","","","","","","","","","","",""
"600c167e28de48080e812884","block5_train_1","7","location-x","pointArc","0.25","56049","56049","","","","","Block5","true","0.25","4.5",""
"600c167e28de48080e812884","block5_train_1","7","location-y","pointArc","4.5","56049","56049","","","","","Block5","true","0.25","4.5",""
"600c167e28de48080e812884","block5_train_1","7","slider-x","pointArc","0.26","56049","56049","","","","","Block5","true","0.25","4.5",""
"600c167e28de48080e812884","block5_train_1","7","slider-y","pointArc","4.49","56049","56049","","","","","Block5","true","0.25","4.5",""
"600c167e28de48080e812884","block5_train_1","7","px-slider-x","pointArc","331.41","56049","56049","","","","","Block5","true","0.25","4.5",""
"600c167e28de48080e812884","block5_train_1","7","px-slider-y","pointArc","232.64499999999998","56049","56049","","","","","Block5","true","0.25","4.5",""
"600c167e28de48080e812884","block5_train_1","7","px-location-x","pointArc","330.875","56049","56049","","","","","Block5","true","0.25","4.5",""
"600c167e28de48080e812884","block5_train_1","7","px-location-y","pointArc","232.25000000000003","56049","56049","","","","","Block5","true","0.25","4.5",""
"600c167e28de48080e812884","block5_train_1","7","windowEvents","pointArc","{""focus"":5,""input"":0,""keydown"":0,""keyup"":0,""mousemove"":153,""mousedown"":7,""mouseup"":7,""resize"":0,""scroll"":15,""visibility"":0}","","","","","","","","","","",""
"600c167e28de48080e812884","block5_train_2","8","location-x","pointArc","-1.5","37024","37024","","","","","Block5","true","-1.5","7.2",""
"600c167e28de48080e812884","block5_train_2","8","location-y","pointArc","7.2","37024","37024","","","","","Block5","true","-1.5","7.2",""
"600c167e28de48080e812884","block5_train_2","8","slider-x","pointArc","-1.49","37024","37024","","","","","Block5","true","-1.5","7.2",""
"600c167e28de48080e812884","block5_train_2","8","slider-y","pointArc","7.18","37024","37024","","","","","Block5","true","-1.5","7.2",""
"600c167e28de48080e812884","block5_train_2","8","px-slider-x","pointArc","237.78499999999997","37024","37024","","","","","Block5","true","-1.5","7.2",""
"600c167e28de48080e812884","block5_train_2","8","px-slider-y","pointArc","126.39","37024","37024","","","","","Block5","true","-1.5","7.2",""
"600c167e28de48080e812884","block5_train_2","8","px-location-x","pointArc","237.25","37024","37024","","","","","Block5","true","-1.5","7.2",""
"600c167e28de48080e812884","block5_train_2","8","px-location-y","pointArc","125.60000000000001","37024","37024","","","","","Block5","true","-1.5","7.2",""
"600c167e28de48080e812884","block5_train_2","8","windowEvents","pointArc","{""focus"":6,""input"":0,""keydown"":1,""keyup"":1,""mousemove"":181,""mousedown"":7,""mouseup"":7,""resize"":0,""scroll"":21,""visibility"":0}","","","","","","","","","","",""
"600c167e28de48080e812884","task1_test_intro","9","","pointArc","","8862","8862","","","","","","","","",""
"600c167e28de48080e812884","task1_test_intro","9","windowEvents","pointArc","{""focus"":1,""input"":0,""keydown"":2,""keyup"":2,""mousemove"":18,""mousedown"":1,""mouseup"":1,""resize"":1,""scroll"":1,""visibility"":0}","","","","","","","","","","",""
"600c167e28de48080e812884","block5_test_4","10","location-x","pointArc","1.77","41565","41565","","","","","Block5","false","","",""
"600c167e28de48080e812884","block5_test_4","10","location-y","pointArc","9.98","41565","41565","","","","","Block5","false","","",""
"600c167e28de48080e812884","block5_test_4","10","slider-x","pointArc","2.01","41565","41565","","","","","Block5","false","","",""
"600c167e28de48080e812884","block5_test_4","10","slider-y","pointArc","10","41565","41565","","","","","Block5","false","","",""
"600c167e28de48080e812884","block5_test_4","10","px-slider-x","pointArc","425.03499999999997","41565","41565","","","","","Block5","false","","",""
"600c167e28de48080e812884","block5_test_4","10","px-slider-y","pointArc","15","41565","41565","","","","","Block5","false","","",""
"600c167e28de48080e812884","block5_test_4","10","px-location-x","pointArc","412.19499999999994","41565","41565","","","","","Block5","false","","",""
"600c167e28de48080e812884","block5_test_4","10","px-location-y","pointArc","15.790000000000001","41565","41565","","","","","Block5","false","","",""
"600c167e28de48080e812884","block5_test_4","10","windowEvents","pointArc","{""focus"":5,""input"":0,""keydown"":2,""keyup"":1,""mousemove"":186,""mousedown"":11,""mouseup"":11,""resize"":1,""scroll"":13,""visibility"":0}","","","","","","","","","","",""
"600c167e28de48080e812884","block5_test_9","11","location-x","pointArc","4.49","16210","16210","","","","","Block5","false","","",""
"600c167e28de48080e812884","block5_test_9","11","location-y","pointArc","0.51","16210","16210","","","","","Block5","false","","",""
"600c167e28de48080e812884","block5_test_9","11","slider-x","pointArc","4.5","16210","16210","","","","","Block5","false","","",""
"600c167e28de48080e812884","block5_test_9","11","slider-y","pointArc","0.48","16210","16210","","","","","Block5","false","","",""
"600c167e28de48080e812884","block5_test_9","11","px-slider-x","pointArc","558.25","16210","16210","","","","","Block5","false","","",""
"600c167e28de48080e812884","block5_test_9","11","px-slider-y","pointArc","391.04","16210","16210","","","","","Block5","false","","",""
"600c167e28de48080e812884","block5_test_9","11","px-location-x","pointArc","557.715","16210","16210","","","","","Block5","false","","",""
"600c167e28de48080e812884","block5_test_9","11","px-location-y","pointArc","389.85499999999996","16210","16210","","","","","Block5","false","","",""
"600c167e28de48080e812884","block5_test_9","11","windowEvents","pointArc","{""focus"":3,""input"":0,""keydown"":0,""keyup"":0,""mousemove"":104,""mousedown"":3,""mouseup"":3,""resize"":0,""scroll"":6,""visibility"":0}","","","","","","","","","","",""
"600c167e28de48080e812884","block5_test_6","12","location-x","pointArc","0.7","23563","23563","","","","","Block5","false","","",""
"600c167e28de48080e812884","block5_test_6","12","location-y","pointArc","6.07","23563","23563","","","","","Block5","false","","",""
"600c167e28de48080e812884","block5_test_6","12","slider-x","pointArc","0.76","23563","23563","","","","","Block5","false","","",""
"600c167e28de48080e812884","block5_test_6","12","slider-y","pointArc","6.15","23563","23563","","","","","Block5","false","","",""
"600c167e28de48080e812884","block5_test_6","12","px-slider-x","pointArc","358.15999999999997","23563","23563","","","","","Block5","false","","",""
"600c167e28de48080e812884","block5_test_6","12","px-slider-y","pointArc","167.075","23563","23563","","","","","Block5","false","","",""
"600c167e28de48080e812884","block5_test_6","12","px-location-x","pointArc","354.95000000000005","23563","23563","","","","","Block5","false","","",""
"600c167e28de48080e812884","block5_test_6","12","px-location-y","pointArc","170.23499999999999","23563","23563","","","","","Block5","false","","",""
"600c167e28de48080e812884","block5_test_6","12","windowEvents","pointArc","{""focus"":3,""input"":0,""keydown"":0,""keyup"":0,""mousemove"":97,""mousedown"":5,""mouseup"":5,""resize"":0,""scroll"":12,""visibility"":0}","","","","","","","","","","",""
"600c167e28de48080e812884","block5_test_5","13","location-x","pointArc","4.05","31615","27900","","","","","Block5","false","","",""
"600c167e28de48080e812884","block5_test_5","13","location-y","pointArc","9.76","31615","27900","","","","","Block5","false","","",""
"600c167e28de48080e812884","block5_test_5","13","slider-x","pointArc","4.31","31615","27900","","","","","Block5","false","","",""
"600c167e28de48080e812884","block5_test_5","13","slider-y","pointArc","9.92","31615","27900","","","","","Block5","false","","",""
"600c167e28de48080e812884","block5_test_5","13","px-slider-x","pointArc","548.0849999999999","31615","27900","","","","","Block5","false","","",""
"600c167e28de48080e812884","block5_test_5","13","px-slider-y","pointArc","18.160000000000004","31615","27900","","","","","Block5","false","","",""
"600c167e28de48080e812884","block5_test_5","13","px-location-x","pointArc","534.1750000000001","31615","27900","","","","","Block5","false","","",""
"600c167e28de48080e812884","block5_test_5","13","px-location-y","pointArc","24.48000000000001","31615","27900","","","","","Block5","false","","",""
"600c167e28de48080e812884","block5_test_5","13","windowEvents","pointArc","{""focus"":4,""input"":0,""keydown"":0,""keyup"":0,""mousemove"":145,""mousedown"":5,""mouseup"":5,""resize"":0,""scroll"":8,""visibility"":2}","","","","","","","","","","",""
"600c167e28de48080e812884","block5_test_10","14","location-x","pointArc","-2.13","15517","15517","","","","","Block5","false","","",""
"600c167e28de48080e812884","block5_test_10","14","location-y","pointArc","9.51","15517","15517","","","","","Block5","false","","",""
"600c167e28de48080e812884","block5_test_10","14","slider-x","pointArc","-1.96","15517","15517","","","","","Block5","false","","",""
"600c167e28de48080e812884","block5_test_10","14","slider-y","pointArc","9.52","15517","15517","","","","","Block5","false","","",""
"600c167e28de48080e812884","block5_test_10","14","px-slider-x","pointArc","212.64","15517","15517","","","","","Block5","false","","",""
"600c167e28de48080e812884","block5_test_10","14","px-slider-y","pointArc","33.960000000000015","15517","15517","","","","","Block5","false","","",""
"600c167e28de48080e812884","block5_test_10","14","px-location-x","pointArc","203.54500000000002","15517","15517","","","","","Block5","false","","",""
"600c167e28de48080e812884","block5_test_10","14","px-location-y","pointArc","34.35500000000002","15517","15517","","","","","Block5","false","","",""
"600c167e28de48080e812884","block5_test_10","14","windowEvents","pointArc","{""focus"":3,""input"":0,""keydown"":0,""keyup"":0,""mousemove"":87,""mousedown"":4,""mouseup"":4,""resize"":0,""scroll"":4,""visibility"":0}","","","","","","","","","","",""
"600c167e28de48080e812884","block5_test_7","15","location-x","pointArc","2.84","23712","23712","","","","","Block5","false","","",""
"600c167e28de48080e812884","block5_test_7","15","location-y","pointArc","9.68","23712","23712","","","","","Block5","false","","",""
"600c167e28de48080e812884","block5_test_7","15","slider-x","pointArc","2.94","23712","23712","","","","","Block5","false","","",""
"600c167e28de48080e812884","block5_test_7","15","slider-y","pointArc","9.56","23712","23712","","","","","Block5","false","","",""
"600c167e28de48080e812884","block5_test_7","15","px-slider-x","pointArc","474.78999999999996","23712","23712","","","","","Block5","false","","",""
"600c167e28de48080e812884","block5_test_7","15","px-slider-y","pointArc","32.379999999999974","23712","23712","","","","","Block5","false","","",""
"600c167e28de48080e812884","block5_test_7","15","px-location-x","pointArc","469.44000000000005","23712","23712","","","","","Block5","false","","",""
"600c167e28de48080e812884","block5_test_7","15","px-location-y","pointArc","27.64000000000001","23712","23712","","","","","Block5","false","","",""
"600c167e28de48080e812884","block5_test_7","15","windowEvents","pointArc","{""focus"":3,""input"":0,""keydown"":0,""keyup"":0,""mousemove"":121,""mousedown"":5,""mouseup"":5,""resize"":0,""scroll"":14,""visibility"":0}","","","","","","","","","","",""
"600c167e28de48080e812884","block5_test_8","16","location-x","pointArc","1.33","15895","15895","","","","","Block5","false","","",""
"600c167e28de48080e812884","block5_test_8","16","location-y","pointArc","8.98","15895","15895","","","","","Block5","false","","",""
"600c167e28de48080e812884","block5_test_8","16","slider-x","pointArc","1.42","15895","15895","","","","","Block5","false","","",""
"600c167e28de48080e812884","block5_test_8","16","slider-y","pointArc","9","15895","15895","","","","","Block5","false","","",""
"600c167e28de48080e812884","block5_test_8","16","px-slider-x","pointArc","393.46999999999997","15895","15895","","","","","Block5","false","","",""
"600c167e28de48080e812884","block5_test_8","16","px-slider-y","pointArc","54.49999999999999","15895","15895","","","","","Block5","false","","",""
"600c167e28de48080e812884","block5_test_8","16","px-location-x","pointArc","388.65500000000003","15895","15895","","","","","Block5","false","","",""
"600c167e28de48080e812884","block5_test_8","16","px-location-y","pointArc","55.28999999999999","15895","15895","","","","","Block5","false","","",""
"600c167e28de48080e812884","block5_test_8","16","windowEvents","pointArc","{""focus"":3,""input"":0,""keydown"":0,""keyup"":0,""mousemove"":90,""mousedown"":3,""mouseup"":3,""resize"":0,""scroll"":10,""visibility"":0}","","","","","","","","","","",""
"600c167e28de48080e812884","block5_test_3","17","location-x","pointArc","1.75","19391","19391","","","","","Block5","false","","",""
"600c167e28de48080e812884","block5_test_3","17","location-y","pointArc","4.41","19391","19391","","","","","Block5","false","","",""
"600c167e28de48080e812884","block5_test_3","17","slider-x","pointArc","1.84","19391","19391","","","","","Block5","false","","",""
"600c167e28de48080e812884","block5_test_3","17","slider-y","pointArc","4.49","19391","19391","","","","","Block5","false","","",""
"600c167e28de48080e812884","block5_test_3","17","px-slider-x","pointArc","415.94","19391","19391","","","","","Block5","false","","",""
"600c167e28de48080e812884","block5_test_3","17","px-slider-y","pointArc","232.64499999999998","19391","19391","","","","","Block5","false","","",""
"600c167e28de48080e812884","block5_test_3","17","px-location-x","pointArc","411.125","19391","19391","","","","","Block5","false","","",""
"600c167e28de48080e812884","block5_test_3","17","px-location-y","pointArc","235.80499999999998","19391","19391","","","","","Block5","false","","",""
"600c167e28de48080e812884","block5_test_3","17","windowEvents","pointArc","{""focus"":3,""input"":0,""keydown"":0,""keyup"":0,""mousemove"":84,""mousedown"":3,""mouseup"":3,""resize"":0,""scroll"":6,""visibility"":0}","","","","","","","","","","",""
"600c167e28de48080e812884","block5_test_1","18","location-x","pointArc","-0.25","17677","17677","","","","","Block5","false","","",""
"600c167e28de48080e812884","block5_test_1","18","location-y","pointArc","2.92","17677","17677","","","","","Block5","false","","",""
"600c167e28de48080e812884","block5_test_1","18","slider-x","pointArc","-0.26","17677","17677","","","","","Block5","false","","",""
"600c167e28de48080e812884","block5_test_1","18","slider-y","pointArc","2.93","17677","17677","","","","","Block5","false","","",""
"600c167e28de48080e812884","block5_test_1","18","px-slider-x","pointArc","303.59000000000003","17677","17677","","","","","Block5","false","","",""
"600c167e28de48080e812884","block5_test_1","18","px-slider-y","pointArc","294.265","17677","17677","","","","","Block5","false","","",""
"600c167e28de48080e812884","block5_test_1","18","px-location-x","pointArc","304.125","17677","17677","","","","","Block5","false","","",""
"600c167e28de48080e812884","block5_test_1","18","px-location-y","pointArc","294.65999999999997","17677","17677","","","","","Block5","false","","",""
"600c167e28de48080e812884","block5_test_1","18","windowEvents","pointArc","{""focus"":3,""input"":0,""keydown"":0,""keyup"":0,""mousemove"":100,""mousedown"":4,""mouseup"":4,""resize"":0,""scroll"":10,""visibility"":0}","","","","","","","","","","",""
"600c167e28de48080e812884","block5_test_2","19","location-x","pointArc","-0.41","16609","16609","","","","","Block5","false","","",""
"600c167e28de48080e812884","block5_test_2","19","location-y","pointArc","3.15","16609","16609","","","","","Block5","false","","",""
"600c167e28de48080e812884","block5_test_2","19","slider-x","pointArc","-0.43","16609","16609","","","","","Block5","false","","",""
"600c167e28de48080e812884","block5_test_2","19","slider-y","pointArc","3.06","16609","16609","","","","","Block5","false","","",""
"600c167e28de48080e812884","block5_test_2","19","px-slider-x","pointArc","294.495","16609","16609","","","","","Block5","false","","",""
"600c167e28de48080e812884","block5_test_2","19","px-slider-y","pointArc","289.12999999999994","16609","16609","","","","","Block5","false","","",""
"600c167e28de48080e812884","block5_test_2","19","px-location-x","pointArc","295.565","16609","16609","","","","","Block5","false","","",""
"600c167e28de48080e812884","block5_test_2","19","px-location-y","pointArc","285.57500000000005","16609","16609","","","","","Block5","false","","",""
"600c167e28de48080e812884","block5_test_2","19","windowEvents","pointArc","{""focus"":3,""input"":0,""keydown"":0,""keyup"":0,""mousemove"":88,""mousedown"":4,""mouseup"":4,""resize"":0,""scroll"":6,""visibility"":0}","","","","","","","","","","",""
"600c167e28de48080e812884","task2_intro","20","","pointArc","","452824","452824","","","","","","","","",""
"600c167e28de48080e812884","task2_intro","20","windowEvents","pointArc","{""focus"":1,""input"":0,""keydown"":0,""keyup"":0,""mousemove"":103,""mousedown"":1,""mouseup"":1,""resize"":0,""scroll"":1,""visibility"":0}","","","","","","","","","","",""
"600c167e28de48080e812884","moritz_train_pointArc_1","21","pixelResponse","pointArc","102","47385","47385","","","","","point","true","","","4"
"600c167e28de48080e812884","moritz_train_pointArc_1","21","numericResponse","pointArc","0.49","47385","47385","","","","","point","true","","","4"
"600c167e28de48080e812884","moritz_train_pointArc_1","21","windowEvents","pointArc","{""focus"":3,""input"":0,""keydown"":0,""keyup"":0,""mousemove"":69,""mousedown"":3,""mouseup"":3,""resize"":0,""scroll"":3,""visibility"":0}","","","","","","","","","","",""
"600c167e28de48080e812884","moritz_train_pointArc_2","22","pixelResponse","pointArc","110.00000000000001","11507","11507","","","","","point","true","","","5"
"600c167e28de48080e812884","moritz_train_pointArc_2","22","numericResponse","pointArc","0.45","11507","11507","","","","","point","true","","","5"
"600c167e28de48080e812884","moritz_train_pointArc_2","22","windowEvents","pointArc","{""focus"":3,""input"":0,""keydown"":0,""keyup"":0,""mousemove"":57,""mousedown"":4,""mouseup"":4,""resize"":0,""scroll"":5,""visibility"":0}","","","","","","","","","","",""
"600c167e28de48080e812884","task2_test_intro","23","","pointArc","","23282","23282","","","","","","","","",""
"600c167e28de48080e812884","task2_test_intro","23","windowEvents","pointArc","{""focus"":1,""input"":0,""keydown"":0,""keyup"":0,""mousemove"":86,""mousedown"":1,""mouseup"":1,""resize"":0,""scroll"":1,""visibility"":0}","","","","","","","","","","",""
"600c167e28de48080e812884","pointArc_task_48","24","pixelResponse","pointArc","52.00000000000001","17731","17731","","","","","pointArc","","","","143"
"600c167e28de48080e812884","pointArc_task_48","24","numericResponse","pointArc","0.74","17731","17731","","","","","pointArc","","","","143"
"600c167e28de48080e812884","pointArc_task_48","24","windowEvents","pointArc","{""focus"":2,""input"":0,""keydown"":0,""keyup"":0,""mousemove"":67,""mousedown"":3,""mouseup"":3,""resize"":0,""scroll"":0,""visibility"":0}","","","","","","","","","","",""
"600c167e28de48080e812884","pointArc_task_34","25","pixelResponse","pointArc","54","14813","14813","","","","","pointArc","","","","105"
"600c167e28de48080e812884","pointArc_task_34","25","numericResponse","pointArc","0.73","14813","14813","","","","","pointArc","","","","105"
"600c167e28de48080e812884","pointArc_task_34","25","windowEvents","pointArc","{""focus"":2,""input"":0,""keydown"":0,""keyup"":0,""mousemove"":85,""mousedown"":3,""mouseup"":3,""resize"":0,""scroll"":8,""visibility"":0}","","","","","","","","","","",""
"600c167e28de48080e812884","pointArc_task_2","26","pixelResponse","pointArc","108","9321","9321","","","","","pointArc","","","","9"
"600c167e28de48080e812884","pointArc_task_2","26","numericResponse","pointArc","0.46","9321","9321","","","","","pointArc","","","","9"
"600c167e28de48080e812884","pointArc_task_2","26","windowEvents","pointArc","{""focus"":2,""input"":0,""keydown"":0,""keyup"":0,""mousemove"":51,""mousedown"":3,""mouseup"":3,""resize"":0,""scroll"":0,""visibility"":0}","","","","","","","","","","",""
"600c167e28de48080e812884","pointArc_task_5","27","pixelResponse","pointArc","110.00000000000001","13477","13477","","","","","pointArc","","","","20"
"600c167e28de48080e812884","pointArc_task_5","27","numericResponse","pointArc","0.45","13477","13477","","","","","pointArc","","","","20"
"600c167e28de48080e812884","pointArc_task_5","27","windowEvents","pointArc","{""focus"":2,""input"":0,""keydown"":0,""keyup"":0,""mousemove"":83,""mousedown"":4,""mouseup"":4,""resize"":0,""scroll"":0,""visibility"":0}","","","","","","","","","","",""
"600c167e28de48080e812884","pointArc_task_9","28","pixelResponse","pointArc","104.00000000000001","9221","9221","","","","","pointArc","","","","32"
"600c167e28de48080e812884","pointArc_task_9","28","numericResponse","pointArc","0.48","9221","9221","","","","","pointArc","","","","32"
"600c167e28de48080e812884","pointArc_task_9","28","windowEvents","pointArc","{""focus"":2,""input"":0,""keydown"":0,""keyup"":0,""mousemove"":51,""mousedown"":3,""mouseup"":3,""resize"":0,""scroll"":0,""visibility"":0}","","","","","","","","","","",""
"600c167e28de48080e812884","pointArc_task_43","29","pixelResponse","pointArc","67.99999999999999","10611","10611","","","","","pointArc","","","","130"
"600c167e28de48080e812884","pointArc_task_43","29","numericResponse","pointArc","0.66","10611","10611","","","","","pointArc","","","","130"
"600c167e28de48080e812884","pointArc_task_43","29","windowEvents","pointArc","{""focus"":2,""input"":0,""keydown"":0,""keyup"":0,""mousemove"":73,""mousedown"":3,""mouseup"":3,""resize"":0,""scroll"":2,""visibility"":0}","","","","","","","","","","",""
"600c167e28de48080e812884","pointArc_task_8","30","pixelResponse","pointArc","114.00000000000001","8251","8251","","","","","pointArc","","","","23"
"600c167e28de48080e812884","pointArc_task_8","30","numericResponse","pointArc","0.43","8251","8251","","","","","pointArc","","","","23"
"600c167e28de48080e812884","pointArc_task_8","30","windowEvents","pointArc","{""focus"":2,""input"":0,""keydown"":0,""keyup"":0,""mousemove"":47,""mousedown"":2,""mouseup"":2,""resize"":0,""scroll"":0,""visibility"":0}","","","","","","","","","","",""
"600c167e28de48080e812884","pointArc_task_10","31","pixelResponse","pointArc","92","6479","6479","","","","","pointArc","","","","33"
"600c167e28de48080e812884","pointArc_task_10","31","numericResponse","pointArc","0.54","6479","6479","","","","","pointArc","","","","33"
"600c167e28de48080e812884","pointArc_task_10","31","windowEvents","pointArc","{""focus"":2,""input"":0,""keydown"":0,""keyup"":0,""mousemove"":32,""mousedown"":3,""mouseup"":3,""resize"":0,""scroll"":0,""visibility"":0}","","","","","","","","","","",""
"600c167e28de48080e812884","pointArc_task_45","32","pixelResponse","pointArc","160","14742","14742","","","","","pointArc","","","","140"
"600c167e28de48080e812884","pointArc_task_45","32","numericResponse","pointArc","0.2","14742","14742","","","","","pointArc","","","","140"
"600c167e28de48080e812884","pointArc_task_45","32","windowEvents","pointArc","{""focus"":2,""input"":0,""keydown"":0,""keyup"":0,""mousemove"":62,""mousedown"":2,""mouseup"":2,""resize"":0,""scroll"":0,""visibility"":0}","","","","","","","","","","",""
"600c167e28de48080e812884","pointArc_task_38","33","pixelResponse","pointArc","86","9489","9489","","","","","pointArc","","","","117"
"600c167e28de48080e812884","pointArc_task_38","33","numericResponse","pointArc","0.57","9489","9489","","","","","pointArc","","","","117"
"600c167e28de48080e812884","pointArc_task_38","33","windowEvents","pointArc","{""focus"":2,""input"":0,""keydown"":0,""keyup"":0,""mousemove"":62,""mousedown"":2,""mouseup"":2,""resize"":0,""scroll"":0,""visibility"":0}","","","","","","","","","","",""
"600c167e28de48080e812884","pointArc_task_36","34","pixelResponse","pointArc","87.99999999999999","8571","8571","","","","","pointArc","","","","107"
"600c167e28de48080e812884","pointArc_task_36","34","numericResponse","pointArc","0.56","8571","8571","","","","","pointArc","","","","107"
"600c167e28de48080e812884","pointArc_task_36","34","windowEvents","pointArc","{""focus"":2,""input"":0,""keydown"":0,""keyup"":0,""mousemove"":40,""mousedown"":2,""mouseup"":2,""resize"":0,""scroll"":0,""visibility"":0}","","","","","","","","","","",""
"600c167e28de48080e812884","pointArc_task_25","35","pixelResponse","pointArc","154","8742","8742","","","","","pointArc","","","","80"
"600c167e28de48080e812884","pointArc_task_25","35","numericResponse","pointArc","0.23","8742","8742","","","","","pointArc","","","","80"
"600c167e28de48080e812884","pointArc_task_25","35","windowEvents","pointArc","{""focus"":2,""input"":0,""keydown"":0,""keyup"":0,""mousemove"":59,""mousedown"":3,""mouseup"":3,""resize"":0,""scroll"":0,""visibility"":0}","","","","","","","","","","",""
"600c167e28de48080e812884","pointArc_task_1","36","pixelResponse","pointArc","108","12654","12654","","","","","pointArc","","","","8"
"600c167e28de48080e812884","pointArc_task_1","36","numericResponse","pointArc","0.46","12654","12654","","","","","pointArc","","","","8"
"600c167e28de48080e812884","pointArc_task_1","36","windowEvents","pointArc","{""focus"":2,""input"":0,""keydown"":0,""keyup"":0,""mousemove"":60,""mousedown"":3,""mouseup"":3,""resize"":0,""scroll"":0,""visibility"":0}","","","","","","","","","","",""
"600c167e28de48080e812884","pointArc_task_14","37","pixelResponse","pointArc","86","7476","7476","","","","","pointArc","","","","45"
"600c167e28de48080e812884","pointArc_task_14","37","numericResponse","pointArc","0.57","7476","7476","","","","","pointArc","","","","45"
"600c167e28de48080e812884","pointArc_task_14","37","windowEvents","pointArc","{""focus"":2,""input"":0,""keydown"":0,""keyup"":0,""mousemove"":48,""mousedown"":4,""mouseup"":4,""resize"":0,""scroll"":0,""visibility"":0}","","","","","","","","","","",""
"600c167e28de48080e812884","pointArc_task_17","38","pixelResponse","pointArc","87.99999999999999","9911","9911","","","","","pointArc","","","","56"
"600c167e28de48080e812884","pointArc_task_17","38","numericResponse","pointArc","0.56","9911","9911","","","","","pointArc","","","","56"
"600c167e28de48080e812884","pointArc_task_17","38","windowEvents","pointArc","{""focus"":2,""input"":0,""keydown"":0,""keyup"":0,""mousemove"":49,""mousedown"":3,""mouseup"":3,""resize"":0,""scroll"":0,""visibility"":0}","","","","","","","","","","",""
"600c167e28de48080e812884","pointArc_task_6","39","pixelResponse","pointArc","92","10343","10343","","","","","pointArc","","","","21"
"600c167e28de48080e812884","pointArc_task_6","39","numericResponse","pointArc","0.54","10343","10343","","","","","pointArc","","","","21"
"600c167e28de48080e812884","pointArc_task_6","39","windowEvents","pointArc","{""focus"":2,""input"":0,""keydown"":0,""keyup"":0,""mousemove"":48,""mousedown"":5,""mouseup"":5,""resize"":0,""scroll"":0,""visibility"":0}","","","","","","","","","","",""
"600c167e28de48080e812884","pointArc_task_23","40","pixelResponse","pointArc","108","9871","9871","","","","","pointArc","","","","70"
"600c167e28de48080e812884","pointArc_task_23","40","numericResponse","pointArc","0.46","9871","9871","","","","","pointArc","","","","70"
"600c167e28de48080e812884","pointArc_task_23","40","windowEvents","pointArc","{""focus"":3,""input"":0,""keydown"":0,""keyup"":0,""mousemove"":58,""mousedown"":5,""mouseup"":5,""resize"":0,""scroll"":0,""visibility"":0}","","","","","","","","","","",""
"600c167e28de48080e812884","pointArc_task_12","41","pixelResponse","pointArc","92","8600","8600","","","","","pointArc","","","","35"
"600c167e28de48080e812884","pointArc_task_12","41","numericResponse","pointArc","0.54","8600","8600","","","","","pointArc","","","","35"
"600c167e28de48080e812884","pointArc_task_12","41","windowEvents","pointArc","{""focus"":2,""input"":0,""keydown"":0,""keyup"":0,""mousemove"":46,""mousedown"":3,""mouseup"":3,""resize"":0,""scroll"":0,""visibility"":0}","","","","","","","","","","",""
"600c167e28de48080e812884","pointArc_task_13","42","pixelResponse","pointArc","112.00000000000001","12025","12025","","","","","pointArc","","","","44"
"600c167e28de48080e812884","pointArc_task_13","42","numericResponse","pointArc","0.44","12025","12025","","","","","pointArc","","","","44"
"600c167e28de48080e812884","pointArc_task_13","42","windowEvents","pointArc","{""focus"":2,""input"":0,""keydown"":0,""keyup"":0,""mousemove"":76,""mousedown"":3,""mouseup"":3,""resize"":0,""scroll"":0,""visibility"":0}","","","","","","","","","","",""
"600c167e28de48080e812884","pointArc_task_33","43","pixelResponse","pointArc","146","13628","13628","","","","","pointArc","","","","104"
"600c167e28de48080e812884","pointArc_task_33","43","numericResponse","pointArc","0.27","13628","13628","","","","","pointArc","","","","104"
"600c167e28de48080e812884","pointArc_task_33","43","windowEvents","pointArc","{""focus"":2,""input"":0,""keydown"":0,""keyup"":0,""mousemove"":69,""mousedown"":2,""mouseup"":2,""resize"":0,""scroll"":0,""visibility"":0}","","","","","","","","","","",""
"600c167e28de48080e812884","pointArc_task_35","44","pixelResponse","pointArc","158.00000000000003","12837","12837","","","","","pointArc","","","","106"
"600c167e28de48080e812884","pointArc_task_35","44","numericResponse","pointArc","0.21","12837","12837","","","","","pointArc","","","","106"
"600c167e28de48080e812884","pointArc_task_35","44","windowEvents","pointArc","{""focus"":2,""input"":0,""keydown"":0,""keyup"":0,""mousemove"":68,""mousedown"":3,""mouseup"":3,""resize"":0,""scroll"":0,""visibility"":0}","","","","","","","","","","",""
"600c167e28de48080e812884","pointArc_task_21","45","pixelResponse","pointArc","114.00000000000001","8875","8875","","","","","pointArc","","","","68"
"600c167e28de48080e812884","pointArc_task_21","45","numericResponse","pointArc","0.43","8875","8875","","","","","pointArc","","","","68"
"600c167e28de48080e812884","pointArc_task_21","45","windowEvents","pointArc","{""focus"":2,""input"":0,""keydown"":0,""keyup"":0,""mousemove"":46,""mousedown"":2,""mouseup"":2,""resize"":0,""scroll"":0,""visibility"":0}","","","","","","","","","","",""
"600c167e28de48080e812884","pointArc_task_28","46","pixelResponse","pointArc","43.99999999999999","10609","10609","","","","","pointArc","","","","83"
"600c167e28de48080e812884","pointArc_task_28","46","numericResponse","pointArc","0.78","10609","10609","","","","","pointArc","","","","83"
"600c167e28de48080e812884","pointArc_task_28","46","windowEvents","pointArc","{""focus"":1,""input"":0,""keydown"":0,""keyup"":0,""mousemove"":59,""mousedown"":3,""mouseup"":4,""resize"":0,""scroll"":0,""visibility"":0}","","","","","","","","","","",""
"600c167e28de48080e812884","pointArc_task_4","47","pixelResponse","pointArc","131.99999999999997","7566","7566","","","","","pointArc","","","","11"
"600c167e28de48080e812884","pointArc_task_4","47","numericResponse","pointArc","0.34","7566","7566","","","","","pointArc","","","","11"
"600c167e28de48080e812884","pointArc_task_4","47","windowEvents","pointArc","{""focus"":3,""input"":0,""keydown"":0,""keyup"":0,""mousemove"":49,""mousedown"":3,""mouseup"":2,""resize"":0,""scroll"":0,""visibility"":0}","","","","","","","","","","",""
"600c167e28de48080e812884","pointArc_task_11","48","pixelResponse","pointArc","118.00000000000001","9300","9300","","","","","pointArc","","","","34"
"600c167e28de48080e812884","pointArc_task_11","48","numericResponse","pointArc","0.41","9300","9300","","","","","pointArc","","","","34"
"600c167e28de48080e812884","pointArc_task_11","48","windowEvents","pointArc","{""focus"":2,""input"":0,""keydown"":0,""keyup"":0,""mousemove"":52,""mousedown"":2,""mouseup"":2,""resize"":0,""scroll"":0,""visibility"":0}","","","","","","","","","","",""
"600c167e28de48080e812884","pointArc_task_22","49","pixelResponse","pointArc","80","7390","7390","","","","","pointArc","","","","69"
"600c167e28de48080e812884","pointArc_task_22","49","numericResponse","pointArc","0.6","7390","7390","","","","","pointArc","","","","69"
"600c167e28de48080e812884","pointArc_task_22","49","windowEvents","pointArc","{""focus"":2,""input"":0,""keydown"":0,""keyup"":0,""mousemove"":49,""mousedown"":2,""mouseup"":2,""resize"":0,""scroll"":0,""visibility"":0}","","","","","","","","","","",""
"600c167e28de48080e812884","pointArc_task_31","50","pixelResponse","pointArc","102","5384","5384","","","","","pointArc","","","","94"
"600c167e28de48080e812884","pointArc_task_31","50","numericResponse","pointArc","0.49","5384","5384","","","","","pointArc","","","","94"
"600c167e28de48080e812884","pointArc_task_31","50","windowEvents","pointArc","{""focus"":2,""input"":0,""keydown"":0,""keyup"":0,""mousemove"":37,""mousedown"":2,""mouseup"":2,""resize"":0,""scroll"":0,""visibility"":0}","","","","","","","","","","",""
"600c167e28de48080e812884","pointArc_task_32","51","pixelResponse","pointArc","118.00000000000001","9725","9725","","","","","pointArc","","","","95"
"600c167e28de48080e812884","pointArc_task_32","51","numericResponse","pointArc","0.41","9725","9725","","","","","pointArc","","","","95"
"600c167e28de48080e812884","pointArc_task_32","51","windowEvents","pointArc","{""focus"":2,""input"":0,""keydown"":0,""keyup"":0,""mousemove"":50,""mousedown"":2,""mouseup"":2,""resize"":0,""scroll"":0,""visibility"":0}","","","","","","","","","","",""
"600c167e28de48080e812884","pointArc_task_20","52","pixelResponse","pointArc","138","136244","136244","","","","","pointArc","","","","59"
"600c167e28de48080e812884","pointArc_task_20","52","numericResponse","pointArc","0.31","136244","136244","","","","","pointArc","","","","59"
"600c167e28de48080e812884","pointArc_task_20","52","windowEvents","pointArc","{""focus"":2,""input"":0,""keydown"":0,""keyup"":0,""mousemove"":60,""mousedown"":3,""mouseup"":3,""resize"":0,""scroll"":0,""visibility"":0}","","","","","","","","","","",""
"600c167e28de48080e812884","pointArc_task_40","53","pixelResponse","pointArc","94","8758","8758","","","","","pointArc","","","","119"
"600c167e28de48080e812884","pointArc_task_40","53","numericResponse","pointArc","0.53","8758","8758","","","","","pointArc","","","","119"
"600c167e28de48080e812884","pointArc_task_40","53","windowEvents","pointArc","{""focus"":2,""input"":0,""keydown"":0,""keyup"":0,""mousemove"":49,""mousedown"":2,""mouseup"":2,""resize"":0,""scroll"":0,""visibility"":0}","","","","","","","","","","",""
"600c167e28de48080e812884","pointArc_task_29","54","pixelResponse","pointArc","102","9575","9575","","","","","pointArc","","","","92"
"600c167e28de48080e812884","pointArc_task_29","54","numericResponse","pointArc","0.49","9575","9575","","","","","pointArc","","","","92"
"600c167e28de48080e812884","pointArc_task_29","54","windowEvents","pointArc","{""focus"":2,""input"":0,""keydown"":0,""keyup"":0,""mousemove"":63,""mousedown"":2,""mouseup"":2,""resize"":0,""scroll"":0,""visibility"":0}","","","","","","","","","","",""
"600c167e28de48080e812884","pointArc_task_26","55","pixelResponse","pointArc","50","8031","8031","","","","","pointArc","","","","81"
"600c167e28de48080e812884","pointArc_task_26","55","numericResponse","pointArc","0.75","8031","8031","","","","","pointArc","","","","81"
"600c167e28de48080e812884","pointArc_task_26","55","windowEvents","pointArc","{""focus"":2,""input"":0,""keydown"":0,""keyup"":0,""mousemove"":51,""mousedown"":2,""mouseup"":2,""resize"":0,""scroll"":0,""visibility"":0}","","","","","","","","","","",""
"600c167e28de48080e812884","pointArc_task_7","56","pixelResponse","pointArc","94","10547","10547","","","","","pointArc","","","","22"
"600c167e28de48080e812884","pointArc_task_7","56","numericResponse","pointArc","0.53","10547","10547","","","","","pointArc","","","","22"
"600c167e28de48080e812884","pointArc_task_7","56","windowEvents","pointArc","{""focus"":2,""input"":0,""keydown"":0,""keyup"":0,""mousemove"":42,""mousedown"":2,""mouseup"":2,""resize"":0,""scroll"":0,""visibility"":0}","","","","","","","","","","",""
"600c167e28de48080e812884","pointArc_task_42","57","pixelResponse","pointArc","116.00000000000001","9427","9427","","","","","pointArc","","","","129"
"600c167e28de48080e812884","pointArc_task_42","57","numericResponse","pointArc","0.42","9427","9427","","","","","pointArc","","","","129"
"600c167e28de48080e812884","pointArc_task_42","57","windowEvents","pointArc","{""focus"":2,""input"":0,""keydown"":0,""keyup"":0,""mousemove"":46,""mousedown"":3,""mouseup"":3,""resize"":0,""scroll"":0,""visibility"":0}","","","","","","","","","","",""
"600c167e28de48080e812884","pointArc_task_3","58","pixelResponse","pointArc","89.99999999999999","5301","5301","","","","","pointArc","","","","10"
"600c167e28de48080e812884","pointArc_task_3","58","numericResponse","pointArc","0.55","5301","5301","","","","","pointArc","","","","10"
"600c167e28de48080e812884","pointArc_task_3","58","windowEvents","pointArc","{""focus"":2,""input"":0,""keydown"":0,""keyup"":0,""mousemove"":35,""mousedown"":2,""mouseup"":2,""resize"":0,""scroll"":0,""visibility"":0}","","","","","","","","","","",""
"600c167e28de48080e812884","pointArc_task_19","59","pixelResponse","pointArc","74","6845","6845","","","","","pointArc","","","","58"
"600c167e28de48080e812884","pointArc_task_19","59","numericResponse","pointArc","0.63","6845","6845","","","","","pointArc","","","","58"
"600c167e28de48080e812884","pointArc_task_19","59","windowEvents","pointArc","{""focus"":2,""input"":0,""keydown"":0,""keyup"":0,""mousemove"":35,""mousedown"":2,""mouseup"":2,""resize"":0,""scroll"":0,""visibility"":0}","","","","","","","","","","",""
"600c167e28de48080e812884","pointArc_task_30","60","pixelResponse","pointArc","104.00000000000001","5101","5101","","","","","pointArc","","","","93"
"600c167e28de48080e812884","pointArc_task_30","60","numericResponse","pointArc","0.48","5101","5101","","","","","pointArc","","","","93"
"600c167e28de48080e812884","pointArc_task_30","60","windowEvents","pointArc","{""focus"":2,""input"":0,""keydown"":0,""keyup"":0,""mousemove"":30,""mousedown"":2,""mouseup"":2,""resize"":0,""scroll"":0,""visibility"":0}","","","","","","","","","","",""
"600c167e28de48080e812884","pointArc_task_41","61","pixelResponse","pointArc","98","10198","10198","","","","","pointArc","","","","128"
"600c167e28de48080e812884","pointArc_task_41","61","numericResponse","pointArc","0.51","10198","10198","","","","","pointArc","","","","128"
"600c167e28de48080e812884","pointArc_task_41","61","windowEvents","pointArc","{""focus"":2,""input"":0,""keydown"":0,""keyup"":0,""mousemove"":40,""mousedown"":2,""mouseup"":2,""resize"":0,""scroll"":0,""visibility"":0}","","","","","","","","","","",""
"600c167e28de48080e812884","pointArc_task_37","62","pixelResponse","pointArc","118.00000000000001","6496","6496","","","","","pointArc","","","","116"
"600c167e28de48080e812884","pointArc_task_37","62","numericResponse","pointArc","0.41","6496","6496","","","","","pointArc","","","","116"
"600c167e28de48080e812884","pointArc_task_37","62","windowEvents","pointArc","{""focus"":2,""input"":0,""keydown"":0,""keyup"":0,""mousemove"":43,""mousedown"":2,""mouseup"":2,""resize"":0,""scroll"":0,""visibility"":0}","","","","","","","","","","",""
"600c167e28de48080e812884","pointArc_task_16","63","pixelResponse","pointArc","86","49923","49923","","","","","pointArc","","","","47"
"600c167e28de48080e812884","pointArc_task_16","63","numericResponse","pointArc","0.57","49923","49923","","","","","pointArc","","","","47"
"600c167e28de48080e812884","pointArc_task_16","63","windowEvents","pointArc","{""focus"":2,""input"":0,""keydown"":0,""keyup"":0,""mousemove"":55,""mousedown"":2,""mouseup"":2,""resize"":0,""scroll"":0,""visibility"":0}","","","","","","","","","","",""
"600c167e28de48080e812884","pointArc_task_46","64","pixelResponse","pointArc","67.99999999999999","7389","7389","","","","","pointArc","","","","141"
"600c167e28de48080e812884","pointArc_task_46","64","numericResponse","pointArc","0.66","7389","7389","","","","","pointArc","","","","141"
"600c167e28de48080e812884","pointArc_task_46","64","windowEvents","pointArc","{""focus"":2,""input"":0,""keydown"":0,""keyup"":0,""mousemove"":48,""mousedown"":2,""mouseup"":2,""resize"":0,""scroll"":0,""visibility"":0}","","","","","","","","","","",""
"600c167e28de48080e812884","pointArc_task_24","65","pixelResponse","pointArc","110.00000000000001","5095","5095","","","","","pointArc","","","","71"
"600c167e28de48080e812884","pointArc_task_24","65","numericResponse","pointArc","0.45","5095","5095","","","","","pointArc","","","","71"
"600c167e28de48080e812884","pointArc_task_24","65","windowEvents","pointArc","{""focus"":2,""input"":0,""keydown"":0,""keyup"":0,""mousemove"":33,""mousedown"":2,""mouseup"":2,""resize"":0,""scroll"":0,""visibility"":0}","","","","","","","","","","",""
"600c167e28de48080e812884","pointArc_task_18","66","pixelResponse","pointArc","120","7356","7356","","","","","pointArc","","","","57"
"600c167e28de48080e812884","pointArc_task_18","66","numericResponse","pointArc","0.4","7356","7356","","","","","pointArc","","","","57"
"600c167e28de48080e812884","pointArc_task_18","66","windowEvents","pointArc","{""focus"":2,""input"":0,""keydown"":0,""keyup"":0,""mousemove"":44,""mousedown"":2,""mouseup"":2,""resize"":0,""scroll"":0,""visibility"":0}","","","","","","","","","","",""
"600c167e28de48080e812884","pointArc_task_15","67","pixelResponse","pointArc","108","16170","16170","","","","","pointArc","","","","46"
"600c167e28de48080e812884","pointArc_task_15","67","numericResponse","pointArc","0.46","16170","16170","","","","","pointArc","","","","46"
"600c167e28de48080e812884","pointArc_task_15","67","windowEvents","pointArc","{""focus"":2,""input"":0,""keydown"":0,""keyup"":0,""mousemove"":48,""mousedown"":4,""mouseup"":4,""resize"":0,""scroll"":0,""visibility"":0}","","","","","","","","","","",""
"600c167e28de48080e812884","pointArc_task_27","68","pixelResponse","pointArc","146","12648","12648","","","","","pointArc","","","","82"
"600c167e28de48080e812884","pointArc_task_27","68","numericResponse","pointArc","0.27","12648","12648","","","","","pointArc","","","","82"
"600c167e28de48080e812884","pointArc_task_27","68","windowEvents","pointArc","{""focus"":2,""input"":0,""keydown"":0,""keyup"":0,""mousemove"":72,""mousedown"":3,""mouseup"":3,""resize"":0,""scroll"":0,""visibility"":0}","","","","","","","","","","",""
"600c167e28de48080e812884","pointArc_task_47","69","pixelResponse","pointArc","130","10075","10075","","","","","pointArc","","","","142"
"600c167e28de48080e812884","pointArc_task_47","69","numericResponse","pointArc","0.35","10075","10075","","","","","pointArc","","","","142"
"600c167e28de48080e812884","pointArc_task_47","69","windowEvents","pointArc","{""focus"":2,""input"":0,""keydown"":0,""keyup"":0,""mousemove"":44,""mousedown"":2,""mouseup"":2,""resize"":0,""scroll"":0,""visibility"":0}","","","","","","","","","","",""
"600c167e28de48080e812884","pointArc_task_44","70","pixelResponse","pointArc","131.99999999999997","7977","7977","","","","","pointArc","","","","131"
"600c167e28de48080e812884","pointArc_task_44","70","numericResponse","pointArc","0.34","7977","7977","","","","","pointArc","","","","131"
"600c167e28de48080e812884","pointArc_task_44","70","windowEvents","pointArc","{""focus"":2,""input"":0,""keydown"":0,""keyup"":0,""mousemove"":48,""mousedown"":2,""mouseup"":2,""resize"":0,""scroll"":0,""visibility"":0}","","","","","","","","","","",""
"600c167e28de48080e812884","pointArc_task_39","71","pixelResponse","pointArc","120","14370","14370","","","","","pointArc","","","","118"
"600c167e28de48080e812884","pointArc_task_39","71","numericResponse","pointArc","0.4","14370","14370","","","","","pointArc","","","","118"
"600c167e28de48080e812884","pointArc_task_39","71","windowEvents","pointArc","{""focus"":2,""input"":0,""keydown"":0,""keyup"":0,""mousemove"":97,""mousedown"":3,""mouseup"":3,""resize"":0,""scroll"":0,""visibility"":0}","","","","","","","","","","",""
"600c167e28de48080e812884","post_study","72","gender","pointArc","Male","13370","13370","","","","","","","","",""
"600c167e28de48080e812884","post_study","72","gender-other","pointArc","","13370","13370","","","","","","","","",""
"600c167e28de48080e812884","post_study","72","age","pointArc","59","13370","13370","","","","","","","","",""
"600c167e28de48080e812884","post_study","72","feedback","pointArc","No","13370","13370","","","","","","","","",""
"600c167e28de48080e812884","post_study","72","feedback-text","pointArc","","13370","13370","","","","","","","","",""
"600c167e28de48080e812884","post_study","72","strategy","pointArc","","13370","13370","","","","","","","","",""
"600c167e28de48080e812884","post_study","72","windowEvents","pointArc","{""focus"":4,""input"":4,""keydown"":2,""keyup"":2,""mousemove"":68,""mousedown"":4,""mouseup"":4,""resize"":0,""scroll"":4,""visibility"":0}","","","","","","","","","","",""
"63fa78f21e485a372c6528fa","participantTags","","participantTags","point","[""virtual-chinrest"",""point""]","","","","","","","","","","",""
"63fa78f21e485a372c6528fa","introduction","0","prolificId","point","63fa78f21e485a372c6528fa","4976","4976","","","","","","","","",""
"63fa78f21e485a372c6528fa","introduction","0","windowEvents","point","{""focus"":1,""input"":0,""keydown"":0,""keyup"":0,""mousemove"":13,""mousedown"":1,""mouseup"":0,""resize"":0,""scroll"":0,""visibility"":0}","","","","","","","","","","",""
"63fa78f21e485a372c6528fa","consent","1","consentApproval","point","Accept","12513","12513","","","","","","","","",""
"63fa78f21e485a372c6528fa","consent","1","windowEvents","point","{""focus"":2,""input"":1,""keydown"":0,""keyup"":0,""mousemove"":38,""mousedown"":2,""mouseup"":2,""resize"":0,""scroll"":6,""visibility"":0}","","","","","","","","","","",""
"63fa78f21e485a372c6528fa","chinrest_intro","2","","point","","29920","29920","","","","","","","","",""
"63fa78f21e485a372c6528fa","chinrest_intro","2","windowEvents","point","{""focus"":0,""input"":0,""keydown"":1,""keyup"":1,""mousemove"":24,""mousedown"":0,""mouseup"":1,""resize"":1,""scroll"":1,""visibility"":0}","","","","","","","","","","",""
"63fa78f21e485a372c6528fa","$virtual-chinrest.components.card-size","3","pixelsPerMM","point","4.696261682242991","38172","38172","pixelsPerMM","85.6","53.98","","","","","",""
"63fa78f21e485a372c6528fa","$virtual-chinrest.components.card-size","3","windowEvents","point","{""focus"":4,""input"":0,""keydown"":0,""keyup"":0,""mousemove"":85,""mousedown"":5,""mouseup"":4,""resize"":0,""scroll"":0,""visibility"":0}","","","","","","","","","","",""
"63fa78f21e485a372c6528fa","$virtual-chinrest.components.blindspot-distance","4","dist-calibration-MM","point","485.68804475395393","86603","86603","","","","13.5","","","","",""
"63fa78f21e485a372c6528fa","$virtual-chinrest.components.blindspot-distance","4","dist-calibration-CM","point","48.568804475395396","86603","86603","","","","13.5","","","","",""
"63fa78f21e485a372c6528fa","$virtual-chinrest.components.blindspot-distance","4","ball-positions","point","[718,706,856,936,946]","86603","86603","","","","13.5","","","","",""
"63fa78f21e485a372c6528fa","$virtual-chinrest.components.blindspot-distance","4","square-position","point","1380","86603","86603","","","","13.5","","","","",""
"63fa78f21e485a372c6528fa","$virtual-chinrest.components.blindspot-distance","4","windowEvents","point","{""focus"":0,""input"":0,""keydown"":10,""keyup"":10,""mousemove"":30,""mousedown"":0,""mouseup"":1,""resize"":0,""scroll"":0,""visibility"":0}","","","","","","","","","","",""
"63fa78f21e485a372c6528fa","study_overview","5","","point","","15744","15744","","","","","","","","",""
"63fa78f21e485a372c6528fa","study_overview","5","windowEvents","point","{""focus"":2,""input"":0,""keydown"":0,""keyup"":0,""mousemove"":81,""mousedown"":2,""mouseup"":1,""resize"":0,""scroll"":0,""visibility"":0}","","","","","","","","","","",""
"63fa78f21e485a372c6528fa","task1_intro","6","","point","","24275","24275","","","","","","","","",""
"63fa78f21e485a372c6528fa","task1_intro","6","windowEvents","point","{""focus"":1,""input"":0,""keydown"":0,""keyup"":0,""mousemove"":53,""mousedown"":0,""mouseup"":1,""resize"":0,""scroll"":0,""visibility"":0}","","","","","","","","","","",""
"63fa78f21e485a372c6528fa","block5_train_1","7","location-x","point","0.25","44262","44262","","","","","Block5","true","0.25","4.5",""
"63fa78f21e485a372c6528fa","block5_train_1","7","location-y","point","4.5","44262","44262","","","","","Block5","true","0.25","4.5",""
"63fa78f21e485a372c6528fa","block5_train_1","7","slider-x","point","0.25","44262","44262","","","","","Block5","true","0.25","4.5",""
"63fa78f21e485a372c6528fa","block5_train_1","7","slider-y","point","4.48","44262","44262","","","","","Block5","true","0.25","4.5",""
"63fa78f21e485a372c6528fa","block5_train_1","7","px-slider-x","point","330.875","44262","44262","","","","","Block5","true","0.25","4.5",""
"63fa78f21e485a372c6528fa","block5_train_1","7","px-slider-y","point","233.03999999999996","44262","44262","","","","","Block5","true","0.25","4.5",""
"63fa78f21e485a372c6528fa","block5_train_1","7","px-location-x","point","330.875","44262","44262","","","","","Block5","true","0.25","4.5",""
"63fa78f21e485a372c6528fa","block5_train_1","7","px-location-y","point","232.25000000000003","44262","44262","","","","","Block5","true","0.25","4.5",""
"63fa78f21e485a372c6528fa","block5_train_1","7","windowEvents","point","{""focus"":6,""input"":0,""keydown"":0,""keyup"":0,""mousemove"":148,""mousedown"":6,""mouseup"":6,""resize"":0,""scroll"":1,""visibility"":0}","","","","","","","","","","",""
"63fa78f21e485a372c6528fa","block5_train_2","8","location-x","point","-1.5","54578","54578","","","","","Block5","true","-1.5","7.2",""
"63fa78f21e485a372c6528fa","block5_train_2","8","location-y","point","7.2","54578","54578","","","","","Block5","true","-1.5","7.2",""
"63fa78f21e485a372c6528fa","block5_train_2","8","slider-x","point","-1.5","54578","54578","","","","","Block5","true","-1.5","7.2",""
"63fa78f21e485a372c6528fa","block5_train_2","8","slider-y","point","7.2","54578","54578","","","","","Block5","true","-1.5","7.2",""
"63fa78f21e485a372c6528fa","block5_train_2","8","px-slider-x","point","237.25","54578","54578","","","","","Block5","true","-1.5","7.2",""
"63fa78f21e485a372c6528fa","block5_train_2","8","px-slider-y","point","125.60000000000001","54578","54578","","","","","Block5","true","-1.5","7.2",""
"63fa78f21e485a372c6528fa","block5_train_2","8","px-location-x","point","237.25","54578","54578","","","","","Block5","true","-1.5","7.2",""
"63fa78f21e485a372c6528fa","block5_train_2","8","px-location-y","point","125.60000000000001","54578","54578","","","","","Block5","true","-1.5","7.2",""
"63fa78f21e485a372c6528fa","block5_train_2","8","windowEvents","point","{""focus"":6,""input"":0,""keydown"":0,""keyup"":0,""mousemove"":168,""mousedown"":6,""mouseup"":6,""resize"":0,""scroll"":1,""visibility"":0}","","","","","","","","","","",""
"63fa78f21e485a372c6528fa","task1_test_intro","9","","point","","9092","9092","","","","","","","","",""
"63fa78f21e485a372c6528fa","task1_test_intro","9","windowEvents","point","{""focus"":1,""input"":0,""keydown"":0,""keyup"":0,""mousemove"":36,""mousedown"":1,""mouseup"":1,""resize"":0,""scroll"":0,""visibility"":0}","","","","","","","","","","",""
"63fa78f21e485a372c6528fa","block5_test_10","10","location-x","point","4.5","31661","31661","","","","","Block5","false","","",""
"63fa78f21e485a372c6528fa","block5_test_10","10","location-y","point","8.24","31661","31661","","","","","Block5","false","","",""
"63fa78f21e485a372c6528fa","block5_test_10","10","slider-x","point","4.5","31661","31661","","","","","Block5","false","","",""
"63fa78f21e485a372c6528fa","block5_test_10","10","slider-y","point","8.3","31661","31661","","","","","Block5","false","","",""
"63fa78f21e485a372c6528fa","block5_test_10","10","px-slider-x","point","558.25","31661","31661","","","","","Block5","false","","",""
"63fa78f21e485a372c6528fa","block5_test_10","10","px-slider-y","point","82.14999999999998","31661","31661","","","","","Block5","false","","",""
"63fa78f21e485a372c6528fa","block5_test_10","10","px-location-x","point","558.25","31661","31661","","","","","Block5","false","","",""
"63fa78f21e485a372c6528fa","block5_test_10","10","px-location-y","point","84.51999999999997","31661","31661","","","","","Block5","false","","",""
"63fa78f21e485a372c6528fa","block5_test_10","10","windowEvents","point","{""focus"":4,""input"":0,""keydown"":0,""keyup"":0,""mousemove"":103,""mousedown"":5,""mouseup"":5,""resize"":0,""scroll"":0,""visibility"":0}","","","","","","","","","","",""
"63fa78f21e485a372c6528fa","block5_test_3","11","location-x","point","1.98","61230","61230","","","","","Block5","false","","",""
"63fa78f21e485a372c6528fa","block5_test_3","11","location-y","point","3.85","61230","61230","","","","","Block5","false","","",""
"63fa78f21e485a372c6528fa","block5_test_3","11","slider-x","point","1.99","61230","61230","","","","","Block5","false","","",""
"63fa78f21e485a372c6528fa","block5_test_3","11","slider-y","point","3.99","61230","61230","","","","","Block5","false","","",""
"63fa78f21e485a372c6528fa","block5_test_3","11","px-slider-x","point","423.96500000000003","61230","61230","","","","","Block5","false","","",""
"63fa78f21e485a372c6528fa","block5_test_3","11","px-slider-y","point","252.395","61230","61230","","","","","Block5","false","","",""
"63fa78f21e485a372c6528fa","block5_test_3","11","px-location-x","point","423.43000000000006","61230","61230","","","","","Block5","false","","",""
"63fa78f21e485a372c6528fa","block5_test_3","11","px-location-y","point","257.925","61230","61230","","","","","Block5","false","","",""
"63fa78f21e485a372c6528fa","block5_test_3","11","windowEvents","point","{""focus"":4,""input"":0,""keydown"":0,""keyup"":0,""mousemove"":142,""mousedown"":6,""mouseup"":5,""resize"":0,""scroll"":0,""visibility"":0}","","","","","","","","","","",""
"63fa78f21e485a372c6528fa","block5_test_1","12","location-x","point","3.76","60226","60226","","","","","Block5","false","","",""
"63fa78f21e485a372c6528fa","block5_test_1","12","location-y","point","1.09","60226","60226","","","","","Block5","false","","",""
"63fa78f21e485a372c6528fa","block5_test_1","12","slider-x","point","3.75","60226","60226","","","","","Block5","false","","",""
"63fa78f21e485a372c6528fa","block5_test_1","12","slider-y","point","1.35","60226","60226","","","","","Block5","false","","",""
"63fa78f21e485a372c6528fa","block5_test_1","12","px-slider-x","point","518.125","60226","60226","","","","","Block5","false","","",""
"63fa78f21e485a372c6528fa","block5_test_1","12","px-slider-y","point","356.67499999999995","60226","60226","","","","","Block5","false","","",""
"63fa78f21e485a372c6528fa","block5_test_1","12","px-location-x","point","518.6600000000001","60226","60226","","","","","Block5","false","","",""
"63fa78f21e485a372c6528fa","block5_test_1","12","px-location-y","point","366.945","60226","60226","","","","","Block5","false","","",""
"63fa78f21e485a372c6528fa","block5_test_1","12","windowEvents","point","{""focus"":4,""input"":0,""keydown"":0,""keyup"":0,""mousemove"":136,""mousedown"":5,""mouseup"":5,""resize"":0,""scroll"":0,""visibility"":0}","","","","","","","","","","",""
"63fa78f21e485a372c6528fa","block5_test_9","13","location-x","point","-0.02","41589","41589","","","","","Block5","false","","",""
"63fa78f21e485a372c6528fa","block5_test_9","13","location-y","point","6.08","41589","41589","","","","","Block5","false","","",""
"63fa78f21e485a372c6528fa","block5_test_9","13","slider-x","point","-0.01","41589","41589","","","","","Block5","false","","",""
"63fa78f21e485a372c6528fa","block5_test_9","13","slider-y","point","6.01","41589","41589","","","","","Block5","false","","",""
"63fa78f21e485a372c6528fa","block5_test_9","13","px-slider-x","point","316.96500000000003","41589","41589","","","","","Block5","false","","",""
"63fa78f21e485a372c6528fa","block5_test_9","13","px-slider-y","point","172.60500000000002","41589","41589","","","","","Block5","false","","",""
"63fa78f21e485a372c6528fa","block5_test_9","13","px-location-x","point","316.43000000000006","41589","41589","","","","","Block5","false","","",""
"63fa78f21e485a372c6528fa","block5_test_9","13","px-location-y","point","169.84","41589","41589","","","","","Block5","false","","",""
"63fa78f21e485a372c6528fa","block5_test_9","13","windowEvents","point","{""focus"":2,""input"":0,""keydown"":0,""keyup"":0,""mousemove"":139,""mousedown"":4,""mouseup"":5,""resize"":0,""scroll"":0,""visibility"":0}","","","","","","","","","","",""
"63fa78f21e485a372c6528fa","block5_test_5","14","location-x","point","-2.99","17722","17722","","","","","Block5","false","","",""
"63fa78f21e485a372c6528fa","block5_test_5","14","location-y","point","0.53","17722","17722","","","","","Block5","false","","",""
"63fa78f21e485a372c6528fa","block5_test_5","14","slider-x","point","-2.98","17722","17722","","","","","Block5","false","","",""
"63fa78f21e485a372c6528fa","block5_test_5","14","slider-y","point","0.5","17722","17722","","","","","Block5","false","","",""
"63fa78f21e485a372c6528fa","block5_test_5","14","px-slider-x","point","158.07","17722","17722","","","","","Block5","false","","",""
"63fa78f21e485a372c6528fa","block5_test_5","14","px-slider-y","point","390.25","17722","17722","","","","","Block5","false","","",""
"63fa78f21e485a372c6528fa","block5_test_5","14","px-location-x","point","157.535","17722","17722","","","","","Block5","false","","",""
"63fa78f21e485a372c6528fa","block5_test_5","14","px-location-y","point","389.065","17722","17722","","","","","Block5","false","","",""
"63fa78f21e485a372c6528fa","block5_test_5","14","windowEvents","point","{""focus"":4,""input"":0,""keydown"":0,""keyup"":0,""mousemove"":76,""mousedown"":5,""mouseup"":4,""resize"":0,""scroll"":0,""visibility"":0}","","","","","","","","","","",""
"63fa78f21e485a372c6528fa","block5_test_6","15","location-x","point","-1.03","14816","14816","","","","","Block5","false","","",""
"63fa78f21e485a372c6528fa","block5_test_6","15","location-y","point","8.81","14816","14816","","","","","Block5","false","","",""
"63fa78f21e485a372c6528fa","block5_test_6","15","slider-x","point","-0.8","14816","14816","","","","","Block5","false","","",""
"63fa78f21e485a372c6528fa","block5_test_6","15","slider-y","point","8.73","14816","14816","","","","","Block5","false","","",""
"63fa78f21e485a372c6528fa","block5_test_6","15","px-slider-x","point","274.7","14816","14816","","","","","Block5","false","","",""
"63fa78f21e485a372c6528fa","block5_test_6","15","px-slider-y","point","65.165","14816","14816","","","","","Block5","false","","",""
"63fa78f21e485a372c6528fa","block5_test_6","15","px-location-x","point","262.395","14816","14816","","","","","Block5","false","","",""
"63fa78f21e485a372c6528fa","block5_test_6","15","px-location-y","point","62.004999999999995","14816","14816","","","","","Block5","false","","",""
"63fa78f21e485a372c6528fa","block5_test_6","15","windowEvents","point","{""focus"":4,""input"":0,""keydown"":0,""keyup"":0,""mousemove"":68,""mousedown"":3,""mouseup"":3,""resize"":0,""scroll"":0,""visibility"":0}","","","","","","","","","","",""
"63fa78f21e485a372c6528fa","block5_test_2","16","location-x","point","4.41","17170","17170","","","","","Block5","false","","",""
"63fa78f21e485a372c6528fa","block5_test_2","16","location-y","point","4.16","17170","17170","","","","","Block5","false","","",""
"63fa78f21e485a372c6528fa","block5_test_2","16","slider-x","point","4.4","17170","17170","","","","","Block5","false","","",""
"63fa78f21e485a372c6528fa","block5_test_2","16","slider-y","point","4.32","17170","17170","","","","","Block5","false","","",""
"63fa78f21e485a372c6528fa","block5_test_2","16","px-slider-x","point","552.9","17170","17170","","","","","Block5","false","","",""
"63fa78f21e485a372c6528fa","block5_test_2","16","px-slider-y","point","239.35999999999996","17170","17170","","","","","Block5","false","","",""
"63fa78f21e485a372c6528fa","block5_test_2","16","px-location-x","point","553.4350000000001","17170","17170","","","","","Block5","false","","",""
"63fa78f21e485a372c6528fa","block5_test_2","16","px-location-y","point","245.68","17170","17170","","","","","Block5","false","","",""
"63fa78f21e485a372c6528fa","block5_test_2","16","windowEvents","point","{""focus"":3,""input"":0,""keydown"":0,""keyup"":0,""mousemove"":87,""mousedown"":4,""mouseup"":4,""resize"":0,""scroll"":0,""visibility"":0}","","","","","","","","","","",""
"63fa78f21e485a372c6528fa","block5_test_4","17","location-x","point","-0.09","26171","26171","","","","","Block5","false","","",""
"63fa78f21e485a372c6528fa","block5_test_4","17","location-y","point","4.45","26171","26171","","","","","Block5","false","","",""
"63fa78f21e485a372c6528fa","block5_test_4","17","slider-x","point","-0.03","26171","26171","","","","","Block5","false","","",""
"63fa78f21e485a372c6528fa","block5_test_4","17","slider-y","point","4.51","26171","26171","","","","","Block5","false","","",""
"63fa78f21e485a372c6528fa","block5_test_4","17","px-slider-x","point","315.895","26171","26171","","","","","Block5","false","","",""
"63fa78f21e485a372c6528fa","block5_test_4","17","px-slider-y","point","231.85500000000002","26171","26171","","","","","Block5","false","","",""
"63fa78f21e485a372c6528fa","block5_test_4","17","px-location-x","point","312.685","26171","26171","","","","","Block5","false","","",""
"63fa78f21e485a372c6528fa","block5_test_4","17","px-location-y","point","234.225","26171","26171","","","","","Block5","false","","",""
"63fa78f21e485a372c6528fa","block5_test_4","17","windowEvents","point","{""focus"":3,""input"":0,""keydown"":0,""keyup"":0,""mousemove"":72,""mousedown"":4,""mouseup"":4,""resize"":0,""scroll"":0,""visibility"":0}","","","","","","","","","","",""
"63fa78f21e485a372c6528fa","block5_test_7","18","location-x","point","-1.63","13971","13971","","","","","Block5","false","","",""
"63fa78f21e485a372c6528fa","block5_test_7","18","location-y","point","6.24","13971","13971","","","","","Block5","false","","",""
"63fa78f21e485a372c6528fa","block5_test_7","18","slider-x","point","-1.53","13971","13971","","","","","Block5","false","","",""
"63fa78f21e485a372c6528fa","block5_test_7","18","slider-y","point","6.22","13971","13971","","","","","Block5","false","","",""
"63fa78f21e485a372c6528fa","block5_test_7","18","px-slider-x","point","235.64499999999998","13971","13971","","","","","Block5","false","","",""
"63fa78f21e485a372c6528fa","block5_test_7","18","px-slider-y","point","164.31","13971","13971","","","","","Block5","false","","",""
"63fa78f21e485a372c6528fa","block5_test_7","18","px-location-x","point","230.29500000000002","13971","13971","","","","","Block5","false","","",""
"63fa78f21e485a372c6528fa","block5_test_7","18","px-location-y","point","163.51999999999998","13971","13971","","","","","Block5","false","","",""
"63fa78f21e485a372c6528fa","block5_test_7","18","windowEvents","point","{""focus"":2,""input"":0,""keydown"":0,""keyup"":0,""mousemove"":61,""mousedown"":4,""mouseup"":5,""resize"":0,""scroll"":0,""visibility"":0}","","","","","","","","","","",""
"63fa78f21e485a372c6528fa","block5_test_8","19","location-x","point","2.58","24077","24077","","","","","Block5","false","","",""
"63fa78f21e485a372c6528fa","block5_test_8","19","location-y","point","9.45","24077","24077","","","","","Block5","false","","",""
"63fa78f21e485a372c6528fa","block5_test_8","19","slider-x","point","2.73","24077","24077","","","","","Block5","false","","",""
"63fa78f21e485a372c6528fa","block5_test_8","19","slider-y","point","9.34","24077","24077","","","","","Block5","false","","",""
"63fa78f21e485a372c6528fa","block5_test_8","19","px-slider-x","point","463.555","24077","24077","","","","","Block5","false","","",""
"63fa78f21e485a372c6528fa","block5_test_8","19","px-slider-y","point","41.07000000000002","24077","24077","","","","","Block5","false","","",""
"63fa78f21e485a372c6528fa","block5_test_8","19","px-location-x","point","455.53000000000003","24077","24077","","","","","Block5","false","","",""
"63fa78f21e485a372c6528fa","block5_test_8","19","px-location-y","point","36.725000000000016","24077","24077","","","","","Block5","false","","",""
"63fa78f21e485a372c6528fa","block5_test_8","19","windowEvents","point","{""focus"":5,""input"":0,""keydown"":0,""keyup"":0,""mousemove"":68,""mousedown"":6,""mouseup"":5,""resize"":0,""scroll"":0,""visibility"":0}","","","","","","","","","","",""
"63fa78f21e485a372c6528fa","task2_intro","20","","point","","11283","11283","","","","","","","","",""
"63fa78f21e485a372c6528fa","task2_intro","20","windowEvents","point","{""focus"":1,""input"":0,""keydown"":0,""keyup"":0,""mousemove"":57,""mousedown"":1,""mouseup"":1,""resize"":0,""scroll"":0,""visibility"":0}","","","","","","","","","","",""
"63fa78f21e485a372c6528fa","moritz_train_point_1","21","pixelResponse","point","102","42635","42635","","","","","pointArc","true","","","8"
"63fa78f21e485a372c6528fa","moritz_train_point_1","21","numericResponse","point","0.49","42635","42635","","","","","pointArc","true","","","8"
"63fa78f21e485a372c6528fa","moritz_train_point_1","21","windowEvents","point","{""focus"":6,""input"":0,""keydown"":0,""keyup"":0,""mousemove"":179,""mousedown"":9,""mouseup"":7,""resize"":0,""scroll"":0,""visibility"":0}","","","","","","","","","","",""
"63fa78f21e485a372c6528fa","moritz_train_point_2","22","pixelResponse","point","95.99999999999999","9836","9836","","","","","pointArc","true","","","9"
"63fa78f21e485a372c6528fa","moritz_train_point_2","22","numericResponse","point","0.52","9836","9836","","","","","pointArc","true","","","9"
"63fa78f21e485a372c6528fa","moritz_train_point_2","22","windowEvents","point","{""focus"":3,""input"":0,""keydown"":0,""keyup"":0,""mousemove"":59,""mousedown"":3,""mouseup"":3,""resize"":0,""scroll"":0,""visibility"":0}","","","","","","","","","","",""
"63fa78f21e485a372c6528fa","task2_test_intro","23","","point","","24686","24686","","","","","","","","",""
"63fa78f21e485a372c6528fa","task2_test_intro","23","windowEvents","point","{""focus"":1,""input"":0,""keydown"":0,""keyup"":0,""mousemove"":19,""mousedown"":1,""mouseup"":1,""resize"":0,""scroll"":0,""visibility"":0}","","","","","","","","","","",""
"63fa78f21e485a372c6528fa","point_task_10","24","pixelResponse","point","78","9700","9700","","","","","point","","","","29"
"63fa78f21e485a372c6528fa","point_task_10","24","numericResponse","point","0.61","9700","9700","","","","","point","","","","29"
"63fa78f21e485a372c6528fa","point_task_10","24","windowEvents","point","{""focus"":2,""input"":0,""keydown"":0,""keyup"":0,""mousemove"":43,""mousedown"":2,""mouseup"":2,""resize"":0,""scroll"":0,""visibility"":0}","","","","","","","","","","",""
"63fa78f21e485a372c6528fa","point_task_12","25","pixelResponse","point","87.99999999999999","6665","6665","","","","","point","","","","31"
"63fa78f21e485a372c6528fa","point_task_12","25","numericResponse","point","0.56","6665","6665","","","","","point","","","","31"
"63fa78f21e485a372c6528fa","point_task_12","25","windowEvents","point","{""focus"":1,""input"":0,""keydown"":0,""keyup"":0,""mousemove"":32,""mousedown"":1,""mouseup"":2,""resize"":0,""scroll"":0,""visibility"":0}","","","","","","","","","","",""
"63fa78f21e485a372c6528fa","point_task_11","26","pixelResponse","point","131.99999999999997","7070","7070","","","","","point","","","","30"
"63fa78f21e485a372c6528fa","point_task_11","26","numericResponse","point","0.34","7070","7070","","","","","point","","","","30"
"63fa78f21e485a372c6528fa","point_task_11","26","windowEvents","point","{""focus"":3,""input"":0,""keydown"":0,""keyup"":0,""mousemove"":24,""mousedown"":3,""mouseup"":2,""resize"":0,""scroll"":0,""visibility"":0}","","","","","","","","","","",""
"63fa78f21e485a372c6528fa","point_task_40","27","pixelResponse","point","70","11260","11260","","","","","point","","","","115"
"63fa78f21e485a372c6528fa","point_task_40","27","numericResponse","point","0.65","11260","11260","","","","","point","","","","115"
"63fa78f21e485a372c6528fa","point_task_40","27","windowEvents","point","{""focus"":3,""input"":0,""keydown"":0,""keyup"":0,""mousemove"":50,""mousedown"":4,""mouseup"":4,""resize"":0,""scroll"":0,""visibility"":0}","","","","","","","","","","",""
"63fa78f21e485a372c6528fa","point_task_41","28","pixelResponse","point","74","7681","7681","","","","","point","","","","124"
"63fa78f21e485a372c6528fa","point_task_41","28","numericResponse","point","0.63","7681","7681","","","","","point","","","","124"
"63fa78f21e485a372c6528fa","point_task_41","28","windowEvents","point","{""focus"":2,""input"":0,""keydown"":0,""keyup"":0,""mousemove"":32,""mousedown"":2,""mouseup"":2,""resize"":0,""scroll"":0,""visibility"":0}","","","","","","","","","","",""
"63fa78f21e485a372c6528fa","point_task_17","29","pixelResponse","point","80","6958","6958","","","","","point","","","","52"
"63fa78f21e485a372c6528fa","point_task_17","29","numericResponse","point","0.6","6958","6958","","","","","point","","","","52"
"63fa78f21e485a372c6528fa","point_task_17","29","windowEvents","point","{""focus"":2,""input"":0,""keydown"":0,""keyup"":0,""mousemove"":34,""mousedown"":2,""mouseup"":2,""resize"":0,""scroll"":0,""visibility"":0}","","","","","","","","","","",""
"63fa78f21e485a372c6528fa","point_task_25","30","pixelResponse","point","146","9010","9010","","","","","point","","","","76"
"63fa78f21e485a372c6528fa","point_task_25","30","numericResponse","point","0.27","9010","9010","","","","","point","","","","76"
"63fa78f21e485a372c6528fa","point_task_25","30","windowEvents","point","{""focus"":2,""input"":0,""keydown"":0,""keyup"":0,""mousemove"":32,""mousedown"":2,""mouseup"":2,""resize"":0,""scroll"":0,""visibility"":0}","","","","","","","","","","",""
"63fa78f21e485a372c6528fa","point_task_8","31","pixelResponse","point","95.99999999999999","8602","8602","","","","","point","","","","19"
"63fa78f21e485a372c6528fa","point_task_8","31","numericResponse","point","0.52","8602","8602","","","","","point","","","","19"
"63fa78f21e485a372c6528fa","point_task_8","31","windowEvents","point","{""focus"":2,""input"":0,""keydown"":0,""keyup"":0,""mousemove"":19,""mousedown"":2,""mouseup"":2,""resize"":0,""scroll"":0,""visibility"":0}","","","","","","","","","","",""
"63fa78f21e485a372c6528fa","point_task_47","32","pixelResponse","point","148","7846","7846","","","","","point","","","","138"
"63fa78f21e485a372c6528fa","point_task_47","32","numericResponse","point","0.26","7846","7846","","","","","point","","","","138"
"63fa78f21e485a372c6528fa","point_task_47","32","windowEvents","point","{""focus"":2,""input"":0,""keydown"":0,""keyup"":0,""mousemove"":37,""mousedown"":2,""mouseup"":2,""resize"":0,""scroll"":0,""visibility"":0}","","","","","","","","","","",""
"63fa78f21e485a372c6528fa","point_task_42","33","pixelResponse","point","114.00000000000001","5623","5623","","","","","point","","","","125"
"63fa78f21e485a372c6528fa","point_task_42","33","numericResponse","point","0.43","5623","5623","","","","","point","","","","125"
"63fa78f21e485a372c6528fa","point_task_42","33","windowEvents","point","{""focus"":2,""input"":0,""keydown"":0,""keyup"":0,""mousemove"":25,""mousedown"":2,""mouseup"":2,""resize"":0,""scroll"":0,""visibility"":0}","","","","","","","","","","",""
"63fa78f21e485a372c6528fa","point_task_29","34","pixelResponse","point","98","12976","12976","","","","","point","","","","88"
"63fa78f21e485a372c6528fa","point_task_29","34","numericResponse","point","0.51","12976","12976","","","","","point","","","","88"
"63fa78f21e485a372c6528fa","point_task_29","34","windowEvents","point","{""focus"":2,""input"":0,""keydown"":0,""keyup"":0,""mousemove"":61,""mousedown"":3,""mouseup"":3,""resize"":0,""scroll"":0,""visibility"":0}","","","","","","","","","","",""
"63fa78f21e485a372c6528fa","point_task_44","35","pixelResponse","point","126","6505","6505","","","","","point","","","","127"
"63fa78f21e485a372c6528fa","point_task_44","35","numericResponse","point","0.37","6505","6505","","","","","point","","","","127"
"63fa78f21e485a372c6528fa","point_task_44","35","windowEvents","point","{""focus"":2,""input"":0,""keydown"":0,""keyup"":0,""mousemove"":38,""mousedown"":2,""mouseup"":2,""resize"":0,""scroll"":0,""visibility"":0}","","","","","","","","","","",""
"63fa78f21e485a372c6528fa","point_task_16","36","pixelResponse","point","98","6230","6230","","","","","point","","","","43"
"63fa78f21e485a372c6528fa","point_task_16","36","numericResponse","point","0.51","6230","6230","","","","","point","","","","43"
"63fa78f21e485a372c6528fa","point_task_16","36","windowEvents","point","{""focus"":2,""input"":0,""keydown"":0,""keyup"":0,""mousemove"":28,""mousedown"":2,""mouseup"":2,""resize"":0,""scroll"":0,""visibility"":0}","","","","","","","","","","",""
"63fa78f21e485a372c6528fa","point_task_20","37","pixelResponse","point","122","7309","7309","","","","","point","","","","55"
"63fa78f21e485a372c6528fa","point_task_20","37","numericResponse","point","0.39","7309","7309","","","","","point","","","","55"
"63fa78f21e485a372c6528fa","point_task_20","37","windowEvents","point","{""focus"":2,""input"":0,""keydown"":0,""keyup"":0,""mousemove"":23,""mousedown"":2,""mouseup"":2,""resize"":0,""scroll"":0,""visibility"":0}","","","","","","","","","","",""
"63fa78f21e485a372c6528fa","point_task_48","38","pixelResponse","point","52.00000000000001","8321","8321","","","","","point","","","","139"
"63fa78f21e485a372c6528fa","point_task_48","38","numericResponse","point","0.74","8321","8321","","","","","point","","","","139"
"63fa78f21e485a372c6528fa","point_task_48","38","windowEvents","point","{""focus"":2,""input"":0,""keydown"":0,""keyup"":0,""mousemove"":39,""mousedown"":2,""mouseup"":2,""resize"":0,""scroll"":0,""visibility"":0}","","","","","","","","","","",""
"63fa78f21e485a372c6528fa","point_task_9","39","pixelResponse","point","131.99999999999997","8357","8357","","","","","point","","","","28"
"63fa78f21e485a372c6528fa","point_task_9","39","numericResponse","point","0.34","8357","8357","","","","","point","","","","28"
"63fa78f21e485a372c6528fa","point_task_9","39","windowEvents","point","{""focus"":2,""input"":0,""keydown"":0,""keyup"":0,""mousemove"":35,""mousedown"":2,""mouseup"":2,""resize"":0,""scroll"":0,""visibility"":0}","","","","","","","","","","",""
"63fa78f21e485a372c6528fa","point_task_24","40","pixelResponse","point","89.99999999999999","8902","8902","","","","","point","","","","67"
"63fa78f21e485a372c6528fa","point_task_24","40","numericResponse","point","0.55","8902","8902","","","","","point","","","","67"
"63fa78f21e485a372c6528fa","point_task_24","40","windowEvents","point","{""focus"":2,""input"":0,""keydown"":0,""keyup"":0,""mousemove"":37,""mousedown"":2,""mouseup"":2,""resize"":0,""scroll"":0,""visibility"":0}","","","","","","","","","","",""
"63fa78f21e485a372c6528fa","point_task_34","41","pixelResponse","point","54","5194","5194","","","","","point","","","","101"
"63fa78f21e485a372c6528fa","point_task_34","41","numericResponse","point","0.73","5194","5194","","","","","point","","","","101"
"63fa78f21e485a372c6528fa","point_task_34","41","windowEvents","point","{""focus"":2,""input"":0,""keydown"":0,""keyup"":0,""mousemove"":31,""mousedown"":2,""mouseup"":2,""resize"":0,""scroll"":0,""visibility"":0}","","","","","","","","","","",""
"63fa78f21e485a372c6528fa","point_task_5","42","pixelResponse","point","108","7454","7454","","","","","point","","","","16"
"63fa78f21e485a372c6528fa","point_task_5","42","numericResponse","point","0.46","7454","7454","","","","","point","","","","16"
"63fa78f21e485a372c6528fa","point_task_5","42","windowEvents","point","{""focus"":2,""input"":0,""keydown"":0,""keyup"":0,""mousemove"":42,""mousedown"":2,""mouseup"":2,""resize"":0,""scroll"":0,""visibility"":0}","","","","","","","","","","",""
"63fa78f21e485a372c6528fa","point_task_4","43","pixelResponse","point","108","5940","5940","","","","","point","","","","7"
"63fa78f21e485a372c6528fa","point_task_4","43","numericResponse","point","0.46","5940","5940","","","","","point","","","","7"
"63fa78f21e485a372c6528fa","point_task_4","43","windowEvents","point","{""focus"":2,""input"":0,""keydown"":0,""keyup"":0,""mousemove"":34,""mousedown"":2,""mouseup"":2,""resize"":0,""scroll"":0,""visibility"":0}","","","","","","","","","","",""
"63fa78f21e485a372c6528fa","point_task_6","44","pixelResponse","point","92","8279","8279","","","","","point","","","","17"
"63fa78f21e485a372c6528fa","point_task_6","44","numericResponse","point","0.54","8279","8279","","","","","point","","","","17"
"63fa78f21e485a372c6528fa","point_task_6","44","windowEvents","point","{""focus"":2,""input"":0,""keydown"":0,""keyup"":0,""mousemove"":41,""mousedown"":2,""mouseup"":2,""resize"":0,""scroll"":0,""visibility"":0}","","","","","","","","","","",""
"63fa78f21e485a372c6528fa","point_task_18","45","pixelResponse","point","122","8874","8874","","","","","point","","","","53"
"63fa78f21e485a372c6528fa","point_task_18","45","numericResponse","point","0.39","8874","8874","","","","","point","","","","53"
"63fa78f21e485a372c6528fa","point_task_18","45","windowEvents","point","{""focus"":2,""input"":0,""keydown"":0,""keyup"":0,""mousemove"":44,""mousedown"":2,""mouseup"":2,""resize"":0,""scroll"":0,""visibility"":0}","","","","","","","","","","",""
"63fa78f21e485a372c6528fa","point_task_38","46","pixelResponse","point","82.00000000000001","7515","7515","","","","","point","","","","113"
"63fa78f21e485a372c6528fa","point_task_38","46","numericResponse","point","0.59","7515","7515","","","","","point","","","","113"
"63fa78f21e485a372c6528fa","point_task_38","46","windowEvents","point","{""focus"":2,""input"":0,""keydown"":0,""keyup"":0,""mousemove"":36,""mousedown"":2,""mouseup"":2,""resize"":0,""scroll"":0,""visibility"":0}","","","","","","","","","","",""
"63fa78f21e485a372c6528fa","point_task_21","47","pixelResponse","point","118.00000000000001","8791","8791","","","","","point","","","","64"
"63fa78f21e485a372c6528fa","point_task_21","47","numericResponse","point","0.41","8791","8791","","","","","point","","","","64"
"63fa78f21e485a372c6528fa","point_task_21","47","windowEvents","point","{""focus"":2,""input"":0,""keydown"":0,""keyup"":0,""mousemove"":44,""mousedown"":2,""mouseup"":2,""resize"":0,""scroll"":0,""visibility"":0}","","","","","","","","","","",""
"63fa78f21e485a372c6528fa","point_task_45","48","pixelResponse","point","141.99999999999997","9116","9116","","","","","point","","","","136"
"63fa78f21e485a372c6528fa","point_task_45","48","numericResponse","point","0.29","9116","9116","","","","","point","","","","136"
"63fa78f21e485a372c6528fa","point_task_45","48","windowEvents","point","{""focus"":2,""input"":0,""keydown"":0,""keyup"":0,""mousemove"":37,""mousedown"":3,""mouseup"":3,""resize"":0,""scroll"":0,""visibility"":0}","","","","","","","","","","",""
"63fa78f21e485a372c6528fa","point_task_32","49","pixelResponse","point","92","4118","4118","","","","","point","","","","91"
"63fa78f21e485a372c6528fa","point_task_32","49","numericResponse","point","0.54","4118","4118","","","","","point","","","","91"
"63fa78f21e485a372c6528fa","point_task_32","49","windowEvents","point","{""focus"":2,""input"":0,""keydown"":0,""keyup"":0,""mousemove"":26,""mousedown"":2,""mouseup"":2,""resize"":0,""scroll"":0,""visibility"":0}","","","","","","","","","","",""
"63fa78f21e485a372c6528fa","point_task_26","50","pixelResponse","point","58.00000000000001","4494","4494","","","","","point","","","","77"
"63fa78f21e485a372c6528fa","point_task_26","50","numericResponse","point","0.71","4494","4494","","","","","point","","","","77"
"63fa78f21e485a372c6528fa","point_task_26","50","windowEvents","point","{""focus"":2,""input"":0,""keydown"":0,""keyup"":0,""mousemove"":32,""mousedown"":2,""mouseup"":2,""resize"":0,""scroll"":0,""visibility"":0}","","","","","","","","","","",""
"63fa78f21e485a372c6528fa","point_task_1","51","pixelResponse","point","89.99999999999999","8283","8283","","","","","point","","","","4"
"63fa78f21e485a372c6528fa","point_task_1","51","numericResponse","point","0.55","8283","8283","","","","","point","","","","4"
"63fa78f21e485a372c6528fa","point_task_1","51","windowEvents","point","{""focus"":2,""input"":0,""keydown"":0,""keyup"":0,""mousemove"":30,""mousedown"":2,""mouseup"":2,""resize"":0,""scroll"":0,""visibility"":0}","","","","","","","","","","",""
"63fa78f21e485a372c6528fa","point_task_23","52","pixelResponse","point","89.99999999999999","6882","6882","","","","","point","","","","66"
"63fa78f21e485a372c6528fa","point_task_23","52","numericResponse","point","0.55","6882","6882","","","","","point","","","","66"
"63fa78f21e485a372c6528fa","point_task_23","52","windowEvents","point","{""focus"":2,""input"":0,""keydown"":0,""keyup"":0,""mousemove"":35,""mousedown"":2,""mouseup"":2,""resize"":0,""scroll"":0,""visibility"":0}","","","","","","","","","","",""
"63fa78f21e485a372c6528fa","point_task_19","53","pixelResponse","point","80","6861","6861","","","","","point","","","","54"
"63fa78f21e485a372c6528fa","point_task_19","53","numericResponse","point","0.6","6861","6861","","","","","point","","","","54"
"63fa78f21e485a372c6528fa","point_task_19","53","windowEvents","point","{""focus"":2,""input"":0,""keydown"":0,""keyup"":0,""mousemove"":37,""mousedown"":2,""mouseup"":2,""resize"":0,""scroll"":0,""visibility"":0}","","","","","","","","","","",""
"63fa78f21e485a372c6528fa","point_task_14","54","pixelResponse","point","84.00000000000001","7203","7203","","","","","point","","","","41"
"63fa78f21e485a372c6528fa","point_task_14","54","numericResponse","point","0.58","7203","7203","","","","","point","","","","41"
"63fa78f21e485a372c6528fa","point_task_14","54","windowEvents","point","{""focus"":2,""input"":0,""keydown"":0,""keyup"":0,""mousemove"":39,""mousedown"":3,""mouseup"":3,""resize"":0,""scroll"":0,""visibility"":0}","","","","","","","","","","",""
"63fa78f21e485a372c6528fa","point_task_3","55","pixelResponse","point","87.99999999999999","7216","7216","","","","","point","","","","6"
"63fa78f21e485a372c6528fa","point_task_3","55","numericResponse","point","0.56","7216","7216","","","","","point","","","","6"
"63fa78f21e485a372c6528fa","point_task_3","55","windowEvents","point","{""focus"":2,""input"":0,""keydown"":0,""keyup"":0,""mousemove"":31,""mousedown"":2,""mouseup"":2,""resize"":0,""scroll"":0,""visibility"":0}","","","","","","","","","","",""
"63fa78f21e485a372c6528fa","point_task_7","56","pixelResponse","point","106","6071","6071","","","","","point","","","","18"
"63fa78f21e485a372c6528fa","point_task_7","56","numericResponse","point","0.47","6071","6071","","","","","point","","","","18"
"63fa78f21e485a372c6528fa","point_task_7","56","windowEvents","point","{""focus"":1,""input"":0,""keydown"":0,""keyup"":0,""mousemove"":34,""mousedown"":2,""mouseup"":2,""resize"":0,""scroll"":0,""visibility"":0}","","","","","","","","","","",""
"63fa78f21e485a372c6528fa","point_task_27","57","pixelResponse","point","131.99999999999997","6512","6512","","","","","point","","","","78"
"63fa78f21e485a372c6528fa","point_task_27","57","numericResponse","point","0.34","6512","6512","","","","","point","","","","78"
"63fa78f21e485a372c6528fa","point_task_27","57","windowEvents","point","{""focus"":3,""input"":0,""keydown"":0,""keyup"":0,""mousemove"":39,""mousedown"":2,""mouseup"":2,""resize"":0,""scroll"":0,""visibility"":0}","","","","","","","","","","",""
"63fa78f21e485a372c6528fa","point_task_2","58","pixelResponse","point","106","8164","8164","","","","","point","","","","5"
"63fa78f21e485a372c6528fa","point_task_2","58","numericResponse","point","0.47","8164","8164","","","","","point","","","","5"
"63fa78f21e485a372c6528fa","point_task_2","58","windowEvents","point","{""focus"":2,""input"":0,""keydown"":0,""keyup"":0,""mousemove"":43,""mousedown"":3,""mouseup"":3,""resize"":0,""scroll"":0,""visibility"":0}","","","","","","","","","","",""
"63fa78f21e485a372c6528fa","point_task_31","59","pixelResponse","point","102","6576","6576","","","","","point","","","","90"
"63fa78f21e485a372c6528fa","point_task_31","59","numericResponse","point","0.49","6576","6576","","","","","point","","","","90"
"63fa78f21e485a372c6528fa","point_task_31","59","windowEvents","point","{""focus"":2,""input"":0,""keydown"":0,""keyup"":0,""mousemove"":37,""mousedown"":2,""mouseup"":2,""resize"":0,""scroll"":0,""visibility"":0}","","","","","","","","","","",""
"63fa78f21e485a372c6528fa","point_task_30","60","pixelResponse","point","110.00000000000001","13925","13925","","","","","point","","","","89"
"63fa78f21e485a372c6528fa","point_task_30","60","numericResponse","point","0.45","13925","13925","","","","","point","","","","89"
"63fa78f21e485a372c6528fa","point_task_30","60","windowEvents","point","{""focus"":2,""input"":0,""keydown"":0,""keyup"":0,""mousemove"":62,""mousedown"":3,""mouseup"":3,""resize"":0,""scroll"":0,""visibility"":0}","","","","","","","","","","",""
"63fa78f21e485a372c6528fa","point_task_37","61","pixelResponse","point","126","8816","8816","","","","","point","","","","112"
"63fa78f21e485a372c6528fa","point_task_37","61","numericResponse","point","0.37","8816","8816","","","","","point","","","","112"
"63fa78f21e485a372c6528fa","point_task_37","61","windowEvents","point","{""focus"":2,""input"":0,""keydown"":0,""keyup"":0,""mousemove"":34,""mousedown"":3,""mouseup"":3,""resize"":0,""scroll"":0,""visibility"":0}","","","","","","","","","","",""
"63fa78f21e485a372c6528fa","point_task_36","62","pixelResponse","point","52.00000000000001","11074","11074","","","","","point","","","","103"
"63fa78f21e485a372c6528fa","point_task_36","62","numericResponse","point","0.74","11074","11074","","","","","point","","","","103"
"63fa78f21e485a372c6528fa","point_task_36","62","windowEvents","point","{""focus"":1,""input"":0,""keydown"":0,""keyup"":0,""mousemove"":32,""mousedown"":1,""mouseup"":2,""resize"":0,""scroll"":0,""visibility"":0}","","","","","","","","","","",""
"63fa78f21e485a372c6528fa","point_task_22","63","pixelResponse","point","70","7056","7056","","","","","point","","","","65"
"63fa78f21e485a372c6528fa","point_task_22","63","numericResponse","point","0.65","7056","7056","","","","","point","","","","65"
"63fa78f21e485a372c6528fa","point_task_22","63","windowEvents","point","{""focus"":3,""input"":0,""keydown"":0,""keyup"":0,""mousemove"":31,""mousedown"":4,""mouseup"":3,""resize"":0,""scroll"":0,""visibility"":0}","","","","","","","","","","",""
"63fa78f21e485a372c6528fa","point_task_33","64","pixelResponse","point","146","7769","7769","","","","","point","","","","100"
"63fa78f21e485a372c6528fa","point_task_33","64","numericResponse","point","0.27","7769","7769","","","","","point","","","","100"
"63fa78f21e485a372c6528fa","point_task_33","64","windowEvents","point","{""focus"":2,""input"":0,""keydown"":0,""keyup"":0,""mousemove"":43,""mousedown"":2,""mouseup"":2,""resize"":0,""scroll"":0,""visibility"":0}","","","","","","","","","","",""
"63fa78f21e485a372c6528fa","point_task_28","65","pixelResponse","point","46","6447","6447","","","","","point","","","","79"
"63fa78f21e485a372c6528fa","point_task_28","65","numericResponse","point","0.77","6447","6447","","","","","point","","","","79"
"63fa78f21e485a372c6528fa","point_task_28","65","windowEvents","point","{""focus"":2,""input"":0,""keydown"":0,""keyup"":0,""mousemove"":36,""mousedown"":2,""mouseup"":2,""resize"":0,""scroll"":0,""visibility"":0}","","","","","","","","","","",""
"63fa78f21e485a372c6528fa","point_task_15","66","pixelResponse","point","118.00000000000001","5143","5143","","","","","point","","","","42"
"63fa78f21e485a372c6528fa","point_task_15","66","numericResponse","point","0.41","5143","5143","","","","","point","","","","42"
"63fa78f21e485a372c6528fa","point_task_15","66","windowEvents","point","{""focus"":2,""input"":0,""keydown"":0,""keyup"":0,""mousemove"":33,""mousedown"":2,""mouseup"":2,""resize"":0,""scroll"":0,""visibility"":0}","","","","","","","","","","",""
"63fa78f21e485a372c6528fa","point_task_43","67","pixelResponse","point","74","8214","8214","","","","","point","","","","126"
"63fa78f21e485a372c6528fa","point_task_43","67","numericResponse","point","0.63","8214","8214","","","","","point","","","","126"
"63fa78f21e485a372c6528fa","point_task_43","67","windowEvents","point","{""focus"":2,""input"":0,""keydown"":0,""keyup"":0,""mousemove"":37,""mousedown"":2,""mouseup"":2,""resize"":0,""scroll"":0,""visibility"":0}","","","","","","","","","","",""
"63fa78f21e485a372c6528fa","point_task_46","68","pixelResponse","point","58.00000000000001","7430","7430","","","","","point","","","","137"
"63fa78f21e485a372c6528fa","point_task_46","68","numericResponse","point","0.71","7430","7430","","","","","point","","","","137"
"63fa78f21e485a372c6528fa","point_task_46","68","windowEvents","point","{""focus"":2,""input"":0,""keydown"":0,""keyup"":0,""mousemove"":34,""mousedown"":2,""mouseup"":2,""resize"":0,""scroll"":0,""visibility"":0}","","","","","","","","","","",""
"63fa78f21e485a372c6528fa","point_task_35","69","pixelResponse","point","148","12282","12282","","","","","point","","","","102"
"63fa78f21e485a372c6528fa","point_task_35","69","numericResponse","point","0.26","12282","12282","","","","","point","","","","102"
"63fa78f21e485a372c6528fa","point_task_35","69","windowEvents","point","{""focus"":2,""input"":0,""keydown"":0,""keyup"":0,""mousemove"":56,""mousedown"":2,""mouseup"":2,""resize"":0,""scroll"":0,""visibility"":0}","","","","","","","","","","",""
"63fa78f21e485a372c6528fa","point_task_13","70","pixelResponse","point","110.00000000000001","7041","7041","","","","","point","","","","40"
"63fa78f21e485a372c6528fa","point_task_13","70","numericResponse","point","0.45","7041","7041","","","","","point","","","","40"
"63fa78f21e485a372c6528fa","point_task_13","70","windowEvents","point","{""focus"":2,""input"":0,""keydown"":0,""keyup"":0,""mousemove"":34,""mousedown"":2,""mouseup"":2,""resize"":0,""scroll"":0,""visibility"":0}","","","","","","","","","","",""
"63fa78f21e485a372c6528fa","point_task_39","71","pixelResponse","point","128","10270","10270","","","","","point","","","","114"
"63fa78f21e485a372c6528fa","point_task_39","71","numericResponse","point","0.36","10270","10270","","","","","point","","","","114"
"63fa78f21e485a372c6528fa","point_task_39","71","windowEvents","point","{""focus"":2,""input"":0,""keydown"":0,""keyup"":0,""mousemove"":47,""mousedown"":3,""mouseup"":3,""resize"":0,""scroll"":0,""visibility"":0}","","","","","","","","","","",""
"63fa78f21e485a372c6528fa","post_study","72","gender","point","Male","19696","19696","","","","","","","","",""
"63fa78f21e485a372c6528fa","post_study","72","gender-other","point","","19696","19696","","","","","","","","",""
"63fa78f21e485a372c6528fa","post_study","72","age","point","53","19696","19696","","","","","","","","",""
"63fa78f21e485a372c6528fa","post_study","72","feedback","point","No","19696","19696","","","","","","","","",""
"63fa78f21e485a372c6528fa","post_study","72","feedback-text","point","","19696","19696","","","","","","","","",""
"63fa78f21e485a372c6528fa","post_study","72","strategy","point","","19696","19696","","","","","","","","",""
"63fa78f21e485a372c6528fa","post_study","72","windowEvents","point","{""focus"":4,""input"":4,""keydown"":2,""keyup"":2,""mousemove"":59,""mousedown"":6,""mouseup"":7,""resize"":0,""scroll"":0,""visibility"":0}","","","","","","","","","","",""
"66042d8fc8f0421abb8ecf06","participantTags","","participantTags","point","[""virtual-chinrest"",""point""]","","","","","","","","","","",""
"66042d8fc8f0421abb8ecf06","introduction","0","prolificId","point","66042d8fc8f0421abb8ecf06","2787","2787","","","","","","","","",""
"66042d8fc8f0421abb8ecf06","introduction","0","windowEvents","point","{""focus"":0,""input"":0,""keydown"":0,""keyup"":0,""mousemove"":0,""mousedown"":0,""mouseup"":0,""resize"":0,""scroll"":0,""visibility"":0}","","","","","","","","","","",""
"66042d8fc8f0421abb8ecf06","consent","1","consentApproval","point","Accept","33755","33755","","","","","","","","",""
"66042d8fc8f0421abb8ecf06","consent","1","windowEvents","point","{""focus"":3,""input"":2,""keydown"":0,""keyup"":0,""mousemove"":4,""mousedown"":4,""mouseup"":4,""resize"":0,""scroll"":49,""visibility"":0}","","","","","","","","","","",""
"66042d8fc8f0421abb8ecf06","chinrest_intro","2","","point","","8589","8589","","","","","","","","",""
"66042d8fc8f0421abb8ecf06","chinrest_intro","2","windowEvents","point","{""focus"":1,""input"":0,""keydown"":0,""keyup"":0,""mousemove"":1,""mousedown"":1,""mouseup"":1,""resize"":0,""scroll"":1,""visibility"":0}","","","","","","","","","","",""
"66042d8fc8f0421abb8ecf06","$virtual-chinrest.components.card-size","3","pixelsPerMM","point","4.591121495327103","21733","21733","pixelsPerMM","85.6","53.98","","","","","",""
"66042d8fc8f0421abb8ecf06","$virtual-chinrest.components.card-size","3","windowEvents","point","{""focus"":2,""input"":0,""keydown"":0,""keyup"":0,""mousemove"":3,""mousedown"":3,""mouseup"":3,""resize"":0,""scroll"":3,""visibility"":0}","","","","","","","","","","",""
"66042d8fc8f0421abb8ecf06","$virtual-chinrest.components.blindspot-distance","4","dist-calibration-MM","point","386.1240176603829","153597","153597","","","","13.5","","","","",""
"66042d8fc8f0421abb8ecf06","$virtual-chinrest.components.blindspot-distance","4","dist-calibration-CM","point","38.61240176603829","153597","153597","","","","13.5","","","","",""
"66042d8fc8f0421abb8ecf06","$virtual-chinrest.components.blindspot-distance","4","ball-positions","point","[683.49169921875,695.4942016601562,685.4876098632812,683.49169921875,701.4818725585938]","153597","153597","","","","13.5","","","","",""
"66042d8fc8f0421abb8ecf06","$virtual-chinrest.components.blindspot-distance","4","square-position","point","1115.4871826171875","153597","153597","","","","13.5","","","","",""
"66042d8fc8f0421abb8ecf06","$virtual-chinrest.components.blindspot-distance","4","windowEvents","point","{""focus"":4,""input"":0,""keydown"":19,""keyup"":19,""mousemove"":50,""mousedown"":5,""mouseup"":5,""resize"":0,""scroll"":2,""visibility"":0}","","","","","","","","","","",""
"66042d8fc8f0421abb8ecf06","study_overview","5","","point","","35004","35004","","","","","","","","",""
"66042d8fc8f0421abb8ecf06","study_overview","5","windowEvents","point","{""focus"":1,""input"":0,""keydown"":0,""keyup"":0,""mousemove"":3,""mousedown"":3,""mouseup"":3,""resize"":0,""scroll"":1,""visibility"":0}","","","","","","","","","","",""
"66042d8fc8f0421abb8ecf06","task1_intro","6","","point","","27896","27896","","","","","","","","",""
"66042d8fc8f0421abb8ecf06","task1_intro","6","windowEvents","point","{""focus"":1,""input"":0,""keydown"":0,""keyup"":0,""mousemove"":1,""mousedown"":1,""mouseup"":1,""resize"":0,""scroll"":5,""visibility"":0}","","","","","","","","","","",""
"66042d8fc8f0421abb8ecf06","block5_train_1","7","location-x","point","0.25","66096","66096","","","","","Block5","true","0.25","4.5",""
"66042d8fc8f0421abb8ecf06","block5_train_1","7","location-y","point","4.5","66096","66096","","","","","Block5","true","0.25","4.5",""
"66042d8fc8f0421abb8ecf06","block5_train_1","7","slider-x","point","0.27","66096","66096","","","","","Block5","true","0.25","4.5",""
"66042d8fc8f0421abb8ecf06","block5_train_1","7","slider-y","point","4.46","66096","66096","","","","","Block5","true","0.25","4.5",""
"66042d8fc8f0421abb8ecf06","block5_train_1","7","px-slider-x","point","331.94499999999994","66096","66096","","","","","Block5","true","0.25","4.5",""
"66042d8fc8f0421abb8ecf06","block5_train_1","7","px-slider-y","point","233.83","66096","66096","","","","","Block5","true","0.25","4.5",""
"66042d8fc8f0421abb8ecf06","block5_train_1","7","px-location-x","point","330.875","66096","66096","","","","","Block5","true","0.25","4.5",""
"66042d8fc8f0421abb8ecf06","block5_train_1","7","px-location-y","point","232.25000000000003","66096","66096","","","","","Block5","true","0.25","4.5",""
"66042d8fc8f0421abb8ecf06","block5_train_1","7","windowEvents","point","{""focus"":4,""input"":0,""keydown"":0,""keyup"":0,""mousemove"":153,""mousedown"":7,""mouseup"":7,""resize"":0,""scroll"":89,""visibility"":0}","","","","","","","","","","",""
"66042d8fc8f0421abb8ecf06","block5_train_2","8","location-x","point","-1.5","36318","36318","","","","","Block5","true","-1.5","7.2",""
"66042d8fc8f0421abb8ecf06","block5_train_2","8","location-y","point","7.2","36318","36318","","","","","Block5","true","-1.5","7.2",""
"66042d8fc8f0421abb8ecf06","block5_train_2","8","slider-x","point","-1.51","36318","36318","","","","","Block5","true","-1.5","7.2",""
"66042d8fc8f0421abb8ecf06","block5_train_2","8","slider-y","point","7.18","36318","36318","","","","","Block5","true","-1.5","7.2",""
"66042d8fc8f0421abb8ecf06","block5_train_2","8","px-slider-x","point","236.71500000000003","36318","36318","","","","","Block5","true","-1.5","7.2",""
"66042d8fc8f0421abb8ecf06","block5_train_2","8","px-slider-y","point","126.39","36318","36318","","","","","Block5","true","-1.5","7.2",""
"66042d8fc8f0421abb8ecf06","block5_train_2","8","px-location-x","point","237.25","36318","36318","","","","","Block5","true","-1.5","7.2",""
"66042d8fc8f0421abb8ecf06","block5_train_2","8","px-location-y","point","125.60000000000001","36318","36318","","","","","Block5","true","-1.5","7.2",""
"66042d8fc8f0421abb8ecf06","block5_train_2","8","windowEvents","point","{""focus"":4,""input"":0,""keydown"":0,""keyup"":0,""mousemove"":97,""mousedown"":6,""mouseup"":6,""resize"":0,""scroll"":84,""visibility"":0}","","","","","","","","","","",""
"66042d8fc8f0421abb8ecf06","task1_test_intro","9","","point","","4725","4725","","","","","","","","",""
"66042d8fc8f0421abb8ecf06","task1_test_intro","9","windowEvents","point","{""focus"":1,""input"":0,""keydown"":0,""keyup"":0,""mousemove"":1,""mousedown"":1,""mouseup"":1,""resize"":0,""scroll"":1,""visibility"":0}","","","","","","","","","","",""
"66042d8fc8f0421abb8ecf06","block5_test_8","10","location-x","point","0.65","70467","70467","","","","","Block5","false","","",""
"66042d8fc8f0421abb8ecf06","block5_test_8","10","location-y","point","5.06","70467","70467","","","","","Block5","false","","",""
"66042d8fc8f0421abb8ecf06","block5_test_8","10","slider-x","point","0.59","70467","70467","","","","","Block5","false","","",""
"66042d8fc8f0421abb8ecf06","block5_test_8","10","slider-y","point","5.09","70467","70467","","","","","Block5","false","","",""
"66042d8fc8f0421abb8ecf06","block5_test_8","10","px-slider-x","point","349.065","70467","70467","","","","","Block5","false","","",""
"66042d8fc8f0421abb8ecf06","block5_test_8","10","px-slider-y","point","208.945","70467","70467","","","","","Block5","false","","",""
"66042d8fc8f0421abb8ecf06","block5_test_8","10","px-location-x","point","352.27500000000003","70467","70467","","","","","Block5","false","","",""
"66042d8fc8f0421abb8ecf06","block5_test_8","10","px-location-y","point","210.13","70467","70467","","","","","Block5","false","","",""
"66042d8fc8f0421abb8ecf06","block5_test_8","10","windowEvents","point","{""focus"":6,""input"":0,""keydown"":0,""keyup"":0,""mousemove"":150,""mousedown"":10,""mouseup"":11,""resize"":2,""scroll"":109,""visibility"":0}","","","","","","","","","","",""
"66042d8fc8f0421abb8ecf06","block5_test_10","11","location-x","point","-0.91","20466","20466","","","","","Block5","false","","",""
"66042d8fc8f0421abb8ecf06","block5_test_10","11","location-y","point","1.7","20466","20466","","","","","Block5","false","","",""
"66042d8fc8f0421abb8ecf06","block5_test_10","11","slider-x","point","-1","20466","20466","","","","","Block5","false","","",""
"66042d8fc8f0421abb8ecf06","block5_test_10","11","slider-y","point","1.88","20466","20466","","","","","Block5","false","","",""
"66042d8fc8f0421abb8ecf06","block5_test_10","11","px-slider-x","point","264","20466","20466","","","","","Block5","false","","",""
"66042d8fc8f0421abb8ecf06","block5_test_10","11","px-slider-y","point","335.74","20466","20466","","","","","Block5","false","","",""
"66042d8fc8f0421abb8ecf06","block5_test_10","11","px-location-x","point","268.815","20466","20466","","","","","Block5","false","","",""
"66042d8fc8f0421abb8ecf06","block5_test_10","11","px-location-y","point","342.85","20466","20466","","","","","Block5","false","","",""
"66042d8fc8f0421abb8ecf06","block5_test_10","11","windowEvents","point","{""focus"":3,""input"":0,""keydown"":0,""keyup"":0,""mousemove"":59,""mousedown"":4,""mouseup"":4,""resize"":0,""scroll"":0,""visibility"":0}","","","","","","","","","","",""
"66042d8fc8f0421abb8ecf06","block5_test_6","12","location-x","point","-0.31","14434","14434","","","","","Block5","false","","",""
"66042d8fc8f0421abb8ecf06","block5_test_6","12","location-y","point","8.22","14434","14434","","","","","Block5","false","","",""
"66042d8fc8f0421abb8ecf06","block5_test_6","12","slider-x","point","-0.05","14434","14434","","","","","Block5","false","","",""
"66042d8fc8f0421abb8ecf06","block5_test_6","12","slider-y","point","8.22","14434","14434","","","","","Block5","false","","",""
"66042d8fc8f0421abb8ecf06","block5_test_6","12","px-slider-x","point","314.825","14434","14434","","","","","Block5","false","","",""
"66042d8fc8f0421abb8ecf06","block5_test_6","12","px-slider-y","point","85.30999999999997","14434","14434","","","","","Block5","false","","",""
"66042d8fc8f0421abb8ecf06","block5_test_6","12","px-location-x","point","300.915","14434","14434","","","","","Block5","false","","",""
"66042d8fc8f0421abb8ecf06","block5_test_6","12","px-location-y","point","85.30999999999997","14434","14434","","","","","Block5","false","","",""
"66042d8fc8f0421abb8ecf06","block5_test_6","12","windowEvents","point","{""focus"":3,""input"":0,""keydown"":0,""keyup"":0,""mousemove"":69,""mousedown"":3,""mouseup"":3,""resize"":0,""scroll"":0,""visibility"":0}","","","","","","","","","","",""
"66042d8fc8f0421abb8ecf06","block5_test_1","13","location-x","point","-3.78","56999","56999","","","","","Block5","false","","",""
"66042d8fc8f0421abb8ecf06","block5_test_1","13","location-y","point","9.96","56999","56999","","","","","Block5","false","","",""
"66042d8fc8f0421abb8ecf06","block5_test_1","13","slider-x","point","-3.69","56999","56999","","","","","Block5","false","","",""
"66042d8fc8f0421abb8ecf06","block5_test_1","13","slider-y","point","10","56999","56999","","","","","Block5","false","","",""
"66042d8fc8f0421abb8ecf06","block5_test_1","13","px-slider-x","point","120.08500000000001","56999","56999","","","","","Block5","false","","",""
"66042d8fc8f0421abb8ecf06","block5_test_1","13","px-slider-y","point","15","56999","56999","","","","","Block5","false","","",""
"66042d8fc8f0421abb8ecf06","block5_test_1","13","px-location-x","point","115.27000000000001","56999","56999","","","","","Block5","false","","",""
"66042d8fc8f0421abb8ecf06","block5_test_1","13","px-location-y","point","16.579999999999956","56999","56999","","","","","Block5","false","","",""
"66042d8fc8f0421abb8ecf06","block5_test_1","13","windowEvents","point","{""focus"":2,""input"":0,""keydown"":0,""keyup"":0,""mousemove"":4,""mousedown"":3,""mouseup"":3,""resize"":0,""scroll"":9,""visibility"":0}","","","","","","","","","","",""
"66042d8fc8f0421abb8ecf06","block5_test_7","14","location-x","point","1.18","22098","22098","","","","","Block5","false","","",""
"66042d8fc8f0421abb8ecf06","block5_test_7","14","location-y","point","8.7","22098","22098","","","","","Block5","false","","",""
"66042d8fc8f0421abb8ecf06","block5_test_7","14","slider-x","point","1.25","22098","22098","","","","","Block5","false","","",""
"66042d8fc8f0421abb8ecf06","block5_test_7","14","slider-y","point","8.83","22098","22098","","","","","Block5","false","","",""
"66042d8fc8f0421abb8ecf06","block5_test_7","14","px-slider-x","point","384.375","22098","22098","","","","","Block5","false","","",""
"66042d8fc8f0421abb8ecf06","block5_test_7","14","px-slider-y","point","61.215","22098","22098","","","","","Block5","false","","",""
"66042d8fc8f0421abb8ecf06","block5_test_7","14","px-location-x","point","380.63","22098","22098","","","","","Block5","false","","",""
"66042d8fc8f0421abb8ecf06","block5_test_7","14","px-location-y","point","66.35000000000005","22098","22098","","","","","Block5","false","","",""
"66042d8fc8f0421abb8ecf06","block5_test_7","14","windowEvents","point","{""focus"":2,""input"":0,""keydown"":0,""keyup"":0,""mousemove"":4,""mousedown"":4,""mouseup"":4,""resize"":0,""scroll"":4,""visibility"":0}","","","","","","","","","","",""
"66042d8fc8f0421abb8ecf06","block5_test_2","15","location-x","point","1.81","22563","22563","","","","","Block5","false","","",""
"66042d8fc8f0421abb8ecf06","block5_test_2","15","location-y","point","5.88","22563","22563","","","","","Block5","false","","",""
"66042d8fc8f0421abb8ecf06","block5_test_2","15","slider-x","point","1.9","22563","22563","","","","","Block5","false","","",""
"66042d8fc8f0421abb8ecf06","block5_test_2","15","slider-y","point","5.97","22563","22563","","","","","Block5","false","","",""
"66042d8fc8f0421abb8ecf06","block5_test_2","15","px-slider-x","point","419.15000000000003","22563","22563","","","","","Block5","false","","",""
"66042d8fc8f0421abb8ecf06","block5_test_2","15","px-slider-y","point","174.18500000000003","22563","22563","","","","","Block5","false","","",""
"66042d8fc8f0421abb8ecf06","block5_test_2","15","px-location-x","point","414.33500000000004","22563","22563","","","","","Block5","false","","",""
"66042d8fc8f0421abb8ecf06","block5_test_2","15","px-location-y","point","177.74","22563","22563","","","","","Block5","false","","",""
"66042d8fc8f0421abb8ecf06","block5_test_2","15","windowEvents","point","{""focus"":1,""input"":0,""keydown"":0,""keyup"":0,""mousemove"":1,""mousedown"":1,""mouseup"":1,""resize"":0,""scroll"":7,""visibility"":0}","","","","","","","","","","",""
"66042d8fc8f0421abb8ecf06","block5_test_3","16","location-x","point","-3.02","27067","27067","","","","","Block5","false","","",""
"66042d8fc8f0421abb8ecf06","block5_test_3","16","location-y","point","6.64","27067","27067","","","","","Block5","false","","",""
"66042d8fc8f0421abb8ecf06","block5_test_3","16","slider-x","point","-3.15","27067","27067","","","","","Block5","false","","",""
"66042d8fc8f0421abb8ecf06","block5_test_3","16","slider-y","point","6.68","27067","27067","","","","","Block5","false","","",""
"66042d8fc8f0421abb8ecf06","block5_test_3","16","px-slider-x","point","148.975","27067","27067","","","","","Block5","false","","",""
"66042d8fc8f0421abb8ecf06","block5_test_3","16","px-slider-y","point","146.14000000000004","27067","27067","","","","","Block5","false","","",""
"66042d8fc8f0421abb8ecf06","block5_test_3","16","px-location-x","point","155.93","27067","27067","","","","","Block5","false","","",""
"66042d8fc8f0421abb8ecf06","block5_test_3","16","px-location-y","point","147.72000000000003","27067","27067","","","","","Block5","false","","",""
"66042d8fc8f0421abb8ecf06","block5_test_3","16","windowEvents","point","{""focus"":1,""input"":0,""keydown"":0,""keyup"":0,""mousemove"":8,""mousedown"":1,""mouseup"":1,""resize"":0,""scroll"":5,""visibility"":0}","","","","","","","","","","",""
"66042d8fc8f0421abb8ecf06","block5_test_9","17","location-x","point","3.43","18057","18057","","","","","Block5","false","","",""
"66042d8fc8f0421abb8ecf06","block5_test_9","17","location-y","point","9.96","18057","18057","","","","","Block5","false","","",""
"66042d8fc8f0421abb8ecf06","block5_test_9","17","slider-x","point","3.97","18057","18057","","","","","Block5","false","","",""
"66042d8fc8f0421abb8ecf06","block5_test_9","17","slider-y","point","10","18057","18057","","","","","Block5","false","","",""
"66042d8fc8f0421abb8ecf06","block5_test_9","17","px-slider-x","point","529.895","18057","18057","","","","","Block5","false","","",""
"66042d8fc8f0421abb8ecf06","block5_test_9","17","px-slider-y","point","15","18057","18057","","","","","Block5","false","","",""
"66042d8fc8f0421abb8ecf06","block5_test_9","17","px-location-x","point","501.005","18057","18057","","","","","Block5","false","","",""
"66042d8fc8f0421abb8ecf06","block5_test_9","17","px-location-y","point","16.579999999999956","18057","18057","","","","","Block5","false","","",""
"66042d8fc8f0421abb8ecf06","block5_test_9","17","windowEvents","point","{""focus"":3,""input"":0,""keydown"":0,""keyup"":0,""mousemove"":96,""mousedown"":3,""mouseup"":3,""resize"":0,""scroll"":0,""visibility"":0}","","","","","","","","","","",""
"66042d8fc8f0421abb8ecf06","block5_test_5","18","location-x","point","-4.05","17575","17575","","","","","Block5","false","","",""
"66042d8fc8f0421abb8ecf06","block5_test_5","18","location-y","point","4.01","17575","17575","","","","","Block5","false","","",""
"66042d8fc8f0421abb8ecf06","block5_test_5","18","slider-x","point","-4","17575","17575","","","","","Block5","false","","",""
"66042d8fc8f0421abb8ecf06","block5_test_5","18","slider-y","point","4.04","17575","17575","","","","","Block5","false","","",""
"66042d8fc8f0421abb8ecf06","block5_test_5","18","px-slider-x","point","103.5","17575","17575","","","","","Block5","false","","",""
"66042d8fc8f0421abb8ecf06","block5_test_5","18","px-slider-y","point","250.42","17575","17575","","","","","Block5","false","","",""
"66042d8fc8f0421abb8ecf06","block5_test_5","18","px-location-x","point","100.82500000000002","17575","17575","","","","","Block5","false","","",""
"66042d8fc8f0421abb8ecf06","block5_test_5","18","px-location-y","point","251.605","17575","17575","","","","","Block5","false","","",""
"66042d8fc8f0421abb8ecf06","block5_test_5","18","windowEvents","point","{""focus"":4,""input"":0,""keydown"":0,""keyup"":0,""mousemove"":75,""mousedown"":6,""mouseup"":5,""resize"":0,""scroll"":0,""visibility"":0}","","","","","","","","","","",""
"66042d8fc8f0421abb8ecf06","block5_test_4","19","location-x","point","-1.48","16248","16248","","","","","Block5","false","","",""
"66042d8fc8f0421abb8ecf06","block5_test_4","19","location-y","point","9.83","16248","16248","","","","","Block5","false","","",""
"66042d8fc8f0421abb8ecf06","block5_test_4","19","slider-x","point","-1.48","16248","16248","","","","","Block5","false","","",""
"66042d8fc8f0421abb8ecf06","block5_test_4","19","slider-y","point","9.59","16248","16248","","","","","Block5","false","","",""
"66042d8fc8f0421abb8ecf06","block5_test_4","19","px-slider-x","point","238.32","16248","16248","","","","","Block5","false","","",""
"66042d8fc8f0421abb8ecf06","block5_test_4","19","px-slider-y","point","31.195000000000014","16248","16248","","","","","Block5","false","","",""
"66042d8fc8f0421abb8ecf06","block5_test_4","19","px-location-x","point","238.32","16248","16248","","","","","Block5","false","","",""
"66042d8fc8f0421abb8ecf06","block5_test_4","19","px-location-y","point","21.715000000000003","16248","16248","","","","","Block5","false","","",""
"66042d8fc8f0421abb8ecf06","block5_test_4","19","windowEvents","point","{""focus"":1,""input"":0,""keydown"":0,""keyup"":0,""mousemove"":66,""mousedown"":1,""mouseup"":2,""resize"":0,""scroll"":0,""visibility"":0}","","","","","","","","","","",""
"66042d8fc8f0421abb8ecf06","task2_intro","20","","point","","12548","12548","","","","","","","","",""
"66042d8fc8f0421abb8ecf06","task2_intro","20","windowEvents","point","{""focus"":2,""input"":0,""keydown"":0,""keyup"":0,""mousemove"":2,""mousedown"":1,""mouseup"":1,""resize"":0,""scroll"":1,""visibility"":0}","","","","","","","","","","",""
"66042d8fc8f0421abb8ecf06","moritz_train_point_1","21","pixelResponse","point","102","56249","56249","","","","","pointArc","true","","","8"
"66042d8fc8f0421abb8ecf06","moritz_train_point_1","21","numericResponse","point","0.49","56249","56249","","","","","pointArc","true","","","8"
"66042d8fc8f0421abb8ecf06","moritz_train_point_1","21","windowEvents","point","{""focus"":1,""input"":0,""keydown"":0,""keyup"":0,""mousemove"":2,""mousedown"":2,""mouseup"":2,""resize"":0,""scroll"":1,""visibility"":0}","","","","","","","","","","",""
"66042d8fc8f0421abb8ecf06","moritz_train_point_2","22","pixelResponse","point","98","16994","16994","","","","","pointArc","true","","","9"
"66042d8fc8f0421abb8ecf06","moritz_train_point_2","22","numericResponse","point","0.51","16994","16994","","","","","pointArc","true","","","9"
"66042d8fc8f0421abb8ecf06","moritz_train_point_2","22","windowEvents","point","{""focus"":2,""input"":0,""keydown"":0,""keyup"":0,""mousemove"":2,""mousedown"":2,""mouseup"":2,""resize"":0,""scroll"":1,""visibility"":0}","","","","","","","","","","",""
"66042d8fc8f0421abb8ecf06","task2_test_intro","23","","point","","5680","5680","","","","","","","","",""
"66042d8fc8f0421abb8ecf06","task2_test_intro","23","windowEvents","point","{""focus"":1,""input"":0,""keydown"":0,""keyup"":0,""mousemove"":1,""mousedown"":1,""mouseup"":1,""resize"":0,""scroll"":0,""visibility"":0}","","","","","","","","","","",""
"66042d8fc8f0421abb8ecf06","point_task_42","24","pixelResponse","point","116.00000000000001","16694","16694","","","","","point","","","","125"
"66042d8fc8f0421abb8ecf06","point_task_42","24","numericResponse","point","0.42","16694","16694","","","","","point","","","","125"
"66042d8fc8f0421abb8ecf06","point_task_42","24","windowEvents","point","{""focus"":3,""input"":0,""keydown"":0,""keyup"":0,""mousemove"":61,""mousedown"":3,""mouseup"":2,""resize"":0,""scroll"":0,""visibility"":0}","","","","","","","","","","",""
"66042d8fc8f0421abb8ecf06","point_task_36","25","pixelResponse","point","84.00000000000001","16595","16595","","","","","point","","","","103"
"66042d8fc8f0421abb8ecf06","point_task_36","25","numericResponse","point","0.58","16595","16595","","","","","point","","","","103"
"66042d8fc8f0421abb8ecf06","point_task_36","25","windowEvents","point","{""focus"":1,""input"":0,""keydown"":0,""keyup"":0,""mousemove"":59,""mousedown"":4,""mouseup"":5,""resize"":0,""scroll"":0,""visibility"":0}","","","","","","","","","","",""
"66042d8fc8f0421abb8ecf06","point_task_35","26","pixelResponse","point","126","12877","12877","","","","","point","","","","102"
"66042d8fc8f0421abb8ecf06","point_task_35","26","numericResponse","point","0.37","12877","12877","","","","","point","","","","102"
"66042d8fc8f0421abb8ecf06","point_task_35","26","windowEvents","point","{""focus"":2,""input"":0,""keydown"":0,""keyup"":0,""mousemove"":37,""mousedown"":3,""mouseup"":3,""resize"":0,""scroll"":0,""visibility"":0}","","","","","","","","","","",""
"66042d8fc8f0421abb8ecf06","point_task_44","27","pixelResponse","point","126","11175","11175","","","","","point","","","","127"
"66042d8fc8f0421abb8ecf06","point_task_44","27","numericResponse","point","0.37","11175","11175","","","","","point","","","","127"
"66042d8fc8f0421abb8ecf06","point_task_44","27","windowEvents","point","{""focus"":1,""input"":0,""keydown"":0,""keyup"":0,""mousemove"":1,""mousedown"":1,""mouseup"":1,""resize"":0,""scroll"":0,""visibility"":0}","","","","","","","","","","",""
"66042d8fc8f0421abb8ecf06","point_task_3","28","pixelResponse","point","122","6310","6310","","","","","point","","","","6"
"66042d8fc8f0421abb8ecf06","point_task_3","28","numericResponse","point","0.39","6310","6310","","","","","point","","","","6"
"66042d8fc8f0421abb8ecf06","point_task_3","28","windowEvents","point","{""focus"":1,""input"":0,""keydown"":0,""keyup"":0,""mousemove"":1,""mousedown"":1,""mouseup"":1,""resize"":0,""scroll"":0,""visibility"":0}","","","","","","","","","","",""
"66042d8fc8f0421abb8ecf06","point_task_4","29","pixelResponse","point","98","5475","5475","","","","","point","","","","7"
"66042d8fc8f0421abb8ecf06","point_task_4","29","numericResponse","point","0.51","5475","5475","","","","","point","","","","7"
"66042d8fc8f0421abb8ecf06","point_task_4","29","windowEvents","point","{""focus"":1,""input"":0,""keydown"":0,""keyup"":0,""mousemove"":1,""mousedown"":1,""mouseup"":1,""resize"":0,""scroll"":0,""visibility"":0}","","","","","","","","","","",""
"66042d8fc8f0421abb8ecf06","point_task_14","30","pixelResponse","point","92","8809","8809","","","","","point","","","","41"
"66042d8fc8f0421abb8ecf06","point_task_14","30","numericResponse","point","0.54","8809","8809","","","","","point","","","","41"
"66042d8fc8f0421abb8ecf06","point_task_14","30","windowEvents","point","{""focus"":1,""input"":0,""keydown"":0,""keyup"":0,""mousemove"":1,""mousedown"":1,""mouseup"":1,""resize"":0,""scroll"":0,""visibility"":0}","","","","","","","","","","",""
"66042d8fc8f0421abb8ecf06","point_task_5","31","pixelResponse","point","130","7198","7198","","","","","point","","","","16"
"66042d8fc8f0421abb8ecf06","point_task_5","31","numericResponse","point","0.35","7198","7198","","","","","point","","","","16"
"66042d8fc8f0421abb8ecf06","point_task_5","31","windowEvents","point","{""focus"":1,""input"":0,""keydown"":0,""keyup"":0,""mousemove"":1,""mousedown"":1,""mouseup"":1,""resize"":0,""scroll"":0,""visibility"":0}","","","","","","","","","","",""
"66042d8fc8f0421abb8ecf06","point_task_46","32","pixelResponse","point","80","5527","5527","","","","","point","","","","137"
"66042d8fc8f0421abb8ecf06","point_task_46","32","numericResponse","point","0.6","5527","5527","","","","","point","","","","137"
"66042d8fc8f0421abb8ecf06","point_task_46","32","windowEvents","point","{""focus"":1,""input"":0,""keydown"":0,""keyup"":0,""mousemove"":1,""mousedown"":1,""mouseup"":1,""resize"":0,""scroll"":0,""visibility"":0}","","","","","","","","","","",""
"66042d8fc8f0421abb8ecf06","point_task_38","33","pixelResponse","point","135.99999999999997","5902","5902","","","","","point","","","","113"
"66042d8fc8f0421abb8ecf06","point_task_38","33","numericResponse","point","0.32","5902","5902","","","","","point","","","","113"
"66042d8fc8f0421abb8ecf06","point_task_38","33","windowEvents","point","{""focus"":1,""input"":0,""keydown"":0,""keyup"":0,""mousemove"":1,""mousedown"":1,""mouseup"":1,""resize"":0,""scroll"":0,""visibility"":0}","","","","","","","","","","",""
"66042d8fc8f0421abb8ecf06","point_task_23","34","pixelResponse","point","124","3741","3741","","","","","point","","","","66"
"66042d8fc8f0421abb8ecf06","point_task_23","34","numericResponse","point","0.38","3741","3741","","","","","point","","","","66"
"66042d8fc8f0421abb8ecf06","point_task_23","34","windowEvents","point","{""focus"":1,""input"":0,""keydown"":0,""keyup"":0,""mousemove"":1,""mousedown"":1,""mouseup"":1,""resize"":0,""scroll"":0,""visibility"":0}","","","","","","","","","","",""
"66042d8fc8f0421abb8ecf06","point_task_1","35","pixelResponse","point","110.00000000000001","8732","8732","","","","","point","","","","4"
"66042d8fc8f0421abb8ecf06","point_task_1","35","numericResponse","point","0.45","8732","8732","","","","","point","","","","4"
"66042d8fc8f0421abb8ecf06","point_task_1","35","windowEvents","point","{""focus"":1,""input"":0,""keydown"":0,""keyup"":0,""mousemove"":1,""mousedown"":1,""mouseup"":1,""resize"":0,""scroll"":0,""visibility"":0}","","","","","","","","","","",""
"66042d8fc8f0421abb8ecf06","point_task_7","36","pixelResponse","point","131.99999999999997","4410","4410","","","","","point","","","","18"
"66042d8fc8f0421abb8ecf06","point_task_7","36","numericResponse","point","0.34","4410","4410","","","","","point","","","","18"
"66042d8fc8f0421abb8ecf06","point_task_7","36","windowEvents","point","{""focus"":1,""input"":0,""keydown"":0,""keyup"":0,""mousemove"":1,""mousedown"":1,""mouseup"":1,""resize"":0,""scroll"":0,""visibility"":0}","","","","","","","","","","",""
"66042d8fc8f0421abb8ecf06","point_task_28","37","pixelResponse","point","92","10217","10217","","","","","point","","","","79"
"66042d8fc8f0421abb8ecf06","point_task_28","37","numericResponse","point","0.54","10217","10217","","","","","point","","","","79"
"66042d8fc8f0421abb8ecf06","point_task_28","37","windowEvents","point","{""focus"":2,""input"":0,""keydown"":0,""keyup"":0,""mousemove"":2,""mousedown"":2,""mouseup"":2,""resize"":0,""scroll"":0,""visibility"":0}","","","","","","","","","","",""
"66042d8fc8f0421abb8ecf06","point_task_22","38","pixelResponse","point","102","4769","4769","","","","","point","","","","65"
"66042d8fc8f0421abb8ecf06","point_task_22","38","numericResponse","point","0.49","4769","4769","","","","","point","","","","65"
"66042d8fc8f0421abb8ecf06","point_task_22","38","windowEvents","point","{""focus"":1,""input"":0,""keydown"":0,""keyup"":0,""mousemove"":1,""mousedown"":1,""mouseup"":1,""resize"":0,""scroll"":0,""visibility"":0}","","","","","","","","","","",""
"66042d8fc8f0421abb8ecf06","point_task_39","39","pixelResponse","point","134","5236","5236","","","","","point","","","","114"
"66042d8fc8f0421abb8ecf06","point_task_39","39","numericResponse","point","0.33","5236","5236","","","","","point","","","","114"
"66042d8fc8f0421abb8ecf06","point_task_39","39","windowEvents","point","{""focus"":1,""input"":0,""keydown"":0,""keyup"":0,""mousemove"":1,""mousedown"":1,""mouseup"":1,""resize"":0,""scroll"":0,""visibility"":0}","","","","","","","","","","",""
"66042d8fc8f0421abb8ecf06","point_task_32","40","pixelResponse","point","100","4169","4169","","","","","point","","","","91"
"66042d8fc8f0421abb8ecf06","point_task_32","40","numericResponse","point","0.5","4169","4169","","","","","point","","","","91"
"66042d8fc8f0421abb8ecf06","point_task_32","40","windowEvents","point","{""focus"":1,""input"":0,""keydown"":0,""keyup"":0,""mousemove"":1,""mousedown"":1,""mouseup"":1,""resize"":0,""scroll"":0,""visibility"":0}","","","","","","","","","","",""
"66042d8fc8f0421abb8ecf06","point_task_13","41","pixelResponse","point","122","30306","30306","","","","","point","","","","40"
"66042d8fc8f0421abb8ecf06","point_task_13","41","numericResponse","point","0.39","30306","30306","","","","","point","","","","40"
"66042d8fc8f0421abb8ecf06","point_task_13","41","windowEvents","point","{""focus"":1,""input"":0,""keydown"":0,""keyup"":0,""mousemove"":2,""mousedown"":2,""mouseup"":2,""resize"":0,""scroll"":0,""visibility"":0}","","","","","","","","","","",""
"66042d8fc8f0421abb8ecf06","point_task_2","42","pixelResponse","point","64","8095","8095","","","","","point","","","","5"
"66042d8fc8f0421abb8ecf06","point_task_2","42","numericResponse","point","0.68","8095","8095","","","","","point","","","","5"
"66042d8fc8f0421abb8ecf06","point_task_2","42","windowEvents","point","{""focus"":1,""input"":0,""keydown"":0,""keyup"":0,""mousemove"":1,""mousedown"":1,""mouseup"":1,""resize"":0,""scroll"":0,""visibility"":0}","","","","","","","","","","",""
"66042d8fc8f0421abb8ecf06","point_task_33","43","pixelResponse","point","130","3356","3356","","","","","point","","","","100"
"66042d8fc8f0421abb8ecf06","point_task_33","43","numericResponse","point","0.35","3356","3356","","","","","point","","","","100"
"66042d8fc8f0421abb8ecf06","point_task_33","43","windowEvents","point","{""focus"":1,""input"":0,""keydown"":0,""keyup"":0,""mousemove"":1,""mousedown"":1,""mouseup"":1,""resize"":0,""scroll"":0,""visibility"":0}","","","","","","","","","","",""
"66042d8fc8f0421abb8ecf06","point_task_16","44","pixelResponse","point","106","3727","3727","","","","","point","","","","43"
"66042d8fc8f0421abb8ecf06","point_task_16","44","numericResponse","point","0.47","3727","3727","","","","","point","","","","43"
"66042d8fc8f0421abb8ecf06","point_task_16","44","windowEvents","point","{""focus"":1,""input"":0,""keydown"":0,""keyup"":0,""mousemove"":1,""mousedown"":1,""mouseup"":1,""resize"":0,""scroll"":0,""visibility"":0}","","","","","","","","","","",""
"66042d8fc8f0421abb8ecf06","point_task_6","45","pixelResponse","point","100","6092","6092","","","","","point","","","","17"
"66042d8fc8f0421abb8ecf06","point_task_6","45","numericResponse","point","0.5","6092","6092","","","","","point","","","","17"
"66042d8fc8f0421abb8ecf06","point_task_6","45","windowEvents","point","{""focus"":1,""input"":0,""keydown"":0,""keyup"":0,""mousemove"":1,""mousedown"":1,""mouseup"":1,""resize"":0,""scroll"":0,""visibility"":0}","","","","","","","","","","",""
"66042d8fc8f0421abb8ecf06","point_task_29","46","pixelResponse","point","110.00000000000001","6728","6728","","","","","point","","","","88"
"66042d8fc8f0421abb8ecf06","point_task_29","46","numericResponse","point","0.45","6728","6728","","","","","point","","","","88"
"66042d8fc8f0421abb8ecf06","point_task_29","46","windowEvents","point","{""focus"":1,""input"":0,""keydown"":0,""keyup"":0,""mousemove"":1,""mousedown"":1,""mouseup"":1,""resize"":0,""scroll"":0,""visibility"":0}","","","","","","","","","","",""
"66042d8fc8f0421abb8ecf06","point_task_21","47","pixelResponse","point","118.00000000000001","8035","8035","","","","","point","","","","64"
"66042d8fc8f0421abb8ecf06","point_task_21","47","numericResponse","point","0.41","8035","8035","","","","","point","","","","64"
"66042d8fc8f0421abb8ecf06","point_task_21","47","windowEvents","point","{""focus"":1,""input"":0,""keydown"":0,""keyup"":0,""mousemove"":1,""mousedown"":1,""mouseup"":1,""resize"":0,""scroll"":0,""visibility"":0}","","","","","","","","","","",""
"66042d8fc8f0421abb8ecf06","point_task_31","48","pixelResponse","point","135.99999999999997","5066","5066","","","","","point","","","","90"
"66042d8fc8f0421abb8ecf06","point_task_31","48","numericResponse","point","0.32","5066","5066","","","","","point","","","","90"
"66042d8fc8f0421abb8ecf06","point_task_31","48","windowEvents","point","{""focus"":1,""input"":0,""keydown"":0,""keyup"":0,""mousemove"":2,""mousedown"":1,""mouseup"":1,""resize"":0,""scroll"":0,""visibility"":0}","","","","","","","","","","",""
"66042d8fc8f0421abb8ecf06","point_task_37","49","pixelResponse","point","92","34813","34813","","","","","point","","","","112"
"66042d8fc8f0421abb8ecf06","point_task_37","49","numericResponse","point","0.54","34813","34813","","","","","point","","","","112"
"66042d8fc8f0421abb8ecf06","point_task_37","49","windowEvents","point","{""focus"":1,""input"":0,""keydown"":0,""keyup"":0,""mousemove"":1,""mousedown"":1,""mouseup"":1,""resize"":0,""scroll"":0,""visibility"":0}","","","","","","","","","","",""
"66042d8fc8f0421abb8ecf06","point_task_41","50","pixelResponse","point","104.00000000000001","4654","4654","","","","","point","","","","124"
"66042d8fc8f0421abb8ecf06","point_task_41","50","numericResponse","point","0.48","4654","4654","","","","","point","","","","124"
"66042d8fc8f0421abb8ecf06","point_task_41","50","windowEvents","point","{""focus"":1,""input"":0,""keydown"":0,""keyup"":0,""mousemove"":1,""mousedown"":1,""mouseup"":1,""resize"":0,""scroll"":0,""visibility"":0}","","","","","","","","","","",""
"66042d8fc8f0421abb8ecf06","point_task_25","51","pixelResponse","point","130","4580","4580","","","","","point","","","","76"
"66042d8fc8f0421abb8ecf06","point_task_25","51","numericResponse","point","0.35","4580","4580","","","","","point","","","","76"
"66042d8fc8f0421abb8ecf06","point_task_25","51","windowEvents","point","{""focus"":1,""input"":0,""keydown"":0,""keyup"":0,""mousemove"":2,""mousedown"":1,""mouseup"":1,""resize"":0,""scroll"":0,""visibility"":0}","","","","","","","","","","",""
"66042d8fc8f0421abb8ecf06","point_task_10","52","pixelResponse","point","110.00000000000001","4157","4157","","","","","point","","","","29"
"66042d8fc8f0421abb8ecf06","point_task_10","52","numericResponse","point","0.45","4157","4157","","","","","point","","","","29"
"66042d8fc8f0421abb8ecf06","point_task_10","52","windowEvents","point","{""focus"":1,""input"":0,""keydown"":0,""keyup"":0,""mousemove"":1,""mousedown"":1,""mouseup"":1,""resize"":0,""scroll"":0,""visibility"":0}","","","","","","","","","","",""
"66042d8fc8f0421abb8ecf06","point_task_48","53","pixelResponse","point","74","7952","7952","","","","","point","","","","139"
"66042d8fc8f0421abb8ecf06","point_task_48","53","numericResponse","point","0.63","7952","7952","","","","","point","","","","139"
"66042d8fc8f0421abb8ecf06","point_task_48","53","windowEvents","point","{""focus"":2,""input"":0,""keydown"":0,""keyup"":0,""mousemove"":2,""mousedown"":2,""mouseup"":2,""resize"":0,""scroll"":0,""visibility"":0}","","","","","","","","","","",""
"66042d8fc8f0421abb8ecf06","point_task_45","54","pixelResponse","point","131.99999999999997","14987","14987","","","","","point","","","","136"
"66042d8fc8f0421abb8ecf06","point_task_45","54","numericResponse","point","0.34","14987","14987","","","","","point","","","","136"
"66042d8fc8f0421abb8ecf06","point_task_45","54","windowEvents","point","{""focus"":1,""input"":0,""keydown"":0,""keyup"":0,""mousemove"":1,""mousedown"":1,""mouseup"":1,""resize"":0,""scroll"":0,""visibility"":0}","","","","","","","","","","",""
"66042d8fc8f0421abb8ecf06","point_task_18","55","pixelResponse","point","110.00000000000001","6049","6049","","","","","point","","","","53"
"66042d8fc8f0421abb8ecf06","point_task_18","55","numericResponse","point","0.45","6049","6049","","","","","point","","","","53"
"66042d8fc8f0421abb8ecf06","point_task_18","55","windowEvents","point","{""focus"":1,""input"":0,""keydown"":0,""keyup"":0,""mousemove"":1,""mousedown"":1,""mouseup"":1,""resize"":0,""scroll"":0,""visibility"":0}","","","","","","","","","","",""
"66042d8fc8f0421abb8ecf06","point_task_9","56","pixelResponse","point","112.00000000000001","3515","3515","","","","","point","","","","28"
"66042d8fc8f0421abb8ecf06","point_task_9","56","numericResponse","point","0.44","3515","3515","","","","","point","","","","28"
"66042d8fc8f0421abb8ecf06","point_task_9","56","windowEvents","point","{""focus"":1,""input"":0,""keydown"":0,""keyup"":0,""mousemove"":1,""mousedown"":1,""mouseup"":1,""resize"":0,""scroll"":0,""visibility"":0}","","","","","","","","","","",""
"66042d8fc8f0421abb8ecf06","point_task_27","57","pixelResponse","point","141.99999999999997","6408","6408","","","","","point","","","","78"
"66042d8fc8f0421abb8ecf06","point_task_27","57","numericResponse","point","0.29","6408","6408","","","","","point","","","","78"
"66042d8fc8f0421abb8ecf06","point_task_27","57","windowEvents","point","{""focus"":1,""input"":0,""keydown"":0,""keyup"":0,""mousemove"":1,""mousedown"":1,""mouseup"":1,""resize"":0,""scroll"":0,""visibility"":0}","","","","","","","","","","",""
"66042d8fc8f0421abb8ecf06","point_task_8","58","pixelResponse","point","104.00000000000001","5387","5387","","","","","point","","","","19"
"66042d8fc8f0421abb8ecf06","point_task_8","58","numericResponse","point","0.48","5387","5387","","","","","point","","","","19"
"66042d8fc8f0421abb8ecf06","point_task_8","58","windowEvents","point","{""focus"":1,""input"":0,""keydown"":0,""keyup"":0,""mousemove"":2,""mousedown"":1,""mouseup"":1,""resize"":0,""scroll"":0,""visibility"":0}","","","","","","","","","","",""
"66042d8fc8f0421abb8ecf06","point_task_12","59","pixelResponse","point","87.99999999999999","7684","7684","","","","","point","","","","31"
"66042d8fc8f0421abb8ecf06","point_task_12","59","numericResponse","point","0.56","7684","7684","","","","","point","","","","31"
"66042d8fc8f0421abb8ecf06","point_task_12","59","windowEvents","point","{""focus"":1,""input"":0,""keydown"":0,""keyup"":0,""mousemove"":1,""mousedown"":1,""mouseup"":1,""resize"":0,""scroll"":0,""visibility"":0}","","","","","","","","","","",""
"66042d8fc8f0421abb8ecf06","point_task_47","60","pixelResponse","point","135.99999999999997","11850","11850","","","","","point","","","","138"
"66042d8fc8f0421abb8ecf06","point_task_47","60","numericResponse","point","0.32","11850","11850","","","","","point","","","","138"
"66042d8fc8f0421abb8ecf06","point_task_47","60","windowEvents","point","{""focus"":1,""input"":0,""keydown"":0,""keyup"":0,""mousemove"":1,""mousedown"":1,""mouseup"":1,""resize"":0,""scroll"":0,""visibility"":0}","","","","","","","","","","",""
"66042d8fc8f0421abb8ecf06","point_task_26","61","pixelResponse","point","104.00000000000001","4849","4849","","","","","point","","","","77"
"66042d8fc8f0421abb8ecf06","point_task_26","61","numericResponse","point","0.48","4849","4849","","","","","point","","","","77"
"66042d8fc8f0421abb8ecf06","point_task_26","61","windowEvents","point","{""focus"":1,""input"":0,""keydown"":0,""keyup"":0,""mousemove"":2,""mousedown"":1,""mouseup"":1,""resize"":0,""scroll"":0,""visibility"":0}","","","","","","","","","","",""
"66042d8fc8f0421abb8ecf06","point_task_11","62","pixelResponse","point","135.99999999999997","6947","6947","","","","","point","","","","30"
"66042d8fc8f0421abb8ecf06","point_task_11","62","numericResponse","point","0.32","6947","6947","","","","","point","","","","30"
"66042d8fc8f0421abb8ecf06","point_task_11","62","windowEvents","point","{""focus"":1,""input"":0,""keydown"":0,""keyup"":0,""mousemove"":1,""mousedown"":1,""mouseup"":1,""resize"":0,""scroll"":0,""visibility"":0}","","","","","","","","","","",""
"66042d8fc8f0421abb8ecf06","point_task_43","63","pixelResponse","point","108","4558","4558","","","","","point","","","","126"
"66042d8fc8f0421abb8ecf06","point_task_43","63","numericResponse","point","0.46","4558","4558","","","","","point","","","","126"
"66042d8fc8f0421abb8ecf06","point_task_43","63","windowEvents","point","{""focus"":1,""input"":0,""keydown"":0,""keyup"":0,""mousemove"":2,""mousedown"":1,""mouseup"":1,""resize"":0,""scroll"":0,""visibility"":0}","","","","","","","","","","",""
"66042d8fc8f0421abb8ecf06","point_task_30","64","pixelResponse","point","112.00000000000001","7733","7733","","","","","point","","","","89"
"66042d8fc8f0421abb8ecf06","point_task_30","64","numericResponse","point","0.44","7733","7733","","","","","point","","","","89"
"66042d8fc8f0421abb8ecf06","point_task_30","64","windowEvents","point","{""focus"":1,""input"":0,""keydown"":0,""keyup"":0,""mousemove"":2,""mousedown"":1,""mouseup"":1,""resize"":0,""scroll"":0,""visibility"":0}","","","","","","","","","","",""
"66042d8fc8f0421abb8ecf06","point_task_20","65","pixelResponse","point","110.00000000000001","6414","6414","","","","","point","","","","55"
"66042d8fc8f0421abb8ecf06","point_task_20","65","numericResponse","point","0.45","6414","6414","","","","","point","","","","55"
"66042d8fc8f0421abb8ecf06","point_task_20","65","windowEvents","point","{""focus"":1,""input"":0,""keydown"":0,""keyup"":0,""mousemove"":1,""mousedown"":1,""mouseup"":1,""resize"":0,""scroll"":0,""visibility"":0}","","","","","","","","","","",""
"66042d8fc8f0421abb8ecf06","point_task_24","66","pixelResponse","point","102","4869","4869","","","","","point","","","","67"
"66042d8fc8f0421abb8ecf06","point_task_24","66","numericResponse","point","0.49","4869","4869","","","","","point","","","","67"
"66042d8fc8f0421abb8ecf06","point_task_24","66","windowEvents","point","{""focus"":1,""input"":0,""keydown"":0,""keyup"":0,""mousemove"":1,""mousedown"":1,""mouseup"":1,""resize"":0,""scroll"":0,""visibility"":0}","","","","","","","","","","",""
"66042d8fc8f0421abb8ecf06","point_task_19","67","pixelResponse","point","114.00000000000001","3216","3216","","","","","point","","","","54"
"66042d8fc8f0421abb8ecf06","point_task_19","67","numericResponse","point","0.43","3216","3216","","","","","point","","","","54"
"66042d8fc8f0421abb8ecf06","point_task_19","67","windowEvents","point","{""focus"":1,""input"":0,""keydown"":0,""keyup"":0,""mousemove"":1,""mousedown"":1,""mouseup"":1,""resize"":0,""scroll"":0,""visibility"":0}","","","","","","","","","","",""
"66042d8fc8f0421abb8ecf06","point_task_17","68","pixelResponse","point","94","6679","6679","","","","","point","","","","52"
"66042d8fc8f0421abb8ecf06","point_task_17","68","numericResponse","point","0.53","6679","6679","","","","","point","","","","52"
"66042d8fc8f0421abb8ecf06","point_task_17","68","windowEvents","point","{""focus"":1,""input"":0,""keydown"":0,""keyup"":0,""mousemove"":1,""mousedown"":1,""mouseup"":1,""resize"":0,""scroll"":0,""visibility"":0}","","","","","","","","","","",""
"66042d8fc8f0421abb8ecf06","point_task_40","69","pixelResponse","point","94","4238","4238","","","","","point","","","","115"
"66042d8fc8f0421abb8ecf06","point_task_40","69","numericResponse","point","0.53","4238","4238","","","","","point","","","","115"
"66042d8fc8f0421abb8ecf06","point_task_40","69","windowEvents","point","{""focus"":1,""input"":0,""keydown"":0,""keyup"":0,""mousemove"":1,""mousedown"":1,""mouseup"":1,""resize"":0,""scroll"":0,""visibility"":0}","","","","","","","","","","",""
"66042d8fc8f0421abb8ecf06","point_task_15","70","pixelResponse","point","122","5718","5718","","","","","point","","","","42"
"66042d8fc8f0421abb8ecf06","point_task_15","70","numericResponse","point","0.39","5718","5718","","","","","point","","","","42"
"66042d8fc8f0421abb8ecf06","point_task_15","70","windowEvents","point","{""focus"":1,""input"":0,""keydown"":0,""keyup"":0,""mousemove"":2,""mousedown"":1,""mouseup"":1,""resize"":0,""scroll"":0,""visibility"":0}","","","","","","","","","","",""
"66042d8fc8f0421abb8ecf06","point_task_34","71","pixelResponse","point","74","6359","6359","","","","","point","","","","101"
"66042d8fc8f0421abb8ecf06","point_task_34","71","numericResponse","point","0.63","6359","6359","","","","","point","","","","101"
"66042d8fc8f0421abb8ecf06","point_task_34","71","windowEvents","point","{""focus"":1,""input"":0,""keydown"":0,""keyup"":0,""mousemove"":1,""mousedown"":1,""mouseup"":1,""resize"":0,""scroll"":0,""visibility"":0}","","","","","","","","","","",""
"66042d8fc8f0421abb8ecf06","post_study","72","gender","point","Female","19383","19383","","","","","","","","",""
"66042d8fc8f0421abb8ecf06","post_study","72","gender-other","point","","19383","19383","","","","","","","","",""
"66042d8fc8f0421abb8ecf06","post_study","72","age","point","62","19383","19383","","","","","","","","",""
"66042d8fc8f0421abb8ecf06","post_study","72","feedback","point","Yes","19383","19383","","","","","","","","",""
"66042d8fc8f0421abb8ecf06","post_study","72","feedback-text","point","","19383","19383","","","","","","","","",""
"66042d8fc8f0421abb8ecf06","post_study","72","strategy","point","","19383","19383","","","","","","","","",""
"66042d8fc8f0421abb8ecf06","post_study","72","windowEvents","point","{""focus"":4,""input"":4,""keydown"":2,""keyup"":2,""mousemove"":5,""mousedown"":5,""mouseup"":5,""resize"":0,""scroll"":1,""visibility"":0}","","","","","","","","","","",""
"662c299e6db88649ff13ccae","participantTags","","participantTags","pointArc","[""virtual-chinrest"",""pointArc""]","","","","","","","","","","",""
"662c299e6db88649ff13ccae","introduction","0","prolificId","pointArc","662c299e6db88649ff13ccae","49490","49490","","","","","","","","",""
"662c299e6db88649ff13ccae","introduction","0","windowEvents","pointArc","{""focus"":1,""input"":0,""keydown"":0,""keyup"":0,""mousemove"":20,""mousedown"":1,""mouseup"":0,""resize"":0,""scroll"":0,""visibility"":0}","","","","","","","","","","",""
"662c299e6db88649ff13ccae","consent","1","consentApproval","pointArc","Accept","84109","84109","","","","","","","","",""
"662c299e6db88649ff13ccae","consent","1","windowEvents","pointArc","{""focus"":1,""input"":1,""keydown"":0,""keyup"":0,""mousemove"":246,""mousedown"":2,""mouseup"":2,""resize"":0,""scroll"":40,""visibility"":0}","","","","","","","","","","",""
"662c299e6db88649ff13ccae","chinrest_intro","2","","pointArc","","9740","9740","","","","","","","","",""
"662c299e6db88649ff13ccae","chinrest_intro","2","windowEvents","pointArc","{""focus"":2,""input"":0,""keydown"":0,""keyup"":0,""mousemove"":65,""mousedown"":1,""mouseup"":1,""resize"":0,""scroll"":1,""visibility"":0}","","","","","","","","","","",""
"662c299e6db88649ff13ccae","$virtual-chinrest.components.card-size","3","pixelsPerMM","pointArc","3.8317757009345796","45062","45062","pixelsPerMM","85.6","53.98","","","","","",""
"662c299e6db88649ff13ccae","$virtual-chinrest.components.card-size","3","windowEvents","pointArc","{""focus"":2,""input"":0,""keydown"":0,""keyup"":0,""mousemove"":221,""mousedown"":4,""mouseup"":5,""resize"":0,""scroll"":2,""visibility"":0}","","","","","","","","","","",""
"662c299e6db88649ff13ccae","$virtual-chinrest.components.blindspot-distance","4","dist-calibration-MM","pointArc","660.4865049093715","119012","119012","","","","13.5","","","","",""
"662c299e6db88649ff13ccae","$virtual-chinrest.components.blindspot-distance","4","dist-calibration-CM","pointArc","66.04865049093715","119012","119012","","","","13.5","","","","",""
"662c299e6db88649ff13ccae","$virtual-chinrest.components.blindspot-distance","4","ball-positions","pointArc","[499,493,489,497,499]","119012","119012","","","","13.5","","","","",""
"662c299e6db88649ff13ccae","$virtual-chinrest.components.blindspot-distance","4","square-position","pointArc","1095.5","119012","119012","","","","13.5","","","","",""
"662c299e6db88649ff13ccae","$virtual-chinrest.components.blindspot-distance","4","windowEvents","pointArc","{""focus"":3,""input"":0,""keydown"":12,""keyup"":12,""mousemove"":409,""mousedown"":9,""mouseup"":8,""resize"":0,""scroll"":3,""visibility"":0}","","","","","","","","","","",""
"662c299e6db88649ff13ccae","study_overview","5","","pointArc","","33831","33831","","","","","","","","",""
"662c299e6db88649ff13ccae","study_overview","5","windowEvents","pointArc","{""focus"":1,""input"":0,""keydown"":0,""keyup"":0,""mousemove"":184,""mousedown"":1,""mouseup"":1,""resize"":0,""scroll"":1,""visibility"":0}","","","","","","","","","","",""
"662c299e6db88649ff13ccae","task1_intro","6","","pointArc","","53132","53132","","","","","","","","",""
"662c299e6db88649ff13ccae","task1_intro","6","windowEvents","pointArc","{""focus"":3,""input"":0,""keydown"":0,""keyup"":0,""mousemove"":114,""mousedown"":1,""mouseup"":1,""resize"":0,""scroll"":0,""visibility"":0}","","","","","","","","","","",""
"662c299e6db88649ff13ccae","block5_train_1","7","location-x","pointArc","0.25","34601","34601","","","","","Block5","true","0.25","4.5",""
"662c299e6db88649ff13ccae","block5_train_1","7","location-y","pointArc","4.5","34601","34601","","","","","Block5","true","0.25","4.5",""
"662c299e6db88649ff13ccae","block5_train_1","7","slider-x","pointArc","0.25","34601","34601","","","","","Block5","true","0.25","4.5",""
"662c299e6db88649ff13ccae","block5_train_1","7","slider-y","pointArc","4.52","34601","34601","","","","","Block5","true","0.25","4.5",""
"662c299e6db88649ff13ccae","block5_train_1","7","px-slider-x","pointArc","330.875","34601","34601","","","","","Block5","true","0.25","4.5",""
"662c299e6db88649ff13ccae","block5_train_1","7","px-slider-y","pointArc","231.46","34601","34601","","","","","Block5","true","0.25","4.5",""
"662c299e6db88649ff13ccae","block5_train_1","7","px-location-x","pointArc","330.875","34601","34601","","","","","Block5","true","0.25","4.5",""
"662c299e6db88649ff13ccae","block5_train_1","7","px-location-y","pointArc","232.25000000000003","34601","34601","","","","","Block5","true","0.25","4.5",""
"662c299e6db88649ff13ccae","block5_train_1","7","windowEvents","pointArc","{""focus"":4,""input"":0,""keydown"":0,""keyup"":0,""mousemove"":190,""mousedown"":4,""mouseup"":4,""resize"":0,""scroll"":12,""visibility"":0}","","","","","","","","","","",""
"662c299e6db88649ff13ccae","block5_train_2","8","location-x","pointArc","-1.5","48907","48907","","","","","Block5","true","-1.5","7.2",""
"662c299e6db88649ff13ccae","block5_train_2","8","location-y","pointArc","7.2","48907","48907","","","","","Block5","true","-1.5","7.2",""
"662c299e6db88649ff13ccae","block5_train_2","8","slider-x","pointArc","-1.5","48907","48907","","","","","Block5","true","-1.5","7.2",""
"662c299e6db88649ff13ccae","block5_train_2","8","slider-y","pointArc","7.16","48907","48907","","","","","Block5","true","-1.5","7.2",""
"662c299e6db88649ff13ccae","block5_train_2","8","px-slider-x","pointArc","237.25","48907","48907","","","","","Block5","true","-1.5","7.2",""
"662c299e6db88649ff13ccae","block5_train_2","8","px-slider-y","pointArc","127.18","48907","48907","","","","","Block5","true","-1.5","7.2",""
"662c299e6db88649ff13ccae","block5_train_2","8","px-location-x","pointArc","237.25","48907","48907","","","","","Block5","true","-1.5","7.2",""
"662c299e6db88649ff13ccae","block5_train_2","8","px-location-y","pointArc","125.60000000000001","48907","48907","","","","","Block5","true","-1.5","7.2",""
"662c299e6db88649ff13ccae","block5_train_2","8","windowEvents","pointArc","{""focus"":4,""input"":0,""keydown"":0,""keyup"":0,""mousemove"":227,""mousedown"":6,""mouseup"":6,""resize"":0,""scroll"":14,""visibility"":0}","","","","","","","","","","",""
"662c299e6db88649ff13ccae","task1_test_intro","9","","pointArc","","10603","10603","","","","","","","","",""
"662c299e6db88649ff13ccae","task1_test_intro","9","windowEvents","pointArc","{""focus"":1,""input"":0,""keydown"":0,""keyup"":0,""mousemove"":59,""mousedown"":1,""mouseup"":1,""resize"":0,""scroll"":1,""visibility"":0}","","","","","","","","","","",""
"662c299e6db88649ff13ccae","block5_test_1","10","location-x","pointArc","2.41","25680","25680","","","","","Block5","false","","",""
"662c299e6db88649ff13ccae","block5_test_1","10","location-y","pointArc","9.79","25680","25680","","","","","Block5","false","","",""
"662c299e6db88649ff13ccae","block5_test_1","10","slider-x","pointArc","2.87","25680","25680","","","","","Block5","false","","",""
"662c299e6db88649ff13ccae","block5_test_1","10","slider-y","pointArc","9.51","25680","25680","","","","","Block5","false","","",""
"662c299e6db88649ff13ccae","block5_test_1","10","px-slider-x","pointArc","471.045","25680","25680","","","","","Block5","false","","",""
"662c299e6db88649ff13ccae","block5_test_1","10","px-slider-y","pointArc","34.35500000000002","25680","25680","","","","","Block5","false","","",""
"662c299e6db88649ff13ccae","block5_test_1","10","px-location-x","pointArc","446.435","25680","25680","","","","","Block5","false","","",""
"662c299e6db88649ff13ccae","block5_test_1","10","px-location-y","pointArc","23.29500000000005","25680","25680","","","","","Block5","false","","",""
"662c299e6db88649ff13ccae","block5_test_1","10","windowEvents","pointArc","{""focus"":3,""input"":0,""keydown"":0,""keyup"":0,""mousemove"":155,""mousedown"":3,""mouseup"":3,""resize"":0,""scroll"":8,""visibility"":0}","","","","","","","","","","",""
"662c299e6db88649ff13ccae","block5_test_4","11","location-x","pointArc","-1.33","35744","35744","","","","","Block5","false","","",""
"662c299e6db88649ff13ccae","block5_test_4","11","location-y","pointArc","6.75","35744","35744","","","","","Block5","false","","",""
"662c299e6db88649ff13ccae","block5_test_4","11","slider-x","pointArc","-1.27","35744","35744","","","","","Block5","false","","",""
"662c299e6db88649ff13ccae","block5_test_4","11","slider-y","pointArc","6.7","35744","35744","","","","","Block5","false","","",""
"662c299e6db88649ff13ccae","block5_test_4","11","px-slider-x","pointArc","249.555","35744","35744","","","","","Block5","false","","",""
"662c299e6db88649ff13ccae","block5_test_4","11","px-slider-y","pointArc","145.35","35744","35744","","","","","Block5","false","","",""
"662c299e6db88649ff13ccae","block5_test_4","11","px-location-x","pointArc","246.345","35744","35744","","","","","Block5","false","","",""
"662c299e6db88649ff13ccae","block5_test_4","11","px-location-y","pointArc","143.37499999999997","35744","35744","","","","","Block5","false","","",""
"662c299e6db88649ff13ccae","block5_test_4","11","windowEvents","pointArc","{""focus"":4,""input"":0,""keydown"":0,""keyup"":0,""mousemove"":179,""mousedown"":7,""mouseup"":7,""resize"":2,""scroll"":9,""visibility"":0}","","","","","","","","","","",""
"662c299e6db88649ff13ccae","block5_test_7","12","location-x","pointArc","-2.08","19401","19401","","","","","Block5","false","","",""
"662c299e6db88649ff13ccae","block5_test_7","12","location-y","pointArc","9.17","19401","19401","","","","","Block5","false","","",""
"662c299e6db88649ff13ccae","block5_test_7","12","slider-x","pointArc","-2.06","19401","19401","","","","","Block5","false","","",""
"662c299e6db88649ff13ccae","block5_test_7","12","slider-y","pointArc","9.11","19401","19401","","","","","Block5","false","","",""
"662c299e6db88649ff13ccae","block5_test_7","12","px-slider-x","pointArc","207.28999999999996","19401","19401","","","","","Block5","false","","",""
"662c299e6db88649ff13ccae","block5_test_7","12","px-slider-y","pointArc","50.15500000000003","19401","19401","","","","","Block5","false","","",""
"662c299e6db88649ff13ccae","block5_test_7","12","px-location-x","pointArc","206.22","19401","19401","","","","","Block5","false","","",""
"662c299e6db88649ff13ccae","block5_test_7","12","px-location-y","pointArc","47.78499999999999","19401","19401","","","","","Block5","false","","",""
"662c299e6db88649ff13ccae","block5_test_7","12","windowEvents","pointArc","{""focus"":3,""input"":0,""keydown"":0,""keyup"":0,""mousemove"":122,""mousedown"":4,""mouseup"":4,""resize"":0,""scroll"":0,""visibility"":0}","","","","","","","","","","",""
"662c299e6db88649ff13ccae","block5_test_3","13","location-x","pointArc","4.85","29809","29809","","","","","Block5","false","","",""
"662c299e6db88649ff13ccae","block5_test_3","13","location-y","pointArc","2.18","29809","29809","","","","","Block5","false","","",""
"662c299e6db88649ff13ccae","block5_test_3","13","slider-x","pointArc","4.84","29809","29809","","","","","Block5","false","","",""
"662c299e6db88649ff13ccae","block5_test_3","13","slider-y","pointArc","2.79","29809","29809","","","","","Block5","false","","",""
"662c299e6db88649ff13ccae","block5_test_3","13","px-slider-x","pointArc","576.4399999999999","29809","29809","","","","","Block5","false","","",""
"662c299e6db88649ff13ccae","block5_test_3","13","px-slider-y","pointArc","299.795","29809","29809","","","","","Block5","false","","",""
"662c299e6db88649ff13ccae","block5_test_3","13","px-location-x","pointArc","576.975","29809","29809","","","","","Block5","false","","",""
"662c299e6db88649ff13ccae","block5_test_3","13","px-location-y","pointArc","323.89","29809","29809","","","","","Block5","false","","",""
"662c299e6db88649ff13ccae","block5_test_3","13","windowEvents","pointArc","{""focus"":4,""input"":0,""keydown"":0,""keyup"":0,""mousemove"":172,""mousedown"":6,""mouseup"":6,""resize"":0,""scroll"":0,""visibility"":0}","","","","","","","","","","",""
"662c299e6db88649ff13ccae","block5_test_5","14","location-x","pointArc","3.68","20215","20215","","","","","Block5","false","","",""
"662c299e6db88649ff13ccae","block5_test_5","14","location-y","pointArc","1.54","20215","20215","","","","","Block5","false","","",""
"662c299e6db88649ff13ccae","block5_test_5","14","slider-x","pointArc","3.72","20215","20215","","","","","Block5","false","","",""
"662c299e6db88649ff13ccae","block5_test_5","14","slider-y","pointArc","2","20215","20215","","","","","Block5","false","","",""
"662c299e6db88649ff13ccae","block5_test_5","14","px-slider-x","pointArc","516.5200000000001","20215","20215","","","","","Block5","false","","",""
"662c299e6db88649ff13ccae","block5_test_5","14","px-slider-y","pointArc","331","20215","20215","","","","","Block5","false","","",""
"662c299e6db88649ff13ccae","block5_test_5","14","px-location-x","pointArc","514.38","20215","20215","","","","","Block5","false","","",""
"662c299e6db88649ff13ccae","block5_test_5","14","px-location-y","pointArc","349.17","20215","20215","","","","","Block5","false","","",""
"662c299e6db88649ff13ccae","block5_test_5","14","windowEvents","pointArc","{""focus"":3,""input"":0,""keydown"":0,""keyup"":0,""mousemove"":121,""mousedown"":6,""mouseup"":6,""resize"":0,""scroll"":0,""visibility"":0}","","","","","","","","","","",""
"662c299e6db88649ff13ccae","block5_test_6","15","location-x","pointArc","-0.67","135638","135638","","","","","Block5","false","","",""
"662c299e6db88649ff13ccae","block5_test_6","15","location-y","pointArc","3.05","135638","135638","","","","","Block5","false","","",""
"662c299e6db88649ff13ccae","block5_test_6","15","slider-x","pointArc","-0.67","135638","135638","","","","","Block5","false","","",""
"662c299e6db88649ff13ccae","block5_test_6","15","slider-y","pointArc","3.15","135638","135638","","","","","Block5","false","","",""
"662c299e6db88649ff13ccae","block5_test_6","15","px-slider-x","pointArc","281.65500000000003","135638","135638","","","","","Block5","false","","",""
"662c299e6db88649ff13ccae","block5_test_6","15","px-slider-y","pointArc","285.57500000000005","135638","135638","","","","","Block5","false","","",""
"662c299e6db88649ff13ccae","block5_test_6","15","px-location-x","pointArc","281.65500000000003","135638","135638","","","","","Block5","false","","",""
"662c299e6db88649ff13ccae","block5_test_6","15","px-location-y","pointArc","289.52500000000003","135638","135638","","","","","Block5","false","","",""
"662c299e6db88649ff13ccae","block5_test_6","15","windowEvents","pointArc","{""focus"":3,""input"":0,""keydown"":0,""keyup"":0,""mousemove"":115,""mousedown"":4,""mouseup"":4,""resize"":0,""scroll"":0,""visibility"":0}","","","","","","","","","","",""
"662c299e6db88649ff13ccae","block5_test_8","16","location-x","pointArc","0.34","101056","101056","","","","","Block5","false","","",""
"662c299e6db88649ff13ccae","block5_test_8","16","location-y","pointArc","2.46","101056","101056","","","","","Block5","false","","",""
"662c299e6db88649ff13ccae","block5_test_8","16","slider-x","pointArc","0.31","101056","101056","","","","","Block5","false","","",""
"662c299e6db88649ff13ccae","block5_test_8","16","slider-y","pointArc","2.59","101056","101056","","","","","Block5","false","","",""
"662c299e6db88649ff13ccae","block5_test_8","16","px-slider-x","pointArc","334.0849999999999","101056","101056","","","","","Block5","false","","",""
"662c299e6db88649ff13ccae","block5_test_8","16","px-slider-y","pointArc","307.695","101056","101056","","","","","Block5","false","","",""
"662c299e6db88649ff13ccae","block5_test_8","16","px-location-x","pointArc","335.69000000000005","101056","101056","","","","","Block5","false","","",""
"662c299e6db88649ff13ccae","block5_test_8","16","px-location-y","pointArc","312.83","101056","101056","","","","","Block5","false","","",""
"662c299e6db88649ff13ccae","block5_test_8","16","windowEvents","pointArc","{""focus"":3,""input"":0,""keydown"":0,""keyup"":0,""mousemove"":133,""mousedown"":4,""mouseup"":4,""resize"":0,""scroll"":0,""visibility"":0}","","","","","","","","","","",""
"662c299e6db88649ff13ccae","block5_test_9","17","location-x","pointArc","2.3","17339","17339","","","","","Block5","false","","",""
"662c299e6db88649ff13ccae","block5_test_9","17","location-y","pointArc","6.38","17339","17339","","","","","Block5","false","","",""
"662c299e6db88649ff13ccae","block5_test_9","17","slider-x","pointArc","2.24","17339","17339","","","","","Block5","false","","",""
"662c299e6db88649ff13ccae","block5_test_9","17","slider-y","pointArc","6.37","17339","17339","","","","","Block5","false","","",""
"662c299e6db88649ff13ccae","block5_test_9","17","px-slider-x","pointArc","437.34","17339","17339","","","","","Block5","false","","",""
"662c299e6db88649ff13ccae","block5_test_9","17","px-slider-y","pointArc","158.385","17339","17339","","","","","Block5","false","","",""
"662c299e6db88649ff13ccae","block5_test_9","17","px-location-x","pointArc","440.55","17339","17339","","","","","Block5","false","","",""
"662c299e6db88649ff13ccae","block5_test_9","17","px-location-y","pointArc","157.98999999999998","17339","17339","","","","","Block5","false","","",""
"662c299e6db88649ff13ccae","block5_test_9","17","windowEvents","pointArc","{""focus"":3,""input"":0,""keydown"":0,""keyup"":0,""mousemove"":99,""mousedown"":3,""mouseup"":3,""resize"":0,""scroll"":0,""visibility"":0}","","","","","","","","","","",""
"662c299e6db88649ff13ccae","block5_test_10","18","location-x","pointArc","1.97","14652","14652","","","","","Block5","false","","",""
"662c299e6db88649ff13ccae","block5_test_10","18","location-y","pointArc","5.26","14652","14652","","","","","Block5","false","","",""
"662c299e6db88649ff13ccae","block5_test_10","18","slider-x","pointArc","2.01","14652","14652","","","","","Block5","false","","",""
"662c299e6db88649ff13ccae","block5_test_10","18","slider-y","pointArc","5.1","14652","14652","","","","","Block5","false","","",""
"662c299e6db88649ff13ccae","block5_test_10","18","px-slider-x","pointArc","425.03499999999997","14652","14652","","","","","Block5","false","","",""
"662c299e6db88649ff13ccae","block5_test_10","18","px-slider-y","pointArc","208.55","14652","14652","","","","","Block5","false","","",""
"662c299e6db88649ff13ccae","block5_test_10","18","px-location-x","pointArc","422.8949999999999","14652","14652","","","","","Block5","false","","",""
"662c299e6db88649ff13ccae","block5_test_10","18","px-location-y","pointArc","202.23000000000002","14652","14652","","","","","Block5","false","","",""
"662c299e6db88649ff13ccae","block5_test_10","18","windowEvents","pointArc","{""focus"":3,""input"":0,""keydown"":0,""keyup"":0,""mousemove"":80,""mousedown"":4,""mouseup"":4,""resize"":0,""scroll"":0,""visibility"":0}","","","","","","","","","","",""
"662c299e6db88649ff13ccae","block5_test_2","19","location-x","pointArc","-0.16","51887","51887","","","","","Block5","false","","",""
"662c299e6db88649ff13ccae","block5_test_2","19","location-y","pointArc","6.76","51887","51887","","","","","Block5","false","","",""
"662c299e6db88649ff13ccae","block5_test_2","19","slider-x","pointArc","-0.04","51887","51887","","","","","Block5","false","","",""
"662c299e6db88649ff13ccae","block5_test_2","19","slider-y","pointArc","6.74","51887","51887","","","","","Block5","false","","",""
"662c299e6db88649ff13ccae","block5_test_2","19","px-slider-x","pointArc","315.36","51887","51887","","","","","Block5","false","","",""
"662c299e6db88649ff13ccae","block5_test_2","19","px-slider-y","pointArc","143.76999999999998","51887","51887","","","","","Block5","false","","",""
"662c299e6db88649ff13ccae","block5_test_2","19","px-location-x","pointArc","308.94","51887","51887","","","","","Block5","false","","",""
"662c299e6db88649ff13ccae","block5_test_2","19","px-location-y","pointArc","142.98000000000002","51887","51887","","","","","Block5","false","","",""
"662c299e6db88649ff13ccae","block5_test_2","19","windowEvents","pointArc","{""focus"":3,""input"":0,""keydown"":0,""keyup"":0,""mousemove"":115,""mousedown"":3,""mouseup"":3,""resize"":0,""scroll"":0,""visibility"":0}","","","","","","","","","","",""
"662c299e6db88649ff13ccae","task2_intro","20","","pointArc","","18743","18743","","","","","","","","",""
"662c299e6db88649ff13ccae","task2_intro","20","windowEvents","pointArc","{""focus"":1,""input"":0,""keydown"":0,""keyup"":0,""mousemove"":131,""mousedown"":1,""mouseup"":1,""resize"":0,""scroll"":1,""visibility"":0}","","","","","","","","","","",""
"662c299e6db88649ff13ccae","moritz_train_pointArc_1","21","pixelResponse","pointArc","98","85148","85148","","","","","point","true","","","4"
"662c299e6db88649ff13ccae","moritz_train_pointArc_1","21","numericResponse","pointArc","0.51","85148","85148","","","","","point","true","","","4"
"662c299e6db88649ff13ccae","moritz_train_pointArc_1","21","windowEvents","pointArc","{""focus"":4,""input"":0,""keydown"":1,""keyup"":1,""mousemove"":487,""mousedown"":5,""mouseup"":5,""resize"":0,""scroll"":0,""visibility"":0}","","","","","","","","","","",""
"662c299e6db88649ff13ccae","moritz_train_pointArc_2","22","pixelResponse","pointArc","98","24978","24978","","","","","point","true","","","5"
"662c299e6db88649ff13ccae","moritz_train_pointArc_2","22","numericResponse","pointArc","0.51","24978","24978","","","","","point","true","","","5"
"662c299e6db88649ff13ccae","moritz_train_pointArc_2","22","windowEvents","pointArc","{""focus"":3,""input"":0,""keydown"":0,""keyup"":0,""mousemove"":107,""mousedown"":3,""mouseup"":3,""resize"":0,""scroll"":0,""visibility"":0}","","","","","","","","","","",""
"662c299e6db88649ff13ccae","task2_test_intro","23","","pointArc","","6635","6635","","","","","","","","",""
"662c299e6db88649ff13ccae","task2_test_intro","23","windowEvents","pointArc","{""focus"":1,""input"":0,""keydown"":0,""keyup"":0,""mousemove"":54,""mousedown"":1,""mouseup"":1,""resize"":0,""scroll"":0,""visibility"":0}","","","","","","","","","","",""
"662c299e6db88649ff13ccae","pointArc_task_38","24","pixelResponse","pointArc","67.99999999999999","12331","12331","","","","","pointArc","","","","117"
"662c299e6db88649ff13ccae","pointArc_task_38","24","numericResponse","pointArc","0.66","12331","12331","","","","","pointArc","","","","117"
"662c299e6db88649ff13ccae","pointArc_task_38","24","windowEvents","pointArc","{""focus"":2,""input"":0,""keydown"":0,""keyup"":0,""mousemove"":52,""mousedown"":2,""mouseup"":2,""resize"":0,""scroll"":0,""visibility"":0}","","","","","","","","","","",""
"662c299e6db88649ff13ccae","pointArc_task_1","25","pixelResponse","pointArc","110.00000000000001","23226","23226","","","","","pointArc","","","","8"
"662c299e6db88649ff13ccae","pointArc_task_1","25","numericResponse","pointArc","0.45","23226","23226","","","","","pointArc","","","","8"
"662c299e6db88649ff13ccae","pointArc_task_1","25","windowEvents","pointArc","{""focus"":2,""input"":0,""keydown"":0,""keyup"":0,""mousemove"":104,""mousedown"":3,""mouseup"":3,""resize"":0,""scroll"":0,""visibility"":0}","","","","","","","","","","",""
"662c299e6db88649ff13ccae","pointArc_task_6","26","pixelResponse","pointArc","100","12031","12031","","","","","pointArc","","","","21"
"662c299e6db88649ff13ccae","pointArc_task_6","26","numericResponse","pointArc","0.5","12031","12031","","","","","pointArc","","","","21"
"662c299e6db88649ff13ccae","pointArc_task_6","26","windowEvents","pointArc","{""focus"":1,""input"":0,""keydown"":0,""keyup"":0,""mousemove"":74,""mousedown"":2,""mouseup"":3,""resize"":0,""scroll"":0,""visibility"":0}","","","","","","","","","","",""
"662c299e6db88649ff13ccae","pointArc_task_32","27","pixelResponse","pointArc","112.00000000000001","9133","9133","","","","","pointArc","","","","95"
"662c299e6db88649ff13ccae","pointArc_task_32","27","numericResponse","pointArc","0.44","9133","9133","","","","","pointArc","","","","95"
"662c299e6db88649ff13ccae","pointArc_task_32","27","windowEvents","pointArc","{""focus"":3,""input"":0,""keydown"":0,""keyup"":0,""mousemove"":59,""mousedown"":3,""mouseup"":2,""resize"":0,""scroll"":0,""visibility"":0}","","","","","","","","","","",""
"662c299e6db88649ff13ccae","pointArc_task_17","28","pixelResponse","pointArc","84.00000000000001","12422","12422","","","","","pointArc","","","","56"
"662c299e6db88649ff13ccae","pointArc_task_17","28","numericResponse","pointArc","0.58","12422","12422","","","","","pointArc","","","","56"
"662c299e6db88649ff13ccae","pointArc_task_17","28","windowEvents","pointArc","{""focus"":2,""input"":0,""keydown"":0,""keyup"":0,""mousemove"":74,""mousedown"":4,""mouseup"":4,""resize"":0,""scroll"":0,""visibility"":0}","","","","","","","","","","",""
"662c299e6db88649ff13ccae","pointArc_task_41","29","pixelResponse","pointArc","84.00000000000001","12400","12400","","","","","pointArc","","","","128"
"662c299e6db88649ff13ccae","pointArc_task_41","29","numericResponse","pointArc","0.58","12400","12400","","","","","pointArc","","","","128"
"662c299e6db88649ff13ccae","pointArc_task_41","29","windowEvents","pointArc","{""focus"":2,""input"":0,""keydown"":0,""keyup"":0,""mousemove"":74,""mousedown"":2,""mouseup"":2,""resize"":0,""scroll"":0,""visibility"":0}","","","","","","","","","","",""
"662c299e6db88649ff13ccae","pointArc_task_8","30","pixelResponse","pointArc","100","11726","11726","","","","","pointArc","","","","23"
"662c299e6db88649ff13ccae","pointArc_task_8","30","numericResponse","pointArc","0.5","11726","11726","","","","","pointArc","","","","23"
"662c299e6db88649ff13ccae","pointArc_task_8","30","windowEvents","pointArc","{""focus"":2,""input"":0,""keydown"":0,""keyup"":0,""mousemove"":64,""mousedown"":2,""mouseup"":2,""resize"":0,""scroll"":0,""visibility"":0}","","","","","","","","","","",""
"662c299e6db88649ff13ccae","pointArc_task_19","31","pixelResponse","pointArc","65.99999999999999","11191","11191","","","","","pointArc","","","","58"
"662c299e6db88649ff13ccae","pointArc_task_19","31","numericResponse","pointArc","0.67","11191","11191","","","","","pointArc","","","","58"
"662c299e6db88649ff13ccae","pointArc_task_19","31","windowEvents","pointArc","{""focus"":2,""input"":0,""keydown"":0,""keyup"":0,""mousemove"":69,""mousedown"":2,""mouseup"":2,""resize"":0,""scroll"":0,""visibility"":0}","","","","","","","","","","",""
"662c299e6db88649ff13ccae","pointArc_task_15","32","pixelResponse","pointArc","80","7900","7900","","","","","pointArc","","","","46"
"662c299e6db88649ff13ccae","pointArc_task_15","32","numericResponse","pointArc","0.6","7900","7900","","","","","pointArc","","","","46"
"662c299e6db88649ff13ccae","pointArc_task_15","32","windowEvents","pointArc","{""focus"":2,""input"":0,""keydown"":0,""keyup"":0,""mousemove"":41,""mousedown"":2,""mouseup"":2,""resize"":0,""scroll"":0,""visibility"":0}","","","","","","","","","","",""
"662c299e6db88649ff13ccae","pointArc_task_14","33","pixelResponse","pointArc","98","8072","8072","","","","","pointArc","","","","45"
"662c299e6db88649ff13ccae","pointArc_task_14","33","numericResponse","pointArc","0.51","8072","8072","","","","","pointArc","","","","45"
"662c299e6db88649ff13ccae","pointArc_task_14","33","windowEvents","pointArc","{""focus"":2,""input"":0,""keydown"":0,""keyup"":0,""mousemove"":45,""mousedown"":2,""mouseup"":2,""resize"":0,""scroll"":0,""visibility"":0}","","","","","","","","","","",""
"662c299e6db88649ff13ccae","pointArc_task_18","34","pixelResponse","pointArc","118.00000000000001","9749","9749","","","","","pointArc","","","","57"
"662c299e6db88649ff13ccae","pointArc_task_18","34","numericResponse","pointArc","0.41","9749","9749","","","","","pointArc","","","","57"
"662c299e6db88649ff13ccae","pointArc_task_18","34","windowEvents","pointArc","{""focus"":2,""input"":0,""keydown"":0,""keyup"":0,""mousemove"":55,""mousedown"":2,""mouseup"":2,""resize"":0,""scroll"":0,""visibility"":0}","","","","","","","","","","",""
"662c299e6db88649ff13ccae","pointArc_task_33","35","pixelResponse","pointArc","141.99999999999997","8973","8973","","","","","pointArc","","","","104"
"662c299e6db88649ff13ccae","pointArc_task_33","35","numericResponse","pointArc","0.29","8973","8973","","","","","pointArc","","","","104"
"662c299e6db88649ff13ccae","pointArc_task_33","35","windowEvents","pointArc","{""focus"":2,""input"":0,""keydown"":0,""keyup"":0,""mousemove"":56,""mousedown"":2,""mouseup"":2,""resize"":0,""scroll"":0,""visibility"":0}","","","","","","","","","","",""
"662c299e6db88649ff13ccae","pointArc_task_30","36","pixelResponse","pointArc","94","9710","9710","","","","","pointArc","","","","93"
"662c299e6db88649ff13ccae","pointArc_task_30","36","numericResponse","pointArc","0.53","9710","9710","","","","","pointArc","","","","93"
"662c299e6db88649ff13ccae","pointArc_task_30","36","windowEvents","pointArc","{""focus"":1,""input"":0,""keydown"":0,""keyup"":0,""mousemove"":52,""mousedown"":1,""mouseup"":2,""resize"":0,""scroll"":0,""visibility"":0}","","","","","","","","","","",""
"662c299e6db88649ff13ccae","pointArc_task_21","37","pixelResponse","pointArc","112.00000000000001","7795","7795","","","","","pointArc","","","","68"
"662c299e6db88649ff13ccae","pointArc_task_21","37","numericResponse","pointArc","0.44","7795","7795","","","","","pointArc","","","","68"
"662c299e6db88649ff13ccae","pointArc_task_21","37","windowEvents","pointArc","{""focus"":3,""input"":0,""keydown"":0,""keyup"":0,""mousemove"":45,""mousedown"":3,""mouseup"":2,""resize"":0,""scroll"":0,""visibility"":0}","","","","","","","","","","",""
"662c299e6db88649ff13ccae","pointArc_task_35","38","pixelResponse","pointArc","128","8746","8746","","","","","pointArc","","","","106"
"662c299e6db88649ff13ccae","pointArc_task_35","38","numericResponse","pointArc","0.36","8746","8746","","","","","pointArc","","","","106"
"662c299e6db88649ff13ccae","pointArc_task_35","38","windowEvents","pointArc","{""focus"":2,""input"":0,""keydown"":0,""keyup"":0,""mousemove"":46,""mousedown"":3,""mouseup"":3,""resize"":0,""scroll"":0,""visibility"":0}","","","","","","","","","","",""
"662c299e6db88649ff13ccae","pointArc_task_27","39","pixelResponse","pointArc","134","7236","7236","","","","","pointArc","","","","82"
"662c299e6db88649ff13ccae","pointArc_task_27","39","numericResponse","pointArc","0.33","7236","7236","","","","","pointArc","","","","82"
"662c299e6db88649ff13ccae","pointArc_task_27","39","windowEvents","pointArc","{""focus"":1,""input"":0,""keydown"":0,""keyup"":0,""mousemove"":45,""mousedown"":1,""mouseup"":2,""resize"":0,""scroll"":0,""visibility"":0}","","","","","","","","","","",""
"662c299e6db88649ff13ccae","pointArc_task_44","40","pixelResponse","pointArc","135.99999999999997","9810","9810","","","","","pointArc","","","","131"
"662c299e6db88649ff13ccae","pointArc_task_44","40","numericResponse","pointArc","0.32","9810","9810","","","","","pointArc","","","","131"
"662c299e6db88649ff13ccae","pointArc_task_44","40","windowEvents","pointArc","{""focus"":3,""input"":0,""keydown"":0,""keyup"":0,""mousemove"":63,""mousedown"":3,""mouseup"":2,""resize"":0,""scroll"":0,""visibility"":0}","","","","","","","","","","",""
"662c299e6db88649ff13ccae","pointArc_task_31","41","pixelResponse","pointArc","74","7479","7479","","","","","pointArc","","","","94"
"662c299e6db88649ff13ccae","pointArc_task_31","41","numericResponse","pointArc","0.63","7479","7479","","","","","pointArc","","","","94"
"662c299e6db88649ff13ccae","pointArc_task_31","41","windowEvents","pointArc","{""focus"":1,""input"":0,""keydown"":0,""keyup"":0,""mousemove"":46,""mousedown"":2,""mouseup"":3,""resize"":0,""scroll"":0,""visibility"":0}","","","","","","","","","","",""
"662c299e6db88649ff13ccae","pointArc_task_16","42","pixelResponse","pointArc","110.00000000000001","9324","9324","","","","","pointArc","","","","47"
"662c299e6db88649ff13ccae","pointArc_task_16","42","numericResponse","pointArc","0.45","9324","9324","","","","","pointArc","","","","47"
"662c299e6db88649ff13ccae","pointArc_task_16","42","windowEvents","pointArc","{""focus"":3,""input"":0,""keydown"":0,""keyup"":0,""mousemove"":46,""mousedown"":3,""mouseup"":2,""resize"":0,""scroll"":0,""visibility"":0}","","","","","","","","","","",""
"662c299e6db88649ff13ccae","pointArc_task_22","43","pixelResponse","pointArc","102","9641","9641","","","","","pointArc","","","","69"
"662c299e6db88649ff13ccae","pointArc_task_22","43","numericResponse","pointArc","0.49","9641","9641","","","","","pointArc","","","","69"
"662c299e6db88649ff13ccae","pointArc_task_22","43","windowEvents","pointArc","{""focus"":2,""input"":0,""keydown"":0,""keyup"":0,""mousemove"":62,""mousedown"":2,""mouseup"":2,""resize"":0,""scroll"":0,""visibility"":0}","","","","","","","","","","",""
"662c299e6db88649ff13ccae","pointArc_task_4","44","pixelResponse","pointArc","92","10367","10367","","","","","pointArc","","","","11"
"662c299e6db88649ff13ccae","pointArc_task_4","44","numericResponse","pointArc","0.54","10367","10367","","","","","pointArc","","","","11"
"662c299e6db88649ff13ccae","pointArc_task_4","44","windowEvents","pointArc","{""focus"":2,""input"":0,""keydown"":0,""keyup"":0,""mousemove"":59,""mousedown"":2,""mouseup"":2,""resize"":0,""scroll"":0,""visibility"":0}","","","","","","","","","","",""
"662c299e6db88649ff13ccae","pointArc_task_13","45","pixelResponse","pointArc","100","9621","9621","","","","","pointArc","","","","44"
"662c299e6db88649ff13ccae","pointArc_task_13","45","numericResponse","pointArc","0.5","9621","9621","","","","","pointArc","","","","44"
"662c299e6db88649ff13ccae","pointArc_task_13","45","windowEvents","pointArc","{""focus"":2,""input"":0,""keydown"":0,""keyup"":0,""mousemove"":59,""mousedown"":2,""mouseup"":2,""resize"":0,""scroll"":0,""visibility"":0}","","","","","","","","","","",""
"662c299e6db88649ff13ccae","pointArc_task_36","46","pixelResponse","pointArc","56.00000000000001","11269","11269","","","","","pointArc","","","","107"
"662c299e6db88649ff13ccae","pointArc_task_36","46","numericResponse","pointArc","0.72","11269","11269","","","","","pointArc","","","","107"
"662c299e6db88649ff13ccae","pointArc_task_36","46","windowEvents","pointArc","{""focus"":2,""input"":0,""keydown"":0,""keyup"":0,""mousemove"":63,""mousedown"":2,""mouseup"":2,""resize"":0,""scroll"":0,""visibility"":0}","","","","","","","","","","",""
"662c299e6db88649ff13ccae","pointArc_task_5","47","pixelResponse","pointArc","110.00000000000001","8944","8944","","","","","pointArc","","","","20"
"662c299e6db88649ff13ccae","pointArc_task_5","47","numericResponse","pointArc","0.45","8944","8944","","","","","pointArc","","","","20"
"662c299e6db88649ff13ccae","pointArc_task_5","47","windowEvents","pointArc","{""focus"":2,""input"":0,""keydown"":0,""keyup"":0,""mousemove"":55,""mousedown"":2,""mouseup"":2,""resize"":0,""scroll"":0,""visibility"":0}","","","","","","","","","","",""
"662c299e6db88649ff13ccae","pointArc_task_9","48","pixelResponse","pointArc","124","7473","7473","","","","","pointArc","","","","32"
"662c299e6db88649ff13ccae","pointArc_task_9","48","numericResponse","pointArc","0.38","7473","7473","","","","","pointArc","","","","32"
"662c299e6db88649ff13ccae","pointArc_task_9","48","windowEvents","pointArc","{""focus"":2,""input"":0,""keydown"":0,""keyup"":0,""mousemove"":49,""mousedown"":2,""mouseup"":2,""resize"":0,""scroll"":0,""visibility"":0}","","","","","","","","","","",""
"662c299e6db88649ff13ccae","pointArc_task_43","49","pixelResponse","pointArc","80","10353","10353","","","","","pointArc","","","","130"
"662c299e6db88649ff13ccae","pointArc_task_43","49","numericResponse","pointArc","0.6","10353","10353","","","","","pointArc","","","","130"
"662c299e6db88649ff13ccae","pointArc_task_43","49","windowEvents","pointArc","{""focus"":2,""input"":0,""keydown"":0,""keyup"":0,""mousemove"":63,""mousedown"":2,""mouseup"":2,""resize"":0,""scroll"":0,""visibility"":0}","","","","","","","","","","",""
"662c299e6db88649ff13ccae","pointArc_task_24","50","pixelResponse","pointArc","110.00000000000001","6525","6525","","","","","pointArc","","","","71"
"662c299e6db88649ff13ccae","pointArc_task_24","50","numericResponse","pointArc","0.45","6525","6525","","","","","pointArc","","","","71"
"662c299e6db88649ff13ccae","pointArc_task_24","50","windowEvents","pointArc","{""focus"":2,""input"":0,""keydown"":0,""keyup"":0,""mousemove"":49,""mousedown"":2,""mouseup"":2,""resize"":0,""scroll"":0,""visibility"":0}","","","","","","","","","","",""
"662c299e6db88649ff13ccae","pointArc_task_40","51","pixelResponse","pointArc","87.99999999999999","6537","6537","","","","","pointArc","","","","119"
"662c299e6db88649ff13ccae","pointArc_task_40","51","numericResponse","pointArc","0.56","6537","6537","","","","","pointArc","","","","119"
"662c299e6db88649ff13ccae","pointArc_task_40","51","windowEvents","pointArc","{""focus"":2,""input"":0,""keydown"":0,""keyup"":0,""mousemove"":37,""mousedown"":2,""mouseup"":2,""resize"":0,""scroll"":0,""visibility"":0}","","","","","","","","","","",""
"662c299e6db88649ff13ccae","pointArc_task_46","52","pixelResponse","pointArc","72","9397","9397","","","","","pointArc","","","","141"
"662c299e6db88649ff13ccae","pointArc_task_46","52","numericResponse","pointArc","0.64","9397","9397","","","","","pointArc","","","","141"
"662c299e6db88649ff13ccae","pointArc_task_46","52","windowEvents","pointArc","{""focus"":2,""input"":0,""keydown"":0,""keyup"":0,""mousemove"":65,""mousedown"":3,""mouseup"":3,""resize"":0,""scroll"":0,""visibility"":0}","","","","","","","","","","",""
"662c299e6db88649ff13ccae","pointArc_task_23","53","pixelResponse","pointArc","87.99999999999999","11525","11525","","","","","pointArc","","","","70"
"662c299e6db88649ff13ccae","pointArc_task_23","53","numericResponse","pointArc","0.56","11525","11525","","","","","pointArc","","","","70"
"662c299e6db88649ff13ccae","pointArc_task_23","53","windowEvents","pointArc","{""focus"":2,""input"":0,""keydown"":0,""keyup"":0,""mousemove"":87,""mousedown"":3,""mouseup"":3,""resize"":0,""scroll"":0,""visibility"":0}","","","","","","","","","","",""
"662c299e6db88649ff13ccae","pointArc_task_2","54","pixelResponse","pointArc","92","13943","13943","","","","","pointArc","","","","9"
"662c299e6db88649ff13ccae","pointArc_task_2","54","numericResponse","pointArc","0.54","13943","13943","","","","","pointArc","","","","9"
"662c299e6db88649ff13ccae","pointArc_task_2","54","windowEvents","pointArc","{""focus"":2,""input"":0,""keydown"":0,""keyup"":0,""mousemove"":80,""mousedown"":3,""mouseup"":3,""resize"":0,""scroll"":0,""visibility"":0}","","","","","","","","","","",""
"662c299e6db88649ff13ccae","pointArc_task_20","55","pixelResponse","pointArc","126","9417","9417","","","","","pointArc","","","","59"
"662c299e6db88649ff13ccae","pointArc_task_20","55","numericResponse","pointArc","0.37","9417","9417","","","","","pointArc","","","","59"
"662c299e6db88649ff13ccae","pointArc_task_20","55","windowEvents","pointArc","{""focus"":2,""input"":0,""keydown"":0,""keyup"":0,""mousemove"":44,""mousedown"":2,""mouseup"":2,""resize"":0,""scroll"":0,""visibility"":0}","","","","","","","","","","",""
"662c299e6db88649ff13ccae","pointArc_task_39","56","pixelResponse","pointArc","126","8296","8296","","","","","pointArc","","","","118"
"662c299e6db88649ff13ccae","pointArc_task_39","56","numericResponse","pointArc","0.37","8296","8296","","","","","pointArc","","","","118"
"662c299e6db88649ff13ccae","pointArc_task_39","56","windowEvents","pointArc","{""focus"":2,""input"":0,""keydown"":0,""keyup"":0,""mousemove"":43,""mousedown"":2,""mouseup"":2,""resize"":0,""scroll"":0,""visibility"":0}","","","","","","","","","","",""
"662c299e6db88649ff13ccae","pointArc_task_47","57","pixelResponse","pointArc","124","8991","8991","","","","","pointArc","","","","142"
"662c299e6db88649ff13ccae","pointArc_task_47","57","numericResponse","pointArc","0.38","8991","8991","","","","","pointArc","","","","142"
"662c299e6db88649ff13ccae","pointArc_task_47","57","windowEvents","pointArc","{""focus"":2,""input"":0,""keydown"":0,""keyup"":0,""mousemove"":65,""mousedown"":3,""mouseup"":3,""resize"":0,""scroll"":0,""visibility"":0}","","","","","","","","","","",""
"662c299e6db88649ff13ccae","pointArc_task_3","58","pixelResponse","pointArc","78","8407","8407","","","","","pointArc","","","","10"
"662c299e6db88649ff13ccae","pointArc_task_3","58","numericResponse","pointArc","0.61","8407","8407","","","","","pointArc","","","","10"
"662c299e6db88649ff13ccae","pointArc_task_3","58","windowEvents","pointArc","{""focus"":2,""input"":0,""keydown"":0,""keyup"":0,""mousemove"":50,""mousedown"":2,""mouseup"":2,""resize"":0,""scroll"":0,""visibility"":0}","","","","","","","","","","",""
"662c299e6db88649ff13ccae","pointArc_task_28","59","pixelResponse","pointArc","72","11112","11112","","","","","pointArc","","","","83"
"662c299e6db88649ff13ccae","pointArc_task_28","59","numericResponse","pointArc","0.64","11112","11112","","","","","pointArc","","","","83"
"662c299e6db88649ff13ccae","pointArc_task_28","59","windowEvents","pointArc","{""focus"":2,""input"":0,""keydown"":0,""keyup"":0,""mousemove"":64,""mousedown"":2,""mouseup"":2,""resize"":0,""scroll"":0,""visibility"":0}","","","","","","","","","","",""
"662c299e6db88649ff13ccae","pointArc_task_10","60","pixelResponse","pointArc","87.99999999999999","8472","8472","","","","","pointArc","","","","33"
"662c299e6db88649ff13ccae","pointArc_task_10","60","numericResponse","pointArc","0.56","8472","8472","","","","","pointArc","","","","33"
"662c299e6db88649ff13ccae","pointArc_task_10","60","windowEvents","pointArc","{""focus"":2,""input"":0,""keydown"":0,""keyup"":0,""mousemove"":54,""mousedown"":2,""mouseup"":2,""resize"":0,""scroll"":0,""visibility"":0}","","","","","","","","","","",""
"662c299e6db88649ff13ccae","pointArc_task_12","61","pixelResponse","pointArc","74","10851","10851","","","","","pointArc","","","","35"
"662c299e6db88649ff13ccae","pointArc_task_12","61","numericResponse","pointArc","0.63","10851","10851","","","","","pointArc","","","","35"
"662c299e6db88649ff13ccae","pointArc_task_12","61","windowEvents","pointArc","{""focus"":2,""input"":0,""keydown"":0,""keyup"":0,""mousemove"":65,""mousedown"":3,""mouseup"":3,""resize"":0,""scroll"":0,""visibility"":0}","","","","","","","","","","",""
"662c299e6db88649ff13ccae","pointArc_task_25","62","pixelResponse","pointArc","144","8915","8915","","","","","pointArc","","","","80"
"662c299e6db88649ff13ccae","pointArc_task_25","62","numericResponse","pointArc","0.28","8915","8915","","","","","pointArc","","","","80"
"662c299e6db88649ff13ccae","pointArc_task_25","62","windowEvents","pointArc","{""focus"":1,""input"":0,""keydown"":0,""keyup"":0,""mousemove"":59,""mousedown"":1,""mouseup"":2,""resize"":0,""scroll"":0,""visibility"":0}","","","","","","","","","","",""
"662c299e6db88649ff13ccae","pointArc_task_42","63","pixelResponse","pointArc","92","8431","8431","","","","","pointArc","","","","129"
"662c299e6db88649ff13ccae","pointArc_task_42","63","numericResponse","pointArc","0.54","8431","8431","","","","","pointArc","","","","129"
"662c299e6db88649ff13ccae","pointArc_task_42","63","windowEvents","pointArc","{""focus"":2,""input"":0,""keydown"":0,""keyup"":0,""mousemove"":53,""mousedown"":2,""mouseup"":2,""resize"":0,""scroll"":0,""visibility"":0}","","","","","","","","","","",""
"662c299e6db88649ff13ccae","pointArc_task_29","64","pixelResponse","pointArc","124","9196","9196","","","","","pointArc","","","","92"
"662c299e6db88649ff13ccae","pointArc_task_29","64","numericResponse","pointArc","0.38","9196","9196","","","","","pointArc","","","","92"
"662c299e6db88649ff13ccae","pointArc_task_29","64","windowEvents","pointArc","{""focus"":2,""input"":0,""keydown"":0,""keyup"":0,""mousemove"":53,""mousedown"":3,""mouseup"":3,""resize"":0,""scroll"":0,""visibility"":0}","","","","","","","","","","",""
"662c299e6db88649ff13ccae","pointArc_task_26","65","pixelResponse","pointArc","67.99999999999999","6632","6632","","","","","pointArc","","","","81"
"662c299e6db88649ff13ccae","pointArc_task_26","65","numericResponse","pointArc","0.66","6632","6632","","","","","pointArc","","","","81"
"662c299e6db88649ff13ccae","pointArc_task_26","65","windowEvents","pointArc","{""focus"":3,""input"":0,""keydown"":0,""keyup"":0,""mousemove"":37,""mousedown"":3,""mouseup"":2,""resize"":0,""scroll"":0,""visibility"":0}","","","","","","","","","","",""
"662c299e6db88649ff13ccae","pointArc_task_34","66","pixelResponse","pointArc","64","9033","9033","","","","","pointArc","","","","105"
"662c299e6db88649ff13ccae","pointArc_task_34","66","numericResponse","pointArc","0.68","9033","9033","","","","","pointArc","","","","105"
"662c299e6db88649ff13ccae","pointArc_task_34","66","windowEvents","pointArc","{""focus"":1,""input"":0,""keydown"":0,""keyup"":0,""mousemove"":49,""mousedown"":1,""mouseup"":2,""resize"":0,""scroll"":0,""visibility"":0}","","","","","","","","","","",""
"662c299e6db88649ff13ccae","pointArc_task_48","67","pixelResponse","pointArc","70","8022","8022","","","","","pointArc","","","","143"
"662c299e6db88649ff13ccae","pointArc_task_48","67","numericResponse","pointArc","0.65","8022","8022","","","","","pointArc","","","","143"
"662c299e6db88649ff13ccae","pointArc_task_48","67","windowEvents","pointArc","{""focus"":3,""input"":0,""keydown"":0,""keyup"":0,""mousemove"":54,""mousedown"":3,""mouseup"":2,""resize"":0,""scroll"":0,""visibility"":0}","","","","","","","","","","",""
"662c299e6db88649ff13ccae","pointArc_task_7","68","pixelResponse","pointArc","84.00000000000001","8858","8858","","","","","pointArc","","","","22"
"662c299e6db88649ff13ccae","pointArc_task_7","68","numericResponse","pointArc","0.58","8858","8858","","","","","pointArc","","","","22"
"662c299e6db88649ff13ccae","pointArc_task_7","68","windowEvents","pointArc","{""focus"":2,""input"":0,""keydown"":0,""keyup"":0,""mousemove"":57,""mousedown"":2,""mouseup"":2,""resize"":0,""scroll"":0,""visibility"":0}","","","","","","","","","","",""
"662c299e6db88649ff13ccae","pointArc_task_37","69","pixelResponse","pointArc","116.00000000000001","7080","7080","","","","","pointArc","","","","116"
"662c299e6db88649ff13ccae","pointArc_task_37","69","numericResponse","pointArc","0.42","7080","7080","","","","","pointArc","","","","116"
"662c299e6db88649ff13ccae","pointArc_task_37","69","windowEvents","pointArc","{""focus"":1,""input"":0,""keydown"":0,""keyup"":0,""mousemove"":42,""mousedown"":1,""mouseup"":2,""resize"":0,""scroll"":0,""visibility"":0}","","","","","","","","","","",""
"662c299e6db88649ff13ccae","pointArc_task_11","70","pixelResponse","pointArc","100","8627","8627","","","","","pointArc","","","","34"
"662c299e6db88649ff13ccae","pointArc_task_11","70","numericResponse","pointArc","0.5","8627","8627","","","","","pointArc","","","","34"
"662c299e6db88649ff13ccae","pointArc_task_11","70","windowEvents","pointArc","{""focus"":3,""input"":0,""keydown"":0,""keyup"":0,""mousemove"":51,""mousedown"":3,""mouseup"":2,""resize"":0,""scroll"":0,""visibility"":0}","","","","","","","","","","",""
"662c299e6db88649ff13ccae","pointArc_task_45","71","pixelResponse","pointArc","141.99999999999997","8469","8469","","","","","pointArc","","","","140"
"662c299e6db88649ff13ccae","pointArc_task_45","71","numericResponse","pointArc","0.29","8469","8469","","","","","pointArc","","","","140"
"662c299e6db88649ff13ccae","pointArc_task_45","71","windowEvents","pointArc","{""focus"":2,""input"":0,""keydown"":0,""keyup"":0,""mousemove"":63,""mousedown"":2,""mouseup"":2,""resize"":0,""scroll"":0,""visibility"":0}","","","","","","","","","","",""
"662c299e6db88649ff13ccae","post_study","72","gender","pointArc","Female","16174","16174","","","","","","","","",""
"662c299e6db88649ff13ccae","post_study","72","gender-other","pointArc","","16174","16174","","","","","","","","",""
"662c299e6db88649ff13ccae","post_study","72","age","pointArc","57","16174","16174","","","","","","","","",""
"662c299e6db88649ff13ccae","post_study","72","feedback","pointArc","No","16174","16174","","","","","","","","",""
"662c299e6db88649ff13ccae","post_study","72","feedback-text","pointArc","","16174","16174","","","","","","","","",""
"662c299e6db88649ff13ccae","post_study","72","strategy","pointArc","","16174","16174","","","","","","","","",""
"662c299e6db88649ff13ccae","post_study","72","windowEvents","pointArc","{""focus"":4,""input"":4,""keydown"":2,""keyup"":2,""mousemove"":69,""mousedown"":5,""mouseup"":5,""resize"":0,""scroll"":2,""visibility"":0}","","","","","","","","","","",""
"66a926551ab3748f5d5348aa","participantTags","","participantTags","default","[""virtual-chinrest""]","","","","","","","","","","",""
"66a926551ab3748f5d5348aa","introduction","0","prolificId","default","66a926551ab3748f5d5348aa","5888","5888","","","","","","","","",""
"66a926551ab3748f5d5348aa","introduction","0","windowEvents","default","{""focus"":1,""input"":0,""keydown"":0,""keyup"":0,""mousemove"":12,""mousedown"":1,""mouseup"":0,""resize"":0,""scroll"":0,""visibility"":0}","","","","","","","","","","",""
"66a926551ab3748f5d5348aa","consent","1","consentApproval","default","Accept","354863","354863","","","","","","","","",""
"66a926551ab3748f5d5348aa","consent","1","windowEvents","default","{""focus"":2,""input"":1,""keydown"":0,""keyup"":0,""mousemove"":28,""mousedown"":3,""mouseup"":3,""resize"":0,""scroll"":123,""visibility"":0}","","","","","","","","","","",""
"66a926551ab3748f5d5348aa","chinrest_intro","2","","default","","60648","60648","","","","","","","","",""
"66a926551ab3748f5d5348aa","chinrest_intro","2","windowEvents","default","{""focus"":1,""input"":0,""keydown"":0,""keyup"":0,""mousemove"":41,""mousedown"":1,""mouseup"":1,""resize"":1,""scroll"":1,""visibility"":0}","","","","","","","","","","",""
"66a926551ab3748f5d5348aa","$virtual-chinrest.components.card-size","3","pixelsPerMM","default","4.19392523364486","113552","113552","pixelsPerMM","85.6","53.98","","","","","",""
"66a926551ab3748f5d5348aa","$virtual-chinrest.components.card-size","3","windowEvents","default","{""focus"":3,""input"":0,""keydown"":0,""keyup"":0,""mousemove"":135,""mousedown"":4,""mouseup"":4,""resize"":0,""scroll"":0,""visibility"":0}","","","","","","","","","","",""
"66a926551ab3748f5d5348aa","$virtual-chinrest.components.blindspot-distance","4","dist-calibration-MM","default","821.1567107308099","178184","178184","","","","13.5","","","","",""
"66a926551ab3748f5d5348aa","$virtual-chinrest.components.blindspot-distance","4","dist-calibration-CM","default","82.11567107308099","178184","178184","","","","13.5","","","","",""
"66a926551ab3748f5d5348aa","$virtual-chinrest.components.blindspot-distance","4","ball-positions","default","[198,230,302,230,206]","178184","178184","","","","13.5","","","","",""
"66a926551ab3748f5d5348aa","$virtual-chinrest.components.blindspot-distance","4","square-position","default","1060","178184","178184","","","","13.5","","","","",""
"66a926551ab3748f5d5348aa","$virtual-chinrest.components.blindspot-distance","4","windowEvents","default","{""focus"":3,""input"":0,""keydown"":16,""keyup"":16,""mousemove"":114,""mousedown"":5,""mouseup"":5,""resize"":0,""scroll"":0,""visibility"":0}","","","","","","","","","","",""
"66a926551ab3748f5d5348aa","study_overview","5","","default","","144432","144432","","","","","","","","",""
"66a926551ab3748f5d5348aa","study_overview","5","windowEvents","default","{""focus"":1,""input"":0,""keydown"":0,""keyup"":0,""mousemove"":254,""mousedown"":1,""mouseup"":1,""resize"":0,""scroll"":0,""visibility"":0}","","","","","","","","","","",""
"66a926551ab3748f5d5348aa","task1_intro","6","","default","","52024","52024","","","","","","","","",""
"66a926551ab3748f5d5348aa","task1_intro","6","windowEvents","default","{""focus"":2,""input"":0,""keydown"":0,""keyup"":0,""mousemove"":37,""mousedown"":1,""mouseup"":1,""resize"":0,""scroll"":0,""visibility"":0}","","","","","","","","","","",""
"66a926551ab3748f5d5348aa","block5_train_1","7","location-x","default","0.25","131284","131284","","","","","Block5","true","0.25","4.5",""
"66a926551ab3748f5d5348aa","block5_train_1","7","location-y","default","4.5","131284","131284","","","","","Block5","true","0.25","4.5",""
"66a926551ab3748f5d5348aa","block5_train_1","7","slider-x","default","0.23","131284","131284","","","","","Block5","true","0.25","4.5",""
"66a926551ab3748f5d5348aa","block5_train_1","7","slider-y","default","4.48","131284","131284","","","","","Block5","true","0.25","4.5",""
"66a926551ab3748f5d5348aa","block5_train_1","7","px-slider-x","default","329.805","131284","131284","","","","","Block5","true","0.25","4.5",""
"66a926551ab3748f5d5348aa","block5_train_1","7","px-slider-y","default","233.03999999999996","131284","131284","","","","","Block5","true","0.25","4.5",""
"66a926551ab3748f5d5348aa","block5_train_1","7","px-location-x","default","330.875","131284","131284","","","","","Block5","true","0.25","4.5",""
"66a926551ab3748f5d5348aa","block5_train_1","7","px-location-y","default","232.25000000000003","131284","131284","","","","","Block5","true","0.25","4.5",""
"66a926551ab3748f5d5348aa","block5_train_1","7","windowEvents","default","{""focus"":6,""input"":0,""keydown"":0,""keyup"":0,""mousemove"":260,""mousedown"":9,""mouseup"":8,""resize"":0,""scroll"":35,""visibility"":0}","","","","","","","","","","",""
"66a926551ab3748f5d5348aa","block5_train_2","8","location-x","default","-1.5","71116","71116","","","","","Block5","true","-1.5","7.2",""
"66a926551ab3748f5d5348aa","block5_train_2","8","location-y","default","7.2","71116","71116","","","","","Block5","true","-1.5","7.2",""
"66a926551ab3748f5d5348aa","block5_train_2","8","slider-x","default","-1.5","71116","71116","","","","","Block5","true","-1.5","7.2",""
"66a926551ab3748f5d5348aa","block5_train_2","8","slider-y","default","7.24","71116","71116","","","","","Block5","true","-1.5","7.2",""
"66a926551ab3748f5d5348aa","block5_train_2","8","px-slider-x","default","237.25","71116","71116","","","","","Block5","true","-1.5","7.2",""
"66a926551ab3748f5d5348aa","block5_train_2","8","px-slider-y","default","124.02000000000001","71116","71116","","","","","Block5","true","-1.5","7.2",""
"66a926551ab3748f5d5348aa","block5_train_2","8","px-location-x","default","237.25","71116","71116","","","","","Block5","true","-1.5","7.2",""
"66a926551ab3748f5d5348aa","block5_train_2","8","px-location-y","default","125.60000000000001","71116","71116","","","","","Block5","true","-1.5","7.2",""
"66a926551ab3748f5d5348aa","block5_train_2","8","windowEvents","default","{""focus"":4,""input"":0,""keydown"":0,""keyup"":0,""mousemove"":104,""mousedown"":4,""mouseup"":4,""resize"":0,""scroll"":43,""visibility"":0}","","","","","","","","","","",""
"66a926551ab3748f5d5348aa","task1_test_intro","9","","default","","21857","21857","","","","","","","","",""
"66a926551ab3748f5d5348aa","task1_test_intro","9","windowEvents","default","{""focus"":1,""input"":0,""keydown"":0,""keyup"":0,""mousemove"":17,""mousedown"":1,""mouseup"":1,""resize"":0,""scroll"":1,""visibility"":0}","","","","","","","","","","",""
"66a926551ab3748f5d5348aa","block5_test_7","10","location-x","default","-0.28","48355","48355","","","","","Block5","false","","",""
"66a926551ab3748f5d5348aa","block5_test_7","10","location-y","default","1.14","48355","48355","","","","","Block5","false","","",""
"66a926551ab3748f5d5348aa","block5_test_7","10","slider-x","default","-0.31","48355","48355","","","","","Block5","false","","",""
"66a926551ab3748f5d5348aa","block5_test_7","10","slider-y","default","1.55","48355","48355","","","","","Block5","false","","",""
"66a926551ab3748f5d5348aa","block5_test_7","10","px-slider-x","default","300.915","48355","48355","","","","","Block5","false","","",""
"66a926551ab3748f5d5348aa","block5_test_7","10","px-slider-y","default","348.775","48355","48355","","","","","Block5","false","","",""
"66a926551ab3748f5d5348aa","block5_test_7","10","px-location-x","default","302.52","48355","48355","","","","","Block5","false","","",""
"66a926551ab3748f5d5348aa","block5_test_7","10","px-location-y","default","364.96999999999997","48355","48355","","","","","Block5","false","","",""
"66a926551ab3748f5d5348aa","block5_test_7","10","windowEvents","default","{""focus"":3,""input"":0,""keydown"":0,""keyup"":0,""mousemove"":80,""mousedown"":3,""mouseup"":3,""resize"":0,""scroll"":9,""visibility"":0}","","","","","","","","","","",""
"66a926551ab3748f5d5348aa","block5_test_9","11","location-x","default","-4.33","37781","37781","","","","","Block5","false","","",""
"66a926551ab3748f5d5348aa","block5_test_9","11","location-y","default","9.69","37781","37781","","","","","Block5","false","","",""
"66a926551ab3748f5d5348aa","block5_test_9","11","slider-x","default","-4.12","37781","37781","","","","","Block5","false","","",""
"66a926551ab3748f5d5348aa","block5_test_9","11","slider-y","default","9.65","37781","37781","","","","","Block5","false","","",""
"66a926551ab3748f5d5348aa","block5_test_9","11","px-slider-x","default","97.08","37781","37781","","","","","Block5","false","","",""
"66a926551ab3748f5d5348aa","block5_test_9","11","px-slider-y","default","28.824999999999967","37781","37781","","","","","Block5","false","","",""
"66a926551ab3748f5d5348aa","block5_test_9","11","px-location-x","default","85.845","37781","37781","","","","","Block5","false","","",""
"66a926551ab3748f5d5348aa","block5_test_9","11","px-location-y","default","27.24500000000001","37781","37781","","","","","Block5","false","","",""
"66a926551ab3748f5d5348aa","block5_test_9","11","windowEvents","default","{""focus"":3,""input"":0,""keydown"":0,""keyup"":0,""mousemove"":93,""mousedown"":3,""mouseup"":3,""resize"":0,""scroll"":0,""visibility"":0}","","","","","","","","","","",""
"66a926551ab3748f5d5348aa","block5_test_2","12","location-x","default","3.8","43591","43591","","","","","Block5","false","","",""
"66a926551ab3748f5d5348aa","block5_test_2","12","location-y","default","3.07","43591","43591","","","","","Block5","false","","",""
"66a926551ab3748f5d5348aa","block5_test_2","12","slider-x","default","3.78","43591","43591","","","","","Block5","false","","",""
"66a926551ab3748f5d5348aa","block5_test_2","12","slider-y","default","3.31","43591","43591","","","","","Block5","false","","",""
"66a926551ab3748f5d5348aa","block5_test_2","12","px-slider-x","default","519.7299999999999","43591","43591","","","","","Block5","false","","",""
"66a926551ab3748f5d5348aa","block5_test_2","12","px-slider-y","default","279.255","43591","43591","","","","","Block5","false","","",""
"66a926551ab3748f5d5348aa","block5_test_2","12","px-location-x","default","520.8000000000001","43591","43591","","","","","Block5","false","","",""
"66a926551ab3748f5d5348aa","block5_test_2","12","px-location-y","default","288.73500000000007","43591","43591","","","","","Block5","false","","",""
"66a926551ab3748f5d5348aa","block5_test_2","12","windowEvents","default","{""focus"":3,""input"":0,""keydown"":0,""keyup"":0,""mousemove"":124,""mousedown"":3,""mouseup"":3,""resize"":0,""scroll"":0,""visibility"":0}","","","","","","","","","","",""
"66a926551ab3748f5d5348aa","block5_test_6","13","location-x","default","-2.21","31675","31675","","","","","Block5","false","","",""
"66a926551ab3748f5d5348aa","block5_test_6","13","location-y","default","2.58","31675","31675","","","","","Block5","false","","",""
"66a926551ab3748f5d5348aa","block5_test_6","13","slider-x","default","-2.31","31675","31675","","","","","Block5","false","","",""
"66a926551ab3748f5d5348aa","block5_test_6","13","slider-y","default","2.61","31675","31675","","","","","Block5","false","","",""
"66a926551ab3748f5d5348aa","block5_test_6","13","px-slider-x","default","193.91500000000002","31675","31675","","","","","Block5","false","","",""
"66a926551ab3748f5d5348aa","block5_test_6","13","px-slider-y","default","306.90500000000003","31675","31675","","","","","Block5","false","","",""
"66a926551ab3748f5d5348aa","block5_test_6","13","px-location-x","default","199.265","31675","31675","","","","","Block5","false","","",""
"66a926551ab3748f5d5348aa","block5_test_6","13","px-location-y","default","308.09","31675","31675","","","","","Block5","false","","",""
"66a926551ab3748f5d5348aa","block5_test_6","13","windowEvents","default","{""focus"":3,""input"":0,""keydown"":0,""keyup"":0,""mousemove"":81,""mousedown"":3,""mouseup"":3,""resize"":0,""scroll"":0,""visibility"":0}","","","","","","","","","","",""
"66a926551ab3748f5d5348aa","block5_test_1","14","location-x","default","-2.04","43555","43555","","","","","Block5","false","","",""
"66a926551ab3748f5d5348aa","block5_test_1","14","location-y","default","6.55","43555","43555","","","","","Block5","false","","",""
"66a926551ab3748f5d5348aa","block5_test_1","14","slider-x","default","-2.19","43555","43555","","","","","Block5","false","","",""
"66a926551ab3748f5d5348aa","block5_test_1","14","slider-y","default","6.58","43555","43555","","","","","Block5","false","","",""
"66a926551ab3748f5d5348aa","block5_test_1","14","px-slider-x","default","200.335","43555","43555","","","","","Block5","false","","",""
"66a926551ab3748f5d5348aa","block5_test_1","14","px-slider-y","default","150.09","43555","43555","","","","","Block5","false","","",""
"66a926551ab3748f5d5348aa","block5_test_1","14","px-location-x","default","208.35999999999999","43555","43555","","","","","Block5","false","","",""
"66a926551ab3748f5d5348aa","block5_test_1","14","px-location-y","default","151.27499999999998","43555","43555","","","","","Block5","false","","",""
"66a926551ab3748f5d5348aa","block5_test_1","14","windowEvents","default","{""focus"":3,""input"":0,""keydown"":0,""keyup"":0,""mousemove"":115,""mousedown"":3,""mouseup"":3,""resize"":0,""scroll"":0,""visibility"":0}","","","","","","","","","","",""
"66a926551ab3748f5d5348aa","block5_test_4","15","location-x","default","0.36","45159","45159","","","","","Block5","false","","",""
"66a926551ab3748f5d5348aa","block5_test_4","15","location-y","default","0.55","45159","45159","","","","","Block5","false","","",""
"66a926551ab3748f5d5348aa","block5_test_4","15","slider-x","default","0.35","45159","45159","","","","","Block5","false","","",""
"66a926551ab3748f5d5348aa","block5_test_4","15","slider-y","default","0.75","45159","45159","","","","","Block5","false","","",""
"66a926551ab3748f5d5348aa","block5_test_4","15","px-slider-x","default","336.22499999999997","45159","45159","","","","","Block5","false","","",""
"66a926551ab3748f5d5348aa","block5_test_4","15","px-slider-y","default","380.375","45159","45159","","","","","Block5","false","","",""
"66a926551ab3748f5d5348aa","block5_test_4","15","px-location-x","default","336.76","45159","45159","","","","","Block5","false","","",""
"66a926551ab3748f5d5348aa","block5_test_4","15","px-location-y","default","388.275","45159","45159","","","","","Block5","false","","",""
"66a926551ab3748f5d5348aa","block5_test_4","15","windowEvents","default","{""focus"":3,""input"":0,""keydown"":1,""keyup"":1,""mousemove"":105,""mousedown"":4,""mouseup"":4,""resize"":0,""scroll"":0,""visibility"":0}","","","","","","","","","","",""
"66a926551ab3748f5d5348aa","block5_test_3","16","location-x","default","-0.14","66967","66967","","","","","Block5","false","","",""
"66a926551ab3748f5d5348aa","block5_test_3","16","location-y","default","9.59","66967","66967","","","","","Block5","false","","",""
"66a926551ab3748f5d5348aa","block5_test_3","16","slider-x","default","-0.32","66967","66967","","","","","Block5","false","","",""
"66a926551ab3748f5d5348aa","block5_test_3","16","slider-y","default","9.65","66967","66967","","","","","Block5","false","","",""
"66a926551ab3748f5d5348aa","block5_test_3","16","px-slider-x","default","300.38","66967","66967","","","","","Block5","false","","",""
"66a926551ab3748f5d5348aa","block5_test_3","16","px-slider-y","default","28.824999999999967","66967","66967","","","","","Block5","false","","",""
"66a926551ab3748f5d5348aa","block5_test_3","16","px-location-x","default","310.01","66967","66967","","","","","Block5","false","","",""
"66a926551ab3748f5d5348aa","block5_test_3","16","px-location-y","default","31.195000000000014","66967","66967","","","","","Block5","false","","",""
"66a926551ab3748f5d5348aa","block5_test_3","16","windowEvents","default","{""focus"":3,""input"":0,""keydown"":0,""keyup"":0,""mousemove"":105,""mousedown"":4,""mouseup"":4,""resize"":0,""scroll"":0,""visibility"":0}","","","","","","","","","","",""
"66a926551ab3748f5d5348aa","block5_test_8","17","location-x","default","1.6","93255","93255","","","","","Block5","false","","",""
"66a926551ab3748f5d5348aa","block5_test_8","17","location-y","default","7.37","93255","93255","","","","","Block5","false","","",""
"66a926551ab3748f5d5348aa","block5_test_8","17","slider-x","default","1.51","93255","93255","","","","","Block5","false","","",""
"66a926551ab3748f5d5348aa","block5_test_8","17","slider-y","default","7.39","93255","93255","","","","","Block5","false","","",""
"66a926551ab3748f5d5348aa","block5_test_8","17","px-slider-x","default","398.285","93255","93255","","","","","Block5","false","","",""
"66a926551ab3748f5d5348aa","block5_test_8","17","px-slider-y","default","118.095","93255","93255","","","","","Block5","false","","",""
"66a926551ab3748f5d5348aa","block5_test_8","17","px-location-x","default","403.09999999999997","93255","93255","","","","","Block5","false","","",""
"66a926551ab3748f5d5348aa","block5_test_8","17","px-location-y","default","118.88499999999999","93255","93255","","","","","Block5","false","","",""
"66a926551ab3748f5d5348aa","block5_test_8","17","windowEvents","default","{""focus"":3,""input"":0,""keydown"":0,""keyup"":0,""mousemove"":123,""mousedown"":3,""mouseup"":3,""resize"":0,""scroll"":0,""visibility"":0}","","","","","","","","","","",""
"66a926551ab3748f5d5348aa","block5_test_10","18","location-x","default","-4.47","46569","46569","","","","","Block5","false","","",""
"66a926551ab3748f5d5348aa","block5_test_10","18","location-y","default","5.44","46569","46569","","","","","Block5","false","","",""
"66a926551ab3748f5d5348aa","block5_test_10","18","slider-x","default","-4.56","46569","46569","","","","","Block5","false","","",""
"66a926551ab3748f5d5348aa","block5_test_10","18","slider-y","default","5.43","46569","46569","","","","","Block5","false","","",""
"66a926551ab3748f5d5348aa","block5_test_10","18","px-slider-x","default","73.54000000000002","46569","46569","","","","","Block5","false","","",""
"66a926551ab3748f5d5348aa","block5_test_10","18","px-slider-y","default","195.51500000000004","46569","46569","","","","","Block5","false","","",""
"66a926551ab3748f5d5348aa","block5_test_10","18","px-location-x","default","78.35500000000002","46569","46569","","","","","Block5","false","","",""
"66a926551ab3748f5d5348aa","block5_test_10","18","px-location-y","default","195.11999999999998","46569","46569","","","","","Block5","false","","",""
"66a926551ab3748f5d5348aa","block5_test_10","18","windowEvents","default","{""focus"":3,""input"":0,""keydown"":0,""keyup"":0,""mousemove"":70,""mousedown"":4,""mouseup"":4,""resize"":0,""scroll"":0,""visibility"":0}","","","","","","","","","","",""
"66a926551ab3748f5d5348aa","block5_test_5","19","location-x","default","3.4","38395","38395","","","","","Block5","false","","",""
"66a926551ab3748f5d5348aa","block5_test_5","19","location-y","default","0.84","38395","38395","","","","","Block5","false","","",""
"66a926551ab3748f5d5348aa","block5_test_5","19","slider-x","default","3.39","38395","38395","","","","","Block5","false","","",""
"66a926551ab3748f5d5348aa","block5_test_5","19","slider-y","default","0.96","38395","38395","","","","","Block5","false","","",""
"66a926551ab3748f5d5348aa","block5_test_5","19","px-slider-x","default","498.86500000000007","38395","38395","","","","","Block5","false","","",""
"66a926551ab3748f5d5348aa","block5_test_5","19","px-slider-y","default","372.08","38395","38395","","","","","Block5","false","","",""
"66a926551ab3748f5d5348aa","block5_test_5","19","px-location-x","default","499.40000000000003","38395","38395","","","","","Block5","false","","",""
"66a926551ab3748f5d5348aa","block5_test_5","19","px-location-y","default","376.82","38395","38395","","","","","Block5","false","","",""
"66a926551ab3748f5d5348aa","block5_test_5","19","windowEvents","default","{""focus"":3,""input"":0,""keydown"":0,""keyup"":0,""mousemove"":86,""mousedown"":3,""mouseup"":3,""resize"":0,""scroll"":0,""visibility"":0}","","","","","","","","","","",""
"66a926551ab3748f5d5348aa","task2_intro","20","","default","","295810","295810","","","","","","","","",""
"66a926551ab3748f5d5348aa","task2_intro","20","windowEvents","default","{""focus"":1,""input"":0,""keydown"":0,""keyup"":0,""mousemove"":18,""mousedown"":1,""mouseup"":1,""resize"":0,""scroll"":1,""visibility"":0}","","","","","","","","","","",""
"66a926551ab3748f5d5348aa","moritz_train_point_1","21","pixelResponse","default","114.00000000000001","170086","170086","","","","","pointArc","true","","","8"
"66a926551ab3748f5d5348aa","moritz_train_point_1","21","numericResponse","default","0.43","170086","170086","","","","","pointArc","true","","","8"
"66a926551ab3748f5d5348aa","moritz_train_point_1","21","windowEvents","default","{""focus"":4,""input"":0,""keydown"":0,""keyup"":0,""mousemove"":233,""mousedown"":6,""mouseup"":6,""resize"":0,""scroll"":2,""visibility"":0}","","","","","","","","","","",""
"66a926551ab3748f5d5348aa","moritz_train_point_2","22","pixelResponse","default","87.99999999999999","72900","72900","","","","","pointArc","true","","","9"
"66a926551ab3748f5d5348aa","moritz_train_point_2","22","numericResponse","default","0.56","72900","72900","","","","","pointArc","true","","","9"
"66a926551ab3748f5d5348aa","moritz_train_point_2","22","windowEvents","default","{""focus"":3,""input"":0,""keydown"":0,""keyup"":0,""mousemove"":123,""mousedown"":4,""mouseup"":4,""resize"":0,""scroll"":5,""visibility"":0}","","","","","","","","","","",""
"66a926551ab3748f5d5348aa","task2_test_intro","23","","default","","19692","19692","","","","","","","","",""
"66a926551ab3748f5d5348aa","task2_test_intro","23","windowEvents","default","{""focus"":0,""input"":0,""keydown"":0,""keyup"":0,""mousemove"":23,""mousedown"":0,""mouseup"":1,""resize"":0,""scroll"":1,""visibility"":0}","","","","","","","","","","",""
"66a926551ab3748f5d5348aa","point_task_2","24","pixelResponse","default","80","33270","33270","","","","","point","","","","5"
"66a926551ab3748f5d5348aa","point_task_2","24","numericResponse","default","0.6","33270","33270","","","","","point","","","","5"
"66a926551ab3748f5d5348aa","point_task_2","24","windowEvents","default","{""focus"":3,""input"":0,""keydown"":0,""keyup"":0,""mousemove"":75,""mousedown"":4,""mouseup"":3,""resize"":0,""scroll"":0,""visibility"":0}","","","","","","","","","","",""
"66a926551ab3748f5d5348aa","point_task_20","25","pixelResponse","default","135.99999999999997","24546","24546","","","","","point","","","","55"
"66a926551ab3748f5d5348aa","point_task_20","25","numericResponse","default","0.32","24546","24546","","","","","point","","","","55"
"66a926551ab3748f5d5348aa","point_task_20","25","windowEvents","default","{""focus"":2,""input"":0,""keydown"":0,""keyup"":0,""mousemove"":65,""mousedown"":2,""mouseup"":2,""resize"":0,""scroll"":0,""visibility"":0}","","","","","","","","","","",""
"66a926551ab3748f5d5348aa","point_task_37","26","pixelResponse","default","124","13363","13363","","","","","point","","","","112"
"66a926551ab3748f5d5348aa","point_task_37","26","numericResponse","default","0.38","13363","13363","","","","","point","","","","112"
"66a926551ab3748f5d5348aa","point_task_37","26","windowEvents","default","{""focus"":2,""input"":0,""keydown"":0,""keyup"":0,""mousemove"":37,""mousedown"":2,""mouseup"":2,""resize"":0,""scroll"":0,""visibility"":0}","","","","","","","","","","",""
"66a926551ab3748f5d5348aa","point_task_42","27","pixelResponse","default","108","10145","10145","","","","","point","","","","125"
"66a926551ab3748f5d5348aa","point_task_42","27","numericResponse","default","0.46","10145","10145","","","","","point","","","","125"
"66a926551ab3748f5d5348aa","point_task_42","27","windowEvents","default","{""focus"":2,""input"":0,""keydown"":0,""keyup"":0,""mousemove"":31,""mousedown"":2,""mouseup"":2,""resize"":0,""scroll"":0,""visibility"":0}","","","","","","","","","","",""
"66a926551ab3748f5d5348aa","point_task_48","28","pixelResponse","default","64","15923","15923","","","","","point","","","","139"
"66a926551ab3748f5d5348aa","point_task_48","28","numericResponse","default","0.68","15923","15923","","","","","point","","","","139"
"66a926551ab3748f5d5348aa","point_task_48","28","windowEvents","default","{""focus"":2,""input"":0,""keydown"":0,""keyup"":0,""mousemove"":50,""mousedown"":2,""mouseup"":2,""resize"":0,""scroll"":0,""visibility"":0}","","","","","","","","","","",""
"66a926551ab3748f5d5348aa","point_task_27","29","pixelResponse","default","144","21254","21254","","","","","point","","","","78"
"66a926551ab3748f5d5348aa","point_task_27","29","numericResponse","default","0.28","21254","21254","","","","","point","","","","78"
"66a926551ab3748f5d5348aa","point_task_27","29","windowEvents","default","{""focus"":2,""input"":0,""keydown"":0,""keyup"":0,""mousemove"":48,""mousedown"":3,""mouseup"":3,""resize"":0,""scroll"":0,""visibility"":0}","","","","","","","","","","",""
"66a926551ab3748f5d5348aa","point_task_5","30","pixelResponse","default","128","37700","37700","","","","","point","","","","16"
"66a926551ab3748f5d5348aa","point_task_5","30","numericResponse","default","0.36","37700","37700","","","","","point","","","","16"
"66a926551ab3748f5d5348aa","point_task_5","30","windowEvents","default","{""focus"":3,""input"":0,""keydown"":0,""keyup"":0,""mousemove"":83,""mousedown"":8,""mouseup"":8,""resize"":0,""scroll"":0,""visibility"":0}","","","","","","","","","","",""
"66a926551ab3748f5d5348aa","point_task_36","31","pixelResponse","default","116.00000000000001","10979","10979","","","","","point","","","","103"
"66a926551ab3748f5d5348aa","point_task_36","31","numericResponse","default","0.42","10979","10979","","","","","point","","","","103"
"66a926551ab3748f5d5348aa","point_task_36","31","windowEvents","default","{""focus"":2,""input"":0,""keydown"":0,""keyup"":0,""mousemove"":37,""mousedown"":2,""mouseup"":2,""resize"":0,""scroll"":0,""visibility"":0}","","","","","","","","","","",""
"66a926551ab3748f5d5348aa","point_task_23","32","pixelResponse","default","124","16315","16315","","","","","point","","","","66"
"66a926551ab3748f5d5348aa","point_task_23","32","numericResponse","default","0.38","16315","16315","","","","","point","","","","66"
"66a926551ab3748f5d5348aa","point_task_23","32","windowEvents","default","{""focus"":2,""input"":0,""keydown"":0,""keyup"":0,""mousemove"":67,""mousedown"":2,""mouseup"":2,""resize"":0,""scroll"":0,""visibility"":0}","","","","","","","","","","",""
"66a926551ab3748f5d5348aa","point_task_30","33","pixelResponse","default","72","7350","7350","","","","","point","","","","89"
"66a926551ab3748f5d5348aa","point_task_30","33","numericResponse","default","0.64","7350","7350","","","","","point","","","","89"
"66a926551ab3748f5d5348aa","point_task_30","33","windowEvents","default","{""focus"":2,""input"":0,""keydown"":0,""keyup"":0,""mousemove"":32,""mousedown"":4,""mouseup"":4,""resize"":0,""scroll"":0,""visibility"":0}","","","","","","","","","","",""
"66a926551ab3748f5d5348aa","point_task_47","34","pixelResponse","default","150","19403","19403","","","","","point","","","","138"
"66a926551ab3748f5d5348aa","point_task_47","34","numericResponse","default","0.25","19403","19403","","","","","point","","","","138"
"66a926551ab3748f5d5348aa","point_task_47","34","windowEvents","default","{""focus"":2,""input"":0,""keydown"":0,""keyup"":0,""mousemove"":73,""mousedown"":3,""mouseup"":3,""resize"":0,""scroll"":0,""visibility"":0}","","","","","","","","","","",""
"66a926551ab3748f5d5348aa","point_task_11","35","pixelResponse","default","114.00000000000001","17747","17747","","","","","point","","","","30"
"66a926551ab3748f5d5348aa","point_task_11","35","numericResponse","default","0.43","17747","17747","","","","","point","","","","30"
"66a926551ab3748f5d5348aa","point_task_11","35","windowEvents","default","{""focus"":2,""input"":0,""keydown"":0,""keyup"":0,""mousemove"":72,""mousedown"":3,""mouseup"":3,""resize"":0,""scroll"":0,""visibility"":0}","","","","","","","","","","",""
"66a926551ab3748f5d5348aa","point_task_39","36","pixelResponse","default","120","9936","9936","","","","","point","","","","114"
"66a926551ab3748f5d5348aa","point_task_39","36","numericResponse","default","0.4","9936","9936","","","","","point","","","","114"
"66a926551ab3748f5d5348aa","point_task_39","36","windowEvents","default","{""focus"":2,""input"":0,""keydown"":0,""keyup"":0,""mousemove"":49,""mousedown"":2,""mouseup"":2,""resize"":0,""scroll"":0,""visibility"":0}","","","","","","","","","","",""
"66a926551ab3748f5d5348aa","point_task_24","37","pixelResponse","default","100","17149","17149","","","","","point","","","","67"
"66a926551ab3748f5d5348aa","point_task_24","37","numericResponse","default","0.5","17149","17149","","","","","point","","","","67"
"66a926551ab3748f5d5348aa","point_task_24","37","windowEvents","default","{""focus"":2,""input"":0,""keydown"":0,""keyup"":0,""mousemove"":63,""mousedown"":2,""mouseup"":2,""resize"":0,""scroll"":0,""visibility"":0}","","","","","","","","","","",""
"66a926551ab3748f5d5348aa","point_task_35","38","pixelResponse","default","148","14385","14385","","","","","point","","","","102"
"66a926551ab3748f5d5348aa","point_task_35","38","numericResponse","default","0.26","14385","14385","","","","","point","","","","102"
"66a926551ab3748f5d5348aa","point_task_35","38","windowEvents","default","{""focus"":2,""input"":0,""keydown"":0,""keyup"":0,""mousemove"":60,""mousedown"":2,""mouseup"":2,""resize"":0,""scroll"":0,""visibility"":0}","","","","","","","","","","",""
"66a926551ab3748f5d5348aa","point_task_19","39","pixelResponse","default","95.99999999999999","11455","11455","","","","","point","","","","54"
"66a926551ab3748f5d5348aa","point_task_19","39","numericResponse","default","0.52","11455","11455","","","","","point","","","","54"
"66a926551ab3748f5d5348aa","point_task_19","39","windowEvents","default","{""focus"":2,""input"":0,""keydown"":0,""keyup"":0,""mousemove"":52,""mousedown"":2,""mouseup"":2,""resize"":0,""scroll"":0,""visibility"":0}","","","","","","","","","","",""
"66a926551ab3748f5d5348aa","point_task_9","40","pixelResponse","default","102","11262","11262","","","","","point","","","","28"
"66a926551ab3748f5d5348aa","point_task_9","40","numericResponse","default","0.49","11262","11262","","","","","point","","","","28"
"66a926551ab3748f5d5348aa","point_task_9","40","windowEvents","default","{""focus"":2,""input"":0,""keydown"":0,""keyup"":0,""mousemove"":43,""mousedown"":2,""mouseup"":2,""resize"":0,""scroll"":0,""visibility"":0}","","","","","","","","","","",""
"66a926551ab3748f5d5348aa","point_task_16","41","pixelResponse","default","64","14439","14439","","","","","point","","","","43"
"66a926551ab3748f5d5348aa","point_task_16","41","numericResponse","default","0.68","14439","14439","","","","","point","","","","43"
"66a926551ab3748f5d5348aa","point_task_16","41","windowEvents","default","{""focus"":2,""input"":0,""keydown"":0,""keyup"":0,""mousemove"":67,""mousedown"":2,""mouseup"":2,""resize"":0,""scroll"":0,""visibility"":0}","","","","","","","","","","",""
"66a926551ab3748f5d5348aa","point_task_10","42","pixelResponse","default","72","9264","9264","","","","","point","","","","29"
"66a926551ab3748f5d5348aa","point_task_10","42","numericResponse","default","0.64","9264","9264","","","","","point","","","","29"
"66a926551ab3748f5d5348aa","point_task_10","42","windowEvents","default","{""focus"":2,""input"":0,""keydown"":0,""keyup"":0,""mousemove"":36,""mousedown"":2,""mouseup"":2,""resize"":0,""scroll"":0,""visibility"":0}","","","","","","","","","","",""
"66a926551ab3748f5d5348aa","point_task_44","43","pixelResponse","default","150","10799","10799","","","","","point","","","","127"
"66a926551ab3748f5d5348aa","point_task_44","43","numericResponse","default","0.25","10799","10799","","","","","point","","","","127"
"66a926551ab3748f5d5348aa","point_task_44","43","windowEvents","default","{""focus"":2,""input"":0,""keydown"":0,""keyup"":0,""mousemove"":49,""mousedown"":2,""mouseup"":2,""resize"":0,""scroll"":0,""visibility"":0}","","","","","","","","","","",""
"66a926551ab3748f5d5348aa","point_task_14","44","pixelResponse","default","87.99999999999999","12697","12697","","","","","point","","","","41"
"66a926551ab3748f5d5348aa","point_task_14","44","numericResponse","default","0.56","12697","12697","","","","","point","","","","41"
"66a926551ab3748f5d5348aa","point_task_14","44","windowEvents","default","{""focus"":2,""input"":0,""keydown"":0,""keyup"":0,""mousemove"":55,""mousedown"":2,""mouseup"":2,""resize"":0,""scroll"":0,""visibility"":0}","","","","","","","","","","",""
"66a926551ab3748f5d5348aa","point_task_4","45","pixelResponse","default","80","9421","9421","","","","","point","","","","7"
"66a926551ab3748f5d5348aa","point_task_4","45","numericResponse","default","0.6","9421","9421","","","","","point","","","","7"
"66a926551ab3748f5d5348aa","point_task_4","45","windowEvents","default","{""focus"":2,""input"":0,""keydown"":0,""keyup"":0,""mousemove"":40,""mousedown"":2,""mouseup"":2,""resize"":0,""scroll"":0,""visibility"":0}","","","","","","","","","","",""
"66a926551ab3748f5d5348aa","point_task_17","46","pixelResponse","default","86","15321","15321","","","","","point","","","","52"
"66a926551ab3748f5d5348aa","point_task_17","46","numericResponse","default","0.57","15321","15321","","","","","point","","","","52"
"66a926551ab3748f5d5348aa","point_task_17","46","windowEvents","default","{""focus"":2,""input"":0,""keydown"":0,""keyup"":0,""mousemove"":56,""mousedown"":3,""mouseup"":3,""resize"":0,""scroll"":0,""visibility"":0}","","","","","","","","","","",""
"66a926551ab3748f5d5348aa","point_task_43","47","pixelResponse","default","95.99999999999999","10769","10769","","","","","point","","","","126"
"66a926551ab3748f5d5348aa","point_task_43","47","numericResponse","default","0.52","10769","10769","","","","","point","","","","126"
"66a926551ab3748f5d5348aa","point_task_43","47","windowEvents","default","{""focus"":2,""input"":0,""keydown"":0,""keyup"":0,""mousemove"":42,""mousedown"":2,""mouseup"":2,""resize"":0,""scroll"":0,""visibility"":0}","","","","","","","","","","",""
"66a926551ab3748f5d5348aa","point_task_1","48","pixelResponse","default","62.000000000000014","9197","9197","","","","","point","","","","4"
"66a926551ab3748f5d5348aa","point_task_1","48","numericResponse","default","0.69","9197","9197","","","","","point","","","","4"
"66a926551ab3748f5d5348aa","point_task_1","48","windowEvents","default","{""focus"":2,""input"":0,""keydown"":0,""keyup"":0,""mousemove"":43,""mousedown"":3,""mouseup"":3,""resize"":0,""scroll"":0,""visibility"":0}","","","","","","","","","","",""
"66a926551ab3748f5d5348aa","point_task_25","49","pixelResponse","default","52.00000000000001","15199","15199","","","","","point","","","","76"
"66a926551ab3748f5d5348aa","point_task_25","49","numericResponse","default","0.74","15199","15199","","","","","point","","","","76"
"66a926551ab3748f5d5348aa","point_task_25","49","windowEvents","default","{""focus"":2,""input"":0,""keydown"":0,""keyup"":0,""mousemove"":56,""mousedown"":2,""mouseup"":2,""resize"":0,""scroll"":0,""visibility"":0}","","","","","","","","","","",""
"66a926551ab3748f5d5348aa","point_task_40","50","pixelResponse","default","62.000000000000014","23552","23552","","","","","point","","","","115"
"66a926551ab3748f5d5348aa","point_task_40","50","numericResponse","default","0.69","23552","23552","","","","","point","","","","115"
"66a926551ab3748f5d5348aa","point_task_40","50","windowEvents","default","{""focus"":2,""input"":0,""keydown"":0,""keyup"":0,""mousemove"":77,""mousedown"":5,""mouseup"":5,""resize"":0,""scroll"":0,""visibility"":0}","","","","","","","","","","",""
"66a926551ab3748f5d5348aa","point_task_28","51","pixelResponse","default","84.00000000000001","11036","11036","","","","","point","","","","79"
"66a926551ab3748f5d5348aa","point_task_28","51","numericResponse","default","0.58","11036","11036","","","","","point","","","","79"
"66a926551ab3748f5d5348aa","point_task_28","51","windowEvents","default","{""focus"":2,""input"":0,""keydown"":0,""keyup"":0,""mousemove"":34,""mousedown"":3,""mouseup"":3,""resize"":0,""scroll"":0,""visibility"":0}","","","","","","","","","","",""
"66a926551ab3748f5d5348aa","point_task_38","52","pixelResponse","default","78","12368","12368","","","","","point","","","","113"
"66a926551ab3748f5d5348aa","point_task_38","52","numericResponse","default","0.61","12368","12368","","","","","point","","","","113"
"66a926551ab3748f5d5348aa","point_task_38","52","windowEvents","default","{""focus"":2,""input"":0,""keydown"":0,""keyup"":0,""mousemove"":48,""mousedown"":2,""mouseup"":2,""resize"":0,""scroll"":0,""visibility"":0}","","","","","","","","","","",""
"66a926551ab3748f5d5348aa","point_task_8","53","pixelResponse","default","65.99999999999999","24431","24431","","","","","point","","","","19"
"66a926551ab3748f5d5348aa","point_task_8","53","numericResponse","default","0.67","24431","24431","","","","","point","","","","19"
"66a926551ab3748f5d5348aa","point_task_8","53","windowEvents","default","{""focus"":2,""input"":0,""keydown"":0,""keyup"":0,""mousemove"":83,""mousedown"":3,""mouseup"":3,""resize"":0,""scroll"":0,""visibility"":0}","","","","","","","","","","",""
"66a926551ab3748f5d5348aa","point_task_3","54","pixelResponse","default","118.00000000000001","15659","15659","","","","","point","","","","6"
"66a926551ab3748f5d5348aa","point_task_3","54","numericResponse","default","0.41","15659","15659","","","","","point","","","","6"
"66a926551ab3748f5d5348aa","point_task_3","54","windowEvents","default","{""focus"":2,""input"":0,""keydown"":0,""keyup"":0,""mousemove"":65,""mousedown"":2,""mouseup"":2,""resize"":0,""scroll"":0,""visibility"":0}","","","","","","","","","","",""
"66a926551ab3748f5d5348aa","point_task_22","55","pixelResponse","default","62.000000000000014","10335","10335","","","","","point","","","","65"
"66a926551ab3748f5d5348aa","point_task_22","55","numericResponse","default","0.69","10335","10335","","","","","point","","","","65"
"66a926551ab3748f5d5348aa","point_task_22","55","windowEvents","default","{""focus"":2,""input"":0,""keydown"":0,""keyup"":0,""mousemove"":25,""mousedown"":2,""mouseup"":2,""resize"":0,""scroll"":0,""visibility"":0}","","","","","","","","","","",""
"66a926551ab3748f5d5348aa","point_task_46","56","pixelResponse","default","28","14150","14150","","","","","point","","","","137"
"66a926551ab3748f5d5348aa","point_task_46","56","numericResponse","default","0.86","14150","14150","","","","","point","","","","137"
"66a926551ab3748f5d5348aa","point_task_46","56","windowEvents","default","{""focus"":2,""input"":0,""keydown"":0,""keyup"":0,""mousemove"":69,""mousedown"":2,""mouseup"":2,""resize"":0,""scroll"":0,""visibility"":0}","","","","","","","","","","",""
"66a926551ab3748f5d5348aa","point_task_13","57","pixelResponse","default","37.999999999999986","16419","16419","","","","","point","","","","40"
"66a926551ab3748f5d5348aa","point_task_13","57","numericResponse","default","0.81","16419","16419","","","","","point","","","","40"
"66a926551ab3748f5d5348aa","point_task_13","57","windowEvents","default","{""focus"":2,""input"":0,""keydown"":0,""keyup"":0,""mousemove"":56,""mousedown"":2,""mouseup"":2,""resize"":0,""scroll"":0,""visibility"":0}","","","","","","","","","","",""
"66a926551ab3748f5d5348aa","point_task_34","58","pixelResponse","default","24","8282","8282","","","","","point","","","","101"
"66a926551ab3748f5d5348aa","point_task_34","58","numericResponse","default","0.88","8282","8282","","","","","point","","","","101"
"66a926551ab3748f5d5348aa","point_task_34","58","windowEvents","default","{""focus"":2,""input"":0,""keydown"":0,""keyup"":0,""mousemove"":32,""mousedown"":3,""mouseup"":3,""resize"":0,""scroll"":0,""visibility"":0}","","","","","","","","","","",""
"66a926551ab3748f5d5348aa","point_task_12","59","pixelResponse","default","50","11186","11186","","","","","point","","","","31"
"66a926551ab3748f5d5348aa","point_task_12","59","numericResponse","default","0.75","11186","11186","","","","","point","","","","31"
"66a926551ab3748f5d5348aa","point_task_12","59","windowEvents","default","{""focus"":2,""input"":0,""keydown"":0,""keyup"":0,""mousemove"":61,""mousedown"":3,""mouseup"":3,""resize"":0,""scroll"":0,""visibility"":0}","","","","","","","","","","",""
"66a926551ab3748f5d5348aa","point_task_6","60","pixelResponse","default","72","13655","13655","","","","","point","","","","17"
"66a926551ab3748f5d5348aa","point_task_6","60","numericResponse","default","0.64","13655","13655","","","","","point","","","","17"
"66a926551ab3748f5d5348aa","point_task_6","60","windowEvents","default","{""focus"":2,""input"":0,""keydown"":0,""keyup"":0,""mousemove"":57,""mousedown"":3,""mouseup"":3,""resize"":0,""scroll"":0,""visibility"":0}","","","","","","","","","","",""
"66a926551ab3748f5d5348aa","point_task_21","61","pixelResponse","default","87.99999999999999","10614","10614","","","","","point","","","","64"
"66a926551ab3748f5d5348aa","point_task_21","61","numericResponse","default","0.56","10614","10614","","","","","point","","","","64"
"66a926551ab3748f5d5348aa","point_task_21","61","windowEvents","default","{""focus"":2,""input"":0,""keydown"":0,""keyup"":0,""mousemove"":34,""mousedown"":4,""mouseup"":4,""resize"":0,""scroll"":0,""visibility"":0}","","","","","","","","","","",""
"66a926551ab3748f5d5348aa","point_task_7","62","pixelResponse","default","98","9069","9069","","","","","point","","","","18"
"66a926551ab3748f5d5348aa","point_task_7","62","numericResponse","default","0.51","9069","9069","","","","","point","","","","18"
"66a926551ab3748f5d5348aa","point_task_7","62","windowEvents","default","{""focus"":2,""input"":0,""keydown"":0,""keyup"":0,""mousemove"":36,""mousedown"":3,""mouseup"":3,""resize"":0,""scroll"":0,""visibility"":0}","","","","","","","","","","",""
"66a926551ab3748f5d5348aa","point_task_45","63","pixelResponse","default","126","17400","17400","","","","","point","","","","136"
"66a926551ab3748f5d5348aa","point_task_45","63","numericResponse","default","0.37","17400","17400","","","","","point","","","","136"
"66a926551ab3748f5d5348aa","point_task_45","63","windowEvents","default","{""focus"":2,""input"":0,""keydown"":0,""keyup"":0,""mousemove"":60,""mousedown"":4,""mouseup"":4,""resize"":0,""scroll"":0,""visibility"":0}","","","","","","","","","","",""
"66a926551ab3748f5d5348aa","point_task_31","64","pixelResponse","default","116.00000000000001","54422","54422","","","","","point","","","","90"
"66a926551ab3748f5d5348aa","point_task_31","64","numericResponse","default","0.42","54422","54422","","","","","point","","","","90"
"66a926551ab3748f5d5348aa","point_task_31","64","windowEvents","default","{""focus"":2,""input"":0,""keydown"":0,""keyup"":0,""mousemove"":81,""mousedown"":5,""mouseup"":5,""resize"":0,""scroll"":0,""visibility"":0}","","","","","","","","","","",""
"66a926551ab3748f5d5348aa","point_task_18","65","pixelResponse","default","64","11657","11657","","","","","point","","","","53"
"66a926551ab3748f5d5348aa","point_task_18","65","numericResponse","default","0.68","11657","11657","","","","","point","","","","53"
"66a926551ab3748f5d5348aa","point_task_18","65","windowEvents","default","{""focus"":2,""input"":0,""keydown"":0,""keyup"":0,""mousemove"":42,""mousedown"":2,""mouseup"":2,""resize"":0,""scroll"":0,""visibility"":0}","","","","","","","","","","",""
"66a926551ab3748f5d5348aa","point_task_41","66","pixelResponse","default","92","13286","13286","","","","","point","","","","124"
"66a926551ab3748f5d5348aa","point_task_41","66","numericResponse","default","0.54","13286","13286","","","","","point","","","","124"
"66a926551ab3748f5d5348aa","point_task_41","66","windowEvents","default","{""focus"":2,""input"":0,""keydown"":0,""keyup"":0,""mousemove"":47,""mousedown"":2,""mouseup"":2,""resize"":0,""scroll"":0,""visibility"":0}","","","","","","","","","","",""
"66a926551ab3748f5d5348aa","point_task_29","67","pixelResponse","default","108","13144","13144","","","","","point","","","","88"
"66a926551ab3748f5d5348aa","point_task_29","67","numericResponse","default","0.46","13144","13144","","","","","point","","","","88"
"66a926551ab3748f5d5348aa","point_task_29","67","windowEvents","default","{""focus"":2,""input"":0,""keydown"":0,""keyup"":0,""mousemove"":46,""mousedown"":3,""mouseup"":3,""resize"":0,""scroll"":0,""visibility"":0}","","","","","","","","","","",""
"66a926551ab3748f5d5348aa","point_task_32","68","pixelResponse","default","74","13985","13985","","","","","point","","","","91"
"66a926551ab3748f5d5348aa","point_task_32","68","numericResponse","default","0.63","13985","13985","","","","","point","","","","91"
"66a926551ab3748f5d5348aa","point_task_32","68","windowEvents","default","{""focus"":2,""input"":0,""keydown"":0,""keyup"":0,""mousemove"":64,""mousedown"":2,""mouseup"":2,""resize"":0,""scroll"":0,""visibility"":0}","","","","","","","","","","",""
"66a926551ab3748f5d5348aa","point_task_26","69","pixelResponse","default","60","16448","16448","","","","","point","","","","77"
"66a926551ab3748f5d5348aa","point_task_26","69","numericResponse","default","0.7","16448","16448","","","","","point","","","","77"
"66a926551ab3748f5d5348aa","point_task_26","69","windowEvents","default","{""focus"":2,""input"":0,""keydown"":0,""keyup"":0,""mousemove"":57,""mousedown"":4,""mouseup"":4,""resize"":0,""scroll"":0,""visibility"":0}","","","","","","","","","","",""
"66a926551ab3748f5d5348aa","point_task_33","70","pixelResponse","default","130","10508","10508","","","","","point","","","","100"
"66a926551ab3748f5d5348aa","point_task_33","70","numericResponse","default","0.35","10508","10508","","","","","point","","","","100"
"66a926551ab3748f5d5348aa","point_task_33","70","windowEvents","default","{""focus"":2,""input"":0,""keydown"":0,""keyup"":0,""mousemove"":47,""mousedown"":2,""mouseup"":2,""resize"":0,""scroll"":0,""visibility"":0}","","","","","","","","","","",""
"66a926551ab3748f5d5348aa","point_task_15","71","pixelResponse","default","70","14902","14902","","","","","point","","","","42"
"66a926551ab3748f5d5348aa","point_task_15","71","numericResponse","default","0.65","14902","14902","","","","","point","","","","42"
"66a926551ab3748f5d5348aa","point_task_15","71","windowEvents","default","{""focus"":2,""input"":0,""keydown"":0,""keyup"":0,""mousemove"":53,""mousedown"":2,""mouseup"":2,""resize"":0,""scroll"":0,""visibility"":0}","","","","","","","","","","",""
"66a926551ab3748f5d5348aa","post_study","72","gender","default","Female","16369","16369","","","","","","","","",""
"66a926551ab3748f5d5348aa","post_study","72","gender-other","default","","16369","16369","","","","","","","","",""
"66a926551ab3748f5d5348aa","post_study","72","age","default","53","16369","16369","","","","","","","","",""
"66a926551ab3748f5d5348aa","post_study","72","feedback","default","No","16369","16369","","","","","","","","",""
"66a926551ab3748f5d5348aa","post_study","72","feedback-text","default","","16369","16369","","","","","","","","",""
"66a926551ab3748f5d5348aa","post_study","72","strategy","default","","16369","16369","","","","","","","","",""
"66a926551ab3748f5d5348aa","post_study","72","windowEvents","default","{""focus"":4,""input"":4,""keydown"":2,""keyup"":2,""mousemove"":48,""mousedown"":4,""mouseup"":4,""resize"":0,""scroll"":4,""visibility"":0}","","","","","","","","","","",""
"674cb1e5dd135ab435dece3f","participantTags","","participantTags","point","[""virtual-chinrest"",""point""]","","","","","","","","","","",""
"674cb1e5dd135ab435dece3f","introduction","0","prolificId","point","674cb1e5dd135ab435dece3f","2954","2954","","","","","","","","",""
"674cb1e5dd135ab435dece3f","introduction","0","windowEvents","point","{""focus"":0,""input"":0,""keydown"":0,""keyup"":0,""mousemove"":14,""mousedown"":0,""mouseup"":0,""resize"":0,""scroll"":0,""visibility"":0}","","","","","","","","","","",""
"674cb1e5dd135ab435dece3f","consent","1","consentApproval","point","Accept","13936","13936","","","","","","","","",""
"674cb1e5dd135ab435dece3f","consent","1","windowEvents","point","{""focus"":3,""input"":1,""keydown"":0,""keyup"":0,""mousemove"":67,""mousedown"":3,""mouseup"":2,""resize"":0,""scroll"":30,""visibility"":0}","","","","","","","","","","",""
"674cb1e5dd135ab435dece3f","chinrest_intro","2","","point","","22150","22150","","","","","","","","",""
"674cb1e5dd135ab435dece3f","chinrest_intro","2","windowEvents","point","{""focus"":1,""input"":0,""keydown"":1,""keyup"":1,""mousemove"":24,""mousedown"":1,""mouseup"":1,""resize"":1,""scroll"":1,""visibility"":0}","","","","","","","","","","",""
"674cb1e5dd135ab435dece3f","$virtual-chinrest.components.card-size","3","pixelsPerMM","point","3.504672897196262","52168","52168","pixelsPerMM","85.6","53.98","","","","","",""
"674cb1e5dd135ab435dece3f","$virtual-chinrest.components.card-size","3","windowEvents","point","{""focus"":3,""input"":0,""keydown"":0,""keyup"":0,""mousemove"":92,""mousedown"":4,""mouseup"":4,""resize"":0,""scroll"":0,""visibility"":0}","","","","","","","","","","",""
"674cb1e5dd135ab435dece3f","$virtual-chinrest.components.blindspot-distance","4","dist-calibration-MM","point","729.7383047877339","112889","112889","","","","13.5","","","","",""
"674cb1e5dd135ab435dece3f","$virtual-chinrest.components.blindspot-distance","4","dist-calibration-CM","point","72.9738304787734","112889","112889","","","","13.5","","","","",""
"674cb1e5dd135ab435dece3f","$virtual-chinrest.components.blindspot-distance","4","ball-positions","point","[740,776,778,772,764]","112889","112889","","","","13.5","","","","",""
"674cb1e5dd135ab435dece3f","$virtual-chinrest.components.blindspot-distance","4","square-position","point","1380","112889","112889","","","","13.5","","","","",""
"674cb1e5dd135ab435dece3f","$virtual-chinrest.components.blindspot-distance","4","windowEvents","point","{""focus"":0,""input"":0,""keydown"":10,""keyup"":10,""mousemove"":42,""mousedown"":0,""mouseup"":1,""resize"":0,""scroll"":0,""visibility"":0}","","","","","","","","","","",""
"674cb1e5dd135ab435dece3f","study_overview","5","","point","","44991","44991","","","","","","","","",""
"674cb1e5dd135ab435dece3f","study_overview","5","windowEvents","point","{""focus"":1,""input"":0,""keydown"":0,""keyup"":0,""mousemove"":17,""mousedown"":1,""mouseup"":1,""resize"":0,""scroll"":0,""visibility"":0}","","","","","","","","","","",""
"674cb1e5dd135ab435dece3f","task1_intro","6","","point","","70914","70914","","","","","","","","",""
"674cb1e5dd135ab435dece3f","task1_intro","6","windowEvents","point","{""focus"":2,""input"":0,""keydown"":0,""keyup"":0,""mousemove"":51,""mousedown"":1,""mouseup"":1,""resize"":0,""scroll"":0,""visibility"":0}","","","","","","","","","","",""
"674cb1e5dd135ab435dece3f","block5_train_1","7","location-x","point","0.25","73945","73945","","","","","Block5","true","0.25","4.5",""
"674cb1e5dd135ab435dece3f","block5_train_1","7","location-y","point","4.5","73945","73945","","","","","Block5","true","0.25","4.5",""
"674cb1e5dd135ab435dece3f","block5_train_1","7","slider-x","point","0.26","73945","73945","","","","","Block5","true","0.25","4.5",""
"674cb1e5dd135ab435dece3f","block5_train_1","7","slider-y","point","4.49","73945","73945","","","","","Block5","true","0.25","4.5",""
"674cb1e5dd135ab435dece3f","block5_train_1","7","px-slider-x","point","331.41","73945","73945","","","","","Block5","true","0.25","4.5",""
"674cb1e5dd135ab435dece3f","block5_train_1","7","px-slider-y","point","232.64499999999998","73945","73945","","","","","Block5","true","0.25","4.5",""
"674cb1e5dd135ab435dece3f","block5_train_1","7","px-location-x","point","330.875","73945","73945","","","","","Block5","true","0.25","4.5",""
"674cb1e5dd135ab435dece3f","block5_train_1","7","px-location-y","point","232.25000000000003","73945","73945","","","","","Block5","true","0.25","4.5",""
"674cb1e5dd135ab435dece3f","block5_train_1","7","windowEvents","point","{""focus"":4,""input"":0,""keydown"":0,""keyup"":0,""mousemove"":210,""mousedown"":6,""mouseup"":6,""resize"":0,""scroll"":0,""visibility"":0}","","","","","","","","","","",""
"674cb1e5dd135ab435dece3f","block5_train_2","8","location-x","point","-1.5","92189","92189","","","","","Block5","true","-1.5","7.2",""
"674cb1e5dd135ab435dece3f","block5_train_2","8","location-y","point","7.2","92189","92189","","","","","Block5","true","-1.5","7.2",""
"674cb1e5dd135ab435dece3f","block5_train_2","8","slider-x","point","-1.49","92189","92189","","","","","Block5","true","-1.5","7.2",""
"674cb1e5dd135ab435dece3f","block5_train_2","8","slider-y","point","7.17","92189","92189","","","","","Block5","true","-1.5","7.2",""
"674cb1e5dd135ab435dece3f","block5_train_2","8","px-slider-x","point","237.78499999999997","92189","92189","","","","","Block5","true","-1.5","7.2",""
"674cb1e5dd135ab435dece3f","block5_train_2","8","px-slider-y","point","126.78500000000001","92189","92189","","","","","Block5","true","-1.5","7.2",""
"674cb1e5dd135ab435dece3f","block5_train_2","8","px-location-x","point","237.25","92189","92189","","","","","Block5","true","-1.5","7.2",""
"674cb1e5dd135ab435dece3f","block5_train_2","8","px-location-y","point","125.60000000000001","92189","92189","","","","","Block5","true","-1.5","7.2",""
"674cb1e5dd135ab435dece3f","block5_train_2","8","windowEvents","point","{""focus"":8,""input"":0,""keydown"":0,""keyup"":0,""mousemove"":291,""mousedown"":11,""mouseup"":10,""resize"":0,""scroll"":0,""visibility"":0}","","","","","","","","","","",""
"674cb1e5dd135ab435dece3f","task1_test_intro","9","","point","","24671","24671","","","","","","","","",""
"674cb1e5dd135ab435dece3f","task1_test_intro","9","windowEvents","point","{""focus"":1,""input"":0,""keydown"":0,""keyup"":0,""mousemove"":25,""mousedown"":1,""mouseup"":1,""resize"":0,""scroll"":0,""visibility"":0}","","","","","","","","","","",""
"674cb1e5dd135ab435dece3f","block5_test_9","10","location-x","point","-0.66","99632","99632","","","","","Block5","false","","",""
"674cb1e5dd135ab435dece3f","block5_test_9","10","location-y","point","7.77","99632","99632","","","","","Block5","false","","",""
"674cb1e5dd135ab435dece3f","block5_test_9","10","slider-x","point","-0.9","99632","99632","","","","","Block5","false","","",""
"674cb1e5dd135ab435dece3f","block5_test_9","10","slider-y","point","7.63","99632","99632","","","","","Block5","false","","",""
"674cb1e5dd135ab435dece3f","block5_test_9","10","px-slider-x","point","269.35","99632","99632","","","","","Block5","false","","",""
"674cb1e5dd135ab435dece3f","block5_test_9","10","px-slider-y","point","108.61500000000001","99632","99632","","","","","Block5","false","","",""
"674cb1e5dd135ab435dece3f","block5_test_9","10","px-location-x","point","282.19","99632","99632","","","","","Block5","false","","",""
"674cb1e5dd135ab435dece3f","block5_test_9","10","px-location-y","point","103.08500000000004","99632","99632","","","","","Block5","false","","",""
"674cb1e5dd135ab435dece3f","block5_test_9","10","windowEvents","point","{""focus"":3,""input"":0,""keydown"":0,""keyup"":0,""mousemove"":122,""mousedown"":5,""mouseup"":5,""resize"":0,""scroll"":0,""visibility"":0}","","","","","","","","","","",""
"674cb1e5dd135ab435dece3f","block5_test_2","11","location-x","point","-0.21","34833","34833","","","","","Block5","false","","",""
"674cb1e5dd135ab435dece3f","block5_test_2","11","location-y","point","4.21","34833","34833","","","","","Block5","false","","",""
"674cb1e5dd135ab435dece3f","block5_test_2","11","slider-x","point","-0.11","34833","34833","","","","","Block5","false","","",""
"674cb1e5dd135ab435dece3f","block5_test_2","11","slider-y","point","4.05","34833","34833","","","","","Block5","false","","",""
"674cb1e5dd135ab435dece3f","block5_test_2","11","px-slider-x","point","311.615","34833","34833","","","","","Block5","false","","",""
"674cb1e5dd135ab435dece3f","block5_test_2","11","px-slider-y","point","250.02499999999998","34833","34833","","","","","Block5","false","","",""
"674cb1e5dd135ab435dece3f","block5_test_2","11","px-location-x","point","306.265","34833","34833","","","","","Block5","false","","",""
"674cb1e5dd135ab435dece3f","block5_test_2","11","px-location-y","point","243.70499999999998","34833","34833","","","","","Block5","false","","",""
"674cb1e5dd135ab435dece3f","block5_test_2","11","windowEvents","point","{""focus"":3,""input"":0,""keydown"":0,""keyup"":0,""mousemove"":113,""mousedown"":5,""mouseup"":5,""resize"":0,""scroll"":0,""visibility"":0}","","","","","","","","","","",""
"674cb1e5dd135ab435dece3f","block5_test_10","12","location-x","point","-0.33","29827","29827","","","","","Block5","false","","",""
"674cb1e5dd135ab435dece3f","block5_test_10","12","location-y","point","4.75","29827","29827","","","","","Block5","false","","",""
"674cb1e5dd135ab435dece3f","block5_test_10","12","slider-x","point","-0.22","29827","29827","","","","","Block5","false","","",""
"674cb1e5dd135ab435dece3f","block5_test_10","12","slider-y","point","4.64","29827","29827","","","","","Block5","false","","",""
"674cb1e5dd135ab435dece3f","block5_test_10","12","px-slider-x","point","305.73","29827","29827","","","","","Block5","false","","",""
"674cb1e5dd135ab435dece3f","block5_test_10","12","px-slider-y","point","226.72000000000003","29827","29827","","","","","Block5","false","","",""
"674cb1e5dd135ab435dece3f","block5_test_10","12","px-location-x","point","299.84499999999997","29827","29827","","","","","Block5","false","","",""
"674cb1e5dd135ab435dece3f","block5_test_10","12","px-location-y","point","222.375","29827","29827","","","","","Block5","false","","",""
"674cb1e5dd135ab435dece3f","block5_test_10","12","windowEvents","point","{""focus"":4,""input"":0,""keydown"":0,""keyup"":0,""mousemove"":139,""mousedown"":6,""mouseup"":6,""resize"":0,""scroll"":0,""visibility"":0}","","","","","","","","","","",""
"674cb1e5dd135ab435dece3f","block5_test_8","13","location-x","point","-1.86","22866","22866","","","","","Block5","false","","",""
"674cb1e5dd135ab435dece3f","block5_test_8","13","location-y","point","1.47","22866","22866","","","","","Block5","false","","",""
"674cb1e5dd135ab435dece3f","block5_test_8","13","slider-x","point","-1.86","22866","22866","","","","","Block5","false","","",""
"674cb1e5dd135ab435dece3f","block5_test_8","13","slider-y","point","1.43","22866","22866","","","","","Block5","false","","",""
"674cb1e5dd135ab435dece3f","block5_test_8","13","px-slider-x","point","217.98999999999998","22866","22866","","","","","Block5","false","","",""
"674cb1e5dd135ab435dece3f","block5_test_8","13","px-slider-y","point","353.515","22866","22866","","","","","Block5","false","","",""
"674cb1e5dd135ab435dece3f","block5_test_8","13","px-location-x","point","217.98999999999998","22866","22866","","","","","Block5","false","","",""
"674cb1e5dd135ab435dece3f","block5_test_8","13","px-location-y","point","351.935","22866","22866","","","","","Block5","false","","",""
"674cb1e5dd135ab435dece3f","block5_test_8","13","windowEvents","point","{""focus"":3,""input"":0,""keydown"":0,""keyup"":0,""mousemove"":78,""mousedown"":5,""mouseup"":5,""resize"":0,""scroll"":0,""visibility"":0}","","","","","","","","","","",""
"674cb1e5dd135ab435dece3f","block5_test_3","14","location-x","point","-0.2","22860","22860","","","","","Block5","false","","",""
"674cb1e5dd135ab435dece3f","block5_test_3","14","location-y","point","2.03","22860","22860","","","","","Block5","false","","",""
"674cb1e5dd135ab435dece3f","block5_test_3","14","slider-x","point","-0.14","22860","22860","","","","","Block5","false","","",""
"674cb1e5dd135ab435dece3f","block5_test_3","14","slider-y","point","1.98","22860","22860","","","","","Block5","false","","",""
"674cb1e5dd135ab435dece3f","block5_test_3","14","px-slider-x","point","310.01","22860","22860","","","","","Block5","false","","",""
"674cb1e5dd135ab435dece3f","block5_test_3","14","px-slider-y","point","331.79","22860","22860","","","","","Block5","false","","",""
"674cb1e5dd135ab435dece3f","block5_test_3","14","px-location-x","point","306.8","22860","22860","","","","","Block5","false","","",""
"674cb1e5dd135ab435dece3f","block5_test_3","14","px-location-y","point","329.81500000000005","22860","22860","","","","","Block5","false","","",""
"674cb1e5dd135ab435dece3f","block5_test_3","14","windowEvents","point","{""focus"":4,""input"":0,""keydown"":0,""keyup"":0,""mousemove"":107,""mousedown"":6,""mouseup"":6,""resize"":0,""scroll"":0,""visibility"":0}","","","","","","","","","","",""
"674cb1e5dd135ab435dece3f","block5_test_1","15","location-x","point","1.34","20691","20691","","","","","Block5","false","","",""
"674cb1e5dd135ab435dece3f","block5_test_1","15","location-y","point","8.84","20691","20691","","","","","Block5","false","","",""
"674cb1e5dd135ab435dece3f","block5_test_1","15","slider-x","point","1.36","20691","20691","","","","","Block5","false","","",""
"674cb1e5dd135ab435dece3f","block5_test_1","15","slider-y","point","8.5","20691","20691","","","","","Block5","false","","",""
"674cb1e5dd135ab435dece3f","block5_test_1","15","px-slider-x","point","390.26","20691","20691","","","","","Block5","false","","",""
"674cb1e5dd135ab435dece3f","block5_test_1","15","px-slider-y","point","74.25","20691","20691","","","","","Block5","false","","",""
"674cb1e5dd135ab435dece3f","block5_test_1","15","px-location-x","point","389.19","20691","20691","","","","","Block5","false","","",""
"674cb1e5dd135ab435dece3f","block5_test_1","15","px-location-y","point","60.81999999999999","20691","20691","","","","","Block5","false","","",""
"674cb1e5dd135ab435dece3f","block5_test_1","15","windowEvents","point","{""focus"":3,""input"":0,""keydown"":0,""keyup"":0,""mousemove"":92,""mousedown"":5,""mouseup"":5,""resize"":0,""scroll"":0,""visibility"":0}","","","","","","","","","","",""
"674cb1e5dd135ab435dece3f","block5_test_4","16","location-x","point","-1.84","14275","14275","","","","","Block5","false","","",""
"674cb1e5dd135ab435dece3f","block5_test_4","16","location-y","point","6.28","14275","14275","","","","","Block5","false","","",""
"674cb1e5dd135ab435dece3f","block5_test_4","16","slider-x","point","-1.84","14275","14275","","","","","Block5","false","","",""
"674cb1e5dd135ab435dece3f","block5_test_4","16","slider-y","point","6.18","14275","14275","","","","","Block5","false","","",""
"674cb1e5dd135ab435dece3f","block5_test_4","16","px-slider-x","point","219.06","14275","14275","","","","","Block5","false","","",""
"674cb1e5dd135ab435dece3f","block5_test_4","16","px-slider-y","point","165.89000000000001","14275","14275","","","","","Block5","false","","",""
"674cb1e5dd135ab435dece3f","block5_test_4","16","px-location-x","point","219.06","14275","14275","","","","","Block5","false","","",""
"674cb1e5dd135ab435dece3f","block5_test_4","16","px-location-y","point","161.94","14275","14275","","","","","Block5","false","","",""
"674cb1e5dd135ab435dece3f","block5_test_4","16","windowEvents","point","{""focus"":3,""input"":0,""keydown"":0,""keyup"":0,""mousemove"":59,""mousedown"":5,""mouseup"":5,""resize"":0,""scroll"":0,""visibility"":0}","","","","","","","","","","",""
"674cb1e5dd135ab435dece3f","block5_test_5","17","location-x","point","-2.28","19449","19449","","","","","Block5","false","","",""
"674cb1e5dd135ab435dece3f","block5_test_5","17","location-y","point","4.43","19449","19449","","","","","Block5","false","","",""
"674cb1e5dd135ab435dece3f","block5_test_5","17","slider-x","point","-2.32","19449","19449","","","","","Block5","false","","",""
"674cb1e5dd135ab435dece3f","block5_test_5","17","slider-y","point","4.3","19449","19449","","","","","Block5","false","","",""
"674cb1e5dd135ab435dece3f","block5_test_5","17","px-slider-x","point","193.38","19449","19449","","","","","Block5","false","","",""
"674cb1e5dd135ab435dece3f","block5_test_5","17","px-slider-y","point","240.15","19449","19449","","","","","Block5","false","","",""
"674cb1e5dd135ab435dece3f","block5_test_5","17","px-location-x","point","195.52","19449","19449","","","","","Block5","false","","",""
"674cb1e5dd135ab435dece3f","block5_test_5","17","px-location-y","point","235.01500000000004","19449","19449","","","","","Block5","false","","",""
"674cb1e5dd135ab435dece3f","block5_test_5","17","windowEvents","point","{""focus"":2,""input"":0,""keydown"":0,""keyup"":0,""mousemove"":74,""mousedown"":4,""mouseup"":5,""resize"":0,""scroll"":0,""visibility"":0}","","","","","","","","","","",""
"674cb1e5dd135ab435dece3f","block5_test_6","18","location-x","point","4.14","19232","19232","","","","","Block5","false","","",""
"674cb1e5dd135ab435dece3f","block5_test_6","18","location-y","point","1.03","19232","19232","","","","","Block5","false","","",""
"674cb1e5dd135ab435dece3f","block5_test_6","18","slider-x","point","4.17","19232","19232","","","","","Block5","false","","",""
"674cb1e5dd135ab435dece3f","block5_test_6","18","slider-y","point","1.31","19232","19232","","","","","Block5","false","","",""
"674cb1e5dd135ab435dece3f","block5_test_6","18","px-slider-x","point","540.595","19232","19232","","","","","Block5","false","","",""
"674cb1e5dd135ab435dece3f","block5_test_6","18","px-slider-y","point","358.255","19232","19232","","","","","Block5","false","","",""
"674cb1e5dd135ab435dece3f","block5_test_6","18","px-location-x","point","538.99","19232","19232","","","","","Block5","false","","",""
"674cb1e5dd135ab435dece3f","block5_test_6","18","px-location-y","point","369.315","19232","19232","","","","","Block5","false","","",""
"674cb1e5dd135ab435dece3f","block5_test_6","18","windowEvents","point","{""focus"":4,""input"":0,""keydown"":0,""keyup"":0,""mousemove"":84,""mousedown"":6,""mouseup"":5,""resize"":0,""scroll"":0,""visibility"":0}","","","","","","","","","","",""
"674cb1e5dd135ab435dece3f","block5_test_7","19","location-x","point","4.01","20237","20237","","","","","Block5","false","","",""
"674cb1e5dd135ab435dece3f","block5_test_7","19","location-y","point","7.79","20237","20237","","","","","Block5","false","","",""
"674cb1e5dd135ab435dece3f","block5_test_7","19","slider-x","point","4.09","20237","20237","","","","","Block5","false","","",""
"674cb1e5dd135ab435dece3f","block5_test_7","19","slider-y","point","7.69","20237","20237","","","","","Block5","false","","",""
"674cb1e5dd135ab435dece3f","block5_test_7","19","px-slider-x","point","536.3149999999999","20237","20237","","","","","Block5","false","","",""
"674cb1e5dd135ab435dece3f","block5_test_7","19","px-slider-y","point","106.24499999999999","20237","20237","","","","","Block5","false","","",""
"674cb1e5dd135ab435dece3f","block5_test_7","19","px-location-x","point","532.0350000000001","20237","20237","","","","","Block5","false","","",""
"674cb1e5dd135ab435dece3f","block5_test_7","19","px-location-y","point","102.29499999999999","20237","20237","","","","","Block5","false","","",""
"674cb1e5dd135ab435dece3f","block5_test_7","19","windowEvents","point","{""focus"":3,""input"":0,""keydown"":0,""keyup"":0,""mousemove"":85,""mousedown"":5,""mouseup"":5,""resize"":0,""scroll"":0,""visibility"":0}","","","","","","","","","","",""
"674cb1e5dd135ab435dece3f","task2_intro","20","","point","","26998","26998","","","","","","","","",""
"674cb1e5dd135ab435dece3f","task2_intro","20","windowEvents","point","{""focus"":1,""input"":0,""keydown"":0,""keyup"":0,""mousemove"":29,""mousedown"":1,""mouseup"":1,""resize"":0,""scroll"":0,""visibility"":0}","","","","","","","","","","",""
"674cb1e5dd135ab435dece3f","moritz_train_point_1","21","pixelResponse","point","106","96667","96667","","","","","pointArc","true","","","8"
"674cb1e5dd135ab435dece3f","moritz_train_point_1","21","numericResponse","point","0.47","96667","96667","","","","","pointArc","true","","","8"
"674cb1e5dd135ab435dece3f","moritz_train_point_1","21","windowEvents","point","{""focus"":3,""input"":0,""keydown"":0,""keyup"":0,""mousemove"":129,""mousedown"":5,""mouseup"":5,""resize"":0,""scroll"":0,""visibility"":0}","","","","","","","","","","",""
"674cb1e5dd135ab435dece3f","moritz_train_point_2","22","pixelResponse","point","89.99999999999999","20871","20871","","","","","pointArc","true","","","9"
"674cb1e5dd135ab435dece3f","moritz_train_point_2","22","numericResponse","point","0.55","20871","20871","","","","","pointArc","true","","","9"
"674cb1e5dd135ab435dece3f","moritz_train_point_2","22","windowEvents","point","{""focus"":3,""input"":0,""keydown"":0,""keyup"":0,""mousemove"":91,""mousedown"":4,""mouseup"":4,""resize"":0,""scroll"":0,""visibility"":0}","","","","","","","","","","",""
"674cb1e5dd135ab435dece3f","task2_test_intro","23","","point","","10858","10858","","","","","","","","",""
"674cb1e5dd135ab435dece3f","task2_test_intro","23","windowEvents","point","{""focus"":1,""input"":0,""keydown"":0,""keyup"":0,""mousemove"":36,""mousedown"":1,""mouseup"":1,""resize"":0,""scroll"":0,""visibility"":0}","","","","","","","","","","",""
"674cb1e5dd135ab435dece3f","point_task_30","24","pixelResponse","point","67.99999999999999","14309","14309","","","","","point","","","","89"
"674cb1e5dd135ab435dece3f","point_task_30","24","numericResponse","point","0.66","14309","14309","","","","","point","","","","89"
"674cb1e5dd135ab435dece3f","point_task_30","24","windowEvents","point","{""focus"":2,""input"":0,""keydown"":0,""keyup"":0,""mousemove"":73,""mousedown"":4,""mouseup"":4,""resize"":0,""scroll"":0,""visibility"":0}","","","","","","","","","","",""
"674cb1e5dd135ab435dece3f","point_task_27","25","pixelResponse","point","118.00000000000001","15134","15134","","","","","point","","","","78"
"674cb1e5dd135ab435dece3f","point_task_27","25","numericResponse","point","0.41","15134","15134","","","","","point","","","","78"
"674cb1e5dd135ab435dece3f","point_task_27","25","windowEvents","point","{""focus"":2,""input"":0,""keydown"":0,""keyup"":0,""mousemove"":82,""mousedown"":4,""mouseup"":4,""resize"":0,""scroll"":0,""visibility"":0}","","","","","","","","","","",""
"674cb1e5dd135ab435dece3f","point_task_41","26","pixelResponse","point","87.99999999999999","12138","12138","","","","","point","","","","124"
"674cb1e5dd135ab435dece3f","point_task_41","26","numericResponse","point","0.56","12138","12138","","","","","point","","","","124"
"674cb1e5dd135ab435dece3f","point_task_41","26","windowEvents","point","{""focus"":1,""input"":0,""keydown"":0,""keyup"":0,""mousemove"":68,""mousedown"":3,""mouseup"":4,""resize"":0,""scroll"":0,""visibility"":0}","","","","","","","","","","",""
"674cb1e5dd135ab435dece3f","point_task_45","27","pixelResponse","point","128","5645","5645","","","","","point","","","","136"
"674cb1e5dd135ab435dece3f","point_task_45","27","numericResponse","point","0.36","5645","5645","","","","","point","","","","136"
"674cb1e5dd135ab435dece3f","point_task_45","27","windowEvents","point","{""focus"":2,""input"":0,""keydown"":0,""keyup"":0,""mousemove"":28,""mousedown"":4,""mouseup"":3,""resize"":0,""scroll"":0,""visibility"":0}","","","","","","","","","","",""
"674cb1e5dd135ab435dece3f","point_task_29","28","pixelResponse","point","124","9300","9300","","","","","point","","","","88"
"674cb1e5dd135ab435dece3f","point_task_29","28","numericResponse","point","0.38","9300","9300","","","","","point","","","","88"
"674cb1e5dd135ab435dece3f","point_task_29","28","windowEvents","point","{""focus"":3,""input"":0,""keydown"":0,""keyup"":0,""mousemove"":38,""mousedown"":3,""mouseup"":3,""resize"":0,""scroll"":0,""visibility"":0}","","","","","","","","","","",""
"674cb1e5dd135ab435dece3f","point_task_22","29","pixelResponse","point","89.99999999999999","6870","6870","","","","","point","","","","65"
"674cb1e5dd135ab435dece3f","point_task_22","29","numericResponse","point","0.55","6870","6870","","","","","point","","","","65"
"674cb1e5dd135ab435dece3f","point_task_22","29","windowEvents","point","{""focus"":2,""input"":0,""keydown"":0,""keyup"":0,""mousemove"":31,""mousedown"":3,""mouseup"":3,""resize"":0,""scroll"":0,""visibility"":0}","","","","","","","","","","",""
"674cb1e5dd135ab435dece3f","point_task_10","30","pixelResponse","point","76","8424","8424","","","","","point","","","","29"
"674cb1e5dd135ab435dece3f","point_task_10","30","numericResponse","point","0.62","8424","8424","","","","","point","","","","29"
"674cb1e5dd135ab435dece3f","point_task_10","30","windowEvents","point","{""focus"":1,""input"":0,""keydown"":0,""keyup"":0,""mousemove"":39,""mousedown"":2,""mouseup"":3,""resize"":0,""scroll"":0,""visibility"":0}","","","","","","","","","","",""
"674cb1e5dd135ab435dece3f","point_task_35","31","pixelResponse","point","122","7217","7217","","","","","point","","","","102"
"674cb1e5dd135ab435dece3f","point_task_35","31","numericResponse","point","0.39","7217","7217","","","","","point","","","","102"
"674cb1e5dd135ab435dece3f","point_task_35","31","windowEvents","point","{""focus"":3,""input"":0,""keydown"":0,""keyup"":0,""mousemove"":33,""mousedown"":4,""mouseup"":3,""resize"":0,""scroll"":0,""visibility"":0}","","","","","","","","","","",""
"674cb1e5dd135ab435dece3f","point_task_36","32","pixelResponse","point","92","4642","4642","","","","","point","","","","103"
"674cb1e5dd135ab435dece3f","point_task_36","32","numericResponse","point","0.54","4642","4642","","","","","point","","","","103"
"674cb1e5dd135ab435dece3f","point_task_36","32","windowEvents","point","{""focus"":1,""input"":0,""keydown"":0,""keyup"":0,""mousemove"":23,""mousedown"":2,""mouseup"":3,""resize"":0,""scroll"":0,""visibility"":0}","","","","","","","","","","",""
"674cb1e5dd135ab435dece3f","point_task_18","33","pixelResponse","point","92","5749","5749","","","","","point","","","","53"
"674cb1e5dd135ab435dece3f","point_task_18","33","numericResponse","point","0.54","5749","5749","","","","","point","","","","53"
"674cb1e5dd135ab435dece3f","point_task_18","33","windowEvents","point","{""focus"":2,""input"":0,""keydown"":0,""keyup"":0,""mousemove"":30,""mousedown"":3,""mouseup"":3,""resize"":0,""scroll"":0,""visibility"":0}","","","","","","","","","","",""
"674cb1e5dd135ab435dece3f","point_task_38","34","pixelResponse","point","82.00000000000001","10883","10883","","","","","point","","","","113"
"674cb1e5dd135ab435dece3f","point_task_38","34","numericResponse","point","0.59","10883","10883","","","","","point","","","","113"
"674cb1e5dd135ab435dece3f","point_task_38","34","windowEvents","point","{""focus"":3,""input"":0,""keydown"":0,""keyup"":0,""mousemove"":36,""mousedown"":4,""mouseup"":3,""resize"":0,""scroll"":0,""visibility"":0}","","","","","","","","","","",""
"674cb1e5dd135ab435dece3f","point_task_13","35","pixelResponse","point","112.00000000000001","5976","5976","","","","","point","","","","40"
"674cb1e5dd135ab435dece3f","point_task_13","35","numericResponse","point","0.44","5976","5976","","","","","point","","","","40"
"674cb1e5dd135ab435dece3f","point_task_13","35","windowEvents","point","{""focus"":2,""input"":0,""keydown"":0,""keyup"":0,""mousemove"":29,""mousedown"":3,""mouseup"":3,""resize"":0,""scroll"":0,""visibility"":0}","","","","","","","","","","",""
"674cb1e5dd135ab435dece3f","point_task_39","36","pixelResponse","point","134","11545","11545","","","","","point","","","","114"
"674cb1e5dd135ab435dece3f","point_task_39","36","numericResponse","point","0.33","11545","11545","","","","","point","","","","114"
"674cb1e5dd135ab435dece3f","point_task_39","36","windowEvents","point","{""focus"":1,""input"":0,""keydown"":0,""keyup"":0,""mousemove"":54,""mousedown"":4,""mouseup"":4,""resize"":0,""scroll"":0,""visibility"":0}","","","","","","","","","","",""
"674cb1e5dd135ab435dece3f","point_task_2","37","pixelResponse","point","87.99999999999999","6262","6262","","","","","point","","","","5"
"674cb1e5dd135ab435dece3f","point_task_2","37","numericResponse","point","0.56","6262","6262","","","","","point","","","","5"
"674cb1e5dd135ab435dece3f","point_task_2","37","windowEvents","point","{""focus"":2,""input"":0,""keydown"":0,""keyup"":0,""mousemove"":27,""mousedown"":2,""mouseup"":3,""resize"":0,""scroll"":0,""visibility"":0}","","","","","","","","","","",""
"674cb1e5dd135ab435dece3f","point_task_43","38","pixelResponse","point","94","6560","6560","","","","","point","","","","126"
"674cb1e5dd135ab435dece3f","point_task_43","38","numericResponse","point","0.53","6560","6560","","","","","point","","","","126"
"674cb1e5dd135ab435dece3f","point_task_43","38","windowEvents","point","{""focus"":3,""input"":0,""keydown"":0,""keyup"":0,""mousemove"":36,""mousedown"":4,""mouseup"":3,""resize"":0,""scroll"":0,""visibility"":0}","","","","","","","","","","",""
"674cb1e5dd135ab435dece3f","point_task_33","39","pixelResponse","point","144","9026","9026","","","","","point","","","","100"
"674cb1e5dd135ab435dece3f","point_task_33","39","numericResponse","point","0.28","9026","9026","","","","","point","","","","100"
"674cb1e5dd135ab435dece3f","point_task_33","39","windowEvents","point","{""focus"":2,""input"":0,""keydown"":0,""keyup"":0,""mousemove"":47,""mousedown"":4,""mouseup"":4,""resize"":0,""scroll"":0,""visibility"":0}","","","","","","","","","","",""
"674cb1e5dd135ab435dece3f","point_task_7","40","pixelResponse","point","118.00000000000001","5542","5542","","","","","point","","","","18"
"674cb1e5dd135ab435dece3f","point_task_7","40","numericResponse","point","0.41","5542","5542","","","","","point","","","","18"
"674cb1e5dd135ab435dece3f","point_task_7","40","windowEvents","point","{""focus"":1,""input"":0,""keydown"":0,""keyup"":0,""mousemove"":28,""mousedown"":2,""mouseup"":3,""resize"":0,""scroll"":0,""visibility"":0}","","","","","","","","","","",""
"674cb1e5dd135ab435dece3f","point_task_12","41","pixelResponse","point","89.99999999999999","7162","7162","","","","","point","","","","31"
"674cb1e5dd135ab435dece3f","point_task_12","41","numericResponse","point","0.55","7162","7162","","","","","point","","","","31"
"674cb1e5dd135ab435dece3f","point_task_12","41","windowEvents","point","{""focus"":2,""input"":0,""keydown"":0,""keyup"":0,""mousemove"":34,""mousedown"":3,""mouseup"":3,""resize"":0,""scroll"":0,""visibility"":0}","","","","","","","","","","",""
"674cb1e5dd135ab435dece3f","point_task_46","42","pixelResponse","point","37.999999999999986","9812","9812","","","","","point","","","","137"
"674cb1e5dd135ab435dece3f","point_task_46","42","numericResponse","point","0.81","9812","9812","","","","","point","","","","137"
"674cb1e5dd135ab435dece3f","point_task_46","42","windowEvents","point","{""focus"":2,""input"":0,""keydown"":0,""keyup"":0,""mousemove"":29,""mousedown"":3,""mouseup"":3,""resize"":0,""scroll"":0,""visibility"":0}","","","","","","","","","","",""
"674cb1e5dd135ab435dece3f","point_task_31","43","pixelResponse","point","130","7330","7330","","","","","point","","","","90"
"674cb1e5dd135ab435dece3f","point_task_31","43","numericResponse","point","0.35","7330","7330","","","","","point","","","","90"
"674cb1e5dd135ab435dece3f","point_task_31","43","windowEvents","point","{""focus"":3,""input"":0,""keydown"":0,""keyup"":0,""mousemove"":28,""mousedown"":4,""mouseup"":3,""resize"":0,""scroll"":0,""visibility"":0}","","","","","","","","","","",""
"674cb1e5dd135ab435dece3f","point_task_8","44","pixelResponse","point","76","8100","8100","","","","","point","","","","19"
"674cb1e5dd135ab435dece3f","point_task_8","44","numericResponse","point","0.62","8100","8100","","","","","point","","","","19"
"674cb1e5dd135ab435dece3f","point_task_8","44","windowEvents","point","{""focus"":2,""input"":0,""keydown"":0,""keyup"":0,""mousemove"":48,""mousedown"":3,""mouseup"":3,""resize"":0,""scroll"":0,""visibility"":0}","","","","","","","","","","",""
"674cb1e5dd135ab435dece3f","point_task_3","45","pixelResponse","point","120","6771","6771","","","","","point","","","","6"
"674cb1e5dd135ab435dece3f","point_task_3","45","numericResponse","point","0.4","6771","6771","","","","","point","","","","6"
"674cb1e5dd135ab435dece3f","point_task_3","45","windowEvents","point","{""focus"":2,""input"":0,""keydown"":0,""keyup"":0,""mousemove"":36,""mousedown"":3,""mouseup"":3,""resize"":0,""scroll"":0,""visibility"":0}","","","","","","","","","","",""
"674cb1e5dd135ab435dece3f","point_task_17","46","pixelResponse","point","80","5629","5629","","","","","point","","","","52"
"674cb1e5dd135ab435dece3f","point_task_17","46","numericResponse","point","0.6","5629","5629","","","","","point","","","","52"
"674cb1e5dd135ab435dece3f","point_task_17","46","windowEvents","point","{""focus"":2,""input"":0,""keydown"":0,""keyup"":0,""mousemove"":30,""mousedown"":3,""mouseup"":3,""resize"":0,""scroll"":0,""visibility"":0}","","","","","","","","","","",""
"674cb1e5dd135ab435dece3f","point_task_26","47","pixelResponse","point","58.00000000000001","7295","7295","","","","","point","","","","77"
"674cb1e5dd135ab435dece3f","point_task_26","47","numericResponse","point","0.71","7295","7295","","","","","point","","","","77"
"674cb1e5dd135ab435dece3f","point_task_26","47","windowEvents","point","{""focus"":2,""input"":0,""keydown"":0,""keyup"":0,""mousemove"":32,""mousedown"":3,""mouseup"":3,""resize"":0,""scroll"":0,""visibility"":0}","","","","","","","","","","",""
"674cb1e5dd135ab435dece3f","point_task_11","48","pixelResponse","point","122","6417","6417","","","","","point","","","","30"
"674cb1e5dd135ab435dece3f","point_task_11","48","numericResponse","point","0.39","6417","6417","","","","","point","","","","30"
"674cb1e5dd135ab435dece3f","point_task_11","48","windowEvents","point","{""focus"":2,""input"":0,""keydown"":0,""keyup"":0,""mousemove"":33,""mousedown"":3,""mouseup"":3,""resize"":0,""scroll"":0,""visibility"":0}","","","","","","","","","","",""
"674cb1e5dd135ab435dece3f","point_task_19","49","pixelResponse","point","89.99999999999999","6516","6516","","","","","point","","","","54"
"674cb1e5dd135ab435dece3f","point_task_19","49","numericResponse","point","0.55","6516","6516","","","","","point","","","","54"
"674cb1e5dd135ab435dece3f","point_task_19","49","windowEvents","point","{""focus"":2,""input"":0,""keydown"":0,""keyup"":0,""mousemove"":38,""mousedown"":3,""mouseup"":3,""resize"":0,""scroll"":0,""visibility"":0}","","","","","","","","","","",""
"674cb1e5dd135ab435dece3f","point_task_16","50","pixelResponse","point","74","6771","6771","","","","","point","","","","43"
"674cb1e5dd135ab435dece3f","point_task_16","50","numericResponse","point","0.63","6771","6771","","","","","point","","","","43"
"674cb1e5dd135ab435dece3f","point_task_16","50","windowEvents","point","{""focus"":2,""input"":0,""keydown"":0,""keyup"":0,""mousemove"":36,""mousedown"":3,""mouseup"":3,""resize"":0,""scroll"":0,""visibility"":0}","","","","","","","","","","",""
"674cb1e5dd135ab435dece3f","point_task_28","51","pixelResponse","point","65.99999999999999","7474","7474","","","","","point","","","","79"
"674cb1e5dd135ab435dece3f","point_task_28","51","numericResponse","point","0.67","7474","7474","","","","","point","","","","79"
"674cb1e5dd135ab435dece3f","point_task_28","51","windowEvents","point","{""focus"":1,""input"":0,""keydown"":0,""keyup"":0,""mousemove"":43,""mousedown"":2,""mouseup"":3,""resize"":0,""scroll"":0,""visibility"":0}","","","","","","","","","","",""
"674cb1e5dd135ab435dece3f","point_task_44","52","pixelResponse","point","98","7994","7994","","","","","point","","","","127"
"674cb1e5dd135ab435dece3f","point_task_44","52","numericResponse","point","0.51","7994","7994","","","","","point","","","","127"
"674cb1e5dd135ab435dece3f","point_task_44","52","windowEvents","point","{""focus"":3,""input"":0,""keydown"":0,""keyup"":0,""mousemove"":28,""mousedown"":4,""mouseup"":3,""resize"":0,""scroll"":0,""visibility"":0}","","","","","","","","","","",""
"674cb1e5dd135ab435dece3f","point_task_25","53","pixelResponse","point","152","6487","6487","","","","","point","","","","76"
"674cb1e5dd135ab435dece3f","point_task_25","53","numericResponse","point","0.24","6487","6487","","","","","point","","","","76"
"674cb1e5dd135ab435dece3f","point_task_25","53","windowEvents","point","{""focus"":2,""input"":0,""keydown"":0,""keyup"":0,""mousemove"":33,""mousedown"":3,""mouseup"":3,""resize"":0,""scroll"":0,""visibility"":0}","","","","","","","","","","",""
"674cb1e5dd135ab435dece3f","point_task_5","54","pixelResponse","point","98","7398","7398","","","","","point","","","","16"
"674cb1e5dd135ab435dece3f","point_task_5","54","numericResponse","point","0.51","7398","7398","","","","","point","","","","16"
"674cb1e5dd135ab435dece3f","point_task_5","54","windowEvents","point","{""focus"":2,""input"":0,""keydown"":0,""keyup"":0,""mousemove"":39,""mousedown"":3,""mouseup"":3,""resize"":0,""scroll"":0,""visibility"":0}","","","","","","","","","","",""
"674cb1e5dd135ab435dece3f","point_task_15","55","pixelResponse","point","128","6397","6397","","","","","point","","","","42"
"674cb1e5dd135ab435dece3f","point_task_15","55","numericResponse","point","0.36","6397","6397","","","","","point","","","","42"
"674cb1e5dd135ab435dece3f","point_task_15","55","windowEvents","point","{""focus"":2,""input"":0,""keydown"":0,""keyup"":0,""mousemove"":40,""mousedown"":3,""mouseup"":3,""resize"":0,""scroll"":0,""visibility"":0}","","","","","","","","","","",""
"674cb1e5dd135ab435dece3f","point_task_37","56","pixelResponse","point","141.99999999999997","11640","11640","","","","","point","","","","112"
"674cb1e5dd135ab435dece3f","point_task_37","56","numericResponse","point","0.29","11640","11640","","","","","point","","","","112"
"674cb1e5dd135ab435dece3f","point_task_37","56","windowEvents","point","{""focus"":1,""input"":0,""keydown"":0,""keyup"":0,""mousemove"":65,""mousedown"":3,""mouseup"":4,""resize"":0,""scroll"":0,""visibility"":0}","","","","","","","","","","",""
"674cb1e5dd135ab435dece3f","point_task_21","57","pixelResponse","point","122","8537","8537","","","","","point","","","","64"
"674cb1e5dd135ab435dece3f","point_task_21","57","numericResponse","point","0.39","8537","8537","","","","","point","","","","64"
"674cb1e5dd135ab435dece3f","point_task_21","57","windowEvents","point","{""focus"":3,""input"":0,""keydown"":0,""keyup"":0,""mousemove"":38,""mousedown"":4,""mouseup"":3,""resize"":0,""scroll"":0,""visibility"":0}","","","","","","","","","","",""
"674cb1e5dd135ab435dece3f","point_task_32","58","pixelResponse","point","118.00000000000001","6343","6343","","","","","point","","","","91"
"674cb1e5dd135ab435dece3f","point_task_32","58","numericResponse","point","0.41","6343","6343","","","","","point","","","","91"
"674cb1e5dd135ab435dece3f","point_task_32","58","windowEvents","point","{""focus"":2,""input"":0,""keydown"":0,""keyup"":0,""mousemove"":36,""mousedown"":3,""mouseup"":3,""resize"":0,""scroll"":0,""visibility"":0}","","","","","","","","","","",""
"674cb1e5dd135ab435dece3f","point_task_14","59","pixelResponse","point","94","5280","5280","","","","","point","","","","41"
"674cb1e5dd135ab435dece3f","point_task_14","59","numericResponse","point","0.53","5280","5280","","","","","point","","","","41"
"674cb1e5dd135ab435dece3f","point_task_14","59","windowEvents","point","{""focus"":1,""input"":0,""keydown"":0,""keyup"":0,""mousemove"":35,""mousedown"":2,""mouseup"":3,""resize"":0,""scroll"":0,""visibility"":0}","","","","","","","","","","",""
"674cb1e5dd135ab435dece3f","point_task_42","60","pixelResponse","point","112.00000000000001","9728","9728","","","","","point","","","","125"
"674cb1e5dd135ab435dece3f","point_task_42","60","numericResponse","point","0.44","9728","9728","","","","","point","","","","125"
"674cb1e5dd135ab435dece3f","point_task_42","60","windowEvents","point","{""focus"":3,""input"":0,""keydown"":0,""keyup"":0,""mousemove"":38,""mousedown"":4,""mouseup"":3,""resize"":0,""scroll"":0,""visibility"":0}","","","","","","","","","","",""
"674cb1e5dd135ab435dece3f","point_task_20","61","pixelResponse","point","116.00000000000001","25297","25297","","","","","point","","","","55"
"674cb1e5dd135ab435dece3f","point_task_20","61","numericResponse","point","0.42","25297","25297","","","","","point","","","","55"
"674cb1e5dd135ab435dece3f","point_task_20","61","windowEvents","point","{""focus"":1,""input"":0,""keydown"":0,""keyup"":0,""mousemove"":39,""mousedown"":3,""mouseup"":4,""resize"":0,""scroll"":0,""visibility"":0}","","","","","","","","","","",""
"674cb1e5dd135ab435dece3f","point_task_48","62","pixelResponse","point","39.99999999999999","8858","8858","","","","","point","","","","139"
"674cb1e5dd135ab435dece3f","point_task_48","62","numericResponse","point","0.8","8858","8858","","","","","point","","","","139"
"674cb1e5dd135ab435dece3f","point_task_48","62","windowEvents","point","{""focus"":2,""input"":0,""keydown"":0,""keyup"":0,""mousemove"":50,""mousedown"":3,""mouseup"":3,""resize"":0,""scroll"":0,""visibility"":0}","","","","","","","","","","",""
"674cb1e5dd135ab435dece3f","point_task_4","63","pixelResponse","point","104.00000000000001","7019","7019","","","","","point","","","","7"
"674cb1e5dd135ab435dece3f","point_task_4","63","numericResponse","point","0.48","7019","7019","","","","","point","","","","7"
"674cb1e5dd135ab435dece3f","point_task_4","63","windowEvents","point","{""focus"":2,""input"":0,""keydown"":0,""keyup"":0,""mousemove"":34,""mousedown"":3,""mouseup"":3,""resize"":0,""scroll"":0,""visibility"":0}","","","","","","","","","","",""
"674cb1e5dd135ab435dece3f","point_task_23","64","pixelResponse","point","100","5555","5555","","","","","point","","","","66"
"674cb1e5dd135ab435dece3f","point_task_23","64","numericResponse","point","0.5","5555","5555","","","","","point","","","","66"
"674cb1e5dd135ab435dece3f","point_task_23","64","windowEvents","point","{""focus"":2,""input"":0,""keydown"":0,""keyup"":0,""mousemove"":31,""mousedown"":3,""mouseup"":3,""resize"":0,""scroll"":0,""visibility"":0}","","","","","","","","","","",""
"674cb1e5dd135ab435dece3f","point_task_47","65","pixelResponse","point","138","7189","7189","","","","","point","","","","138"
"674cb1e5dd135ab435dece3f","point_task_47","65","numericResponse","point","0.31","7189","7189","","","","","point","","","","138"
"674cb1e5dd135ab435dece3f","point_task_47","65","windowEvents","point","{""focus"":3,""input"":0,""keydown"":0,""keyup"":0,""mousemove"":41,""mousedown"":4,""mouseup"":3,""resize"":0,""scroll"":0,""visibility"":0}","","","","","","","","","","",""
"674cb1e5dd135ab435dece3f","point_task_6","66","pixelResponse","point","82.00000000000001","8452","8452","","","","","point","","","","17"
"674cb1e5dd135ab435dece3f","point_task_6","66","numericResponse","point","0.59","8452","8452","","","","","point","","","","17"
"674cb1e5dd135ab435dece3f","point_task_6","66","windowEvents","point","{""focus"":2,""input"":0,""keydown"":0,""keyup"":0,""mousemove"":44,""mousedown"":3,""mouseup"":3,""resize"":0,""scroll"":0,""visibility"":0}","","","","","","","","","","",""
"674cb1e5dd135ab435dece3f","point_task_40","67","pixelResponse","point","64","7247","7247","","","","","point","","","","115"
"674cb1e5dd135ab435dece3f","point_task_40","67","numericResponse","point","0.68","7247","7247","","","","","point","","","","115"
"674cb1e5dd135ab435dece3f","point_task_40","67","windowEvents","point","{""focus"":1,""input"":0,""keydown"":0,""keyup"":0,""mousemove"":41,""mousedown"":2,""mouseup"":3,""resize"":0,""scroll"":0,""visibility"":0}","","","","","","","","","","",""
"674cb1e5dd135ab435dece3f","point_task_24","68","pixelResponse","point","78","27412","27412","","","","","point","","","","67"
"674cb1e5dd135ab435dece3f","point_task_24","68","numericResponse","point","0.61","27412","27412","","","","","point","","","","67"
"674cb1e5dd135ab435dece3f","point_task_24","68","windowEvents","point","{""focus"":3,""input"":0,""keydown"":0,""keyup"":0,""mousemove"":58,""mousedown"":4,""mouseup"":3,""resize"":0,""scroll"":0,""visibility"":0}","","","","","","","","","","",""
"674cb1e5dd135ab435dece3f","point_task_1","69","pixelResponse","point","114.00000000000001","8424","8424","","","","","point","","","","4"
"674cb1e5dd135ab435dece3f","point_task_1","69","numericResponse","point","0.43","8424","8424","","","","","point","","","","4"
"674cb1e5dd135ab435dece3f","point_task_1","69","windowEvents","point","{""focus"":2,""input"":0,""keydown"":0,""keyup"":0,""mousemove"":47,""mousedown"":3,""mouseup"":3,""resize"":0,""scroll"":0,""visibility"":0}","","","","","","","","","","",""
"674cb1e5dd135ab435dece3f","point_task_34","70","pixelResponse","point","65.99999999999999","9661","9661","","","","","point","","","","101"
"674cb1e5dd135ab435dece3f","point_task_34","70","numericResponse","point","0.67","9661","9661","","","","","point","","","","101"
"674cb1e5dd135ab435dece3f","point_task_34","70","windowEvents","point","{""focus"":1,""input"":0,""keydown"":0,""keyup"":0,""mousemove"":44,""mousedown"":2,""mouseup"":3,""resize"":0,""scroll"":0,""visibility"":0}","","","","","","","","","","",""
"674cb1e5dd135ab435dece3f","point_task_9","71","pixelResponse","point","140","41039","41039","","","","","point","","","","28"
"674cb1e5dd135ab435dece3f","point_task_9","71","numericResponse","point","0.3","41039","41039","","","","","point","","","","28"
"674cb1e5dd135ab435dece3f","point_task_9","71","windowEvents","point","{""focus"":2,""input"":0,""keydown"":0,""keyup"":0,""mousemove"":64,""mousedown"":4,""mouseup"":4,""resize"":0,""scroll"":0,""visibility"":0}","","","","","","","","","","",""
"674cb1e5dd135ab435dece3f","post_study","72","gender","point","Female","35848","35848","","","","","","","","",""
"674cb1e5dd135ab435dece3f","post_study","72","gender-other","point","","35848","35848","","","","","","","","",""
"674cb1e5dd135ab435dece3f","post_study","72","age","point","59","35848","35848","","","","","","","","",""
"674cb1e5dd135ab435dece3f","post_study","72","feedback","point","No","35848","35848","","","","","","","","",""
"674cb1e5dd135ab435dece3f","post_study","72","feedback-text","point","","35848","35848","","","","","","","","",""
"674cb1e5dd135ab435dece3f","post_study","72","strategy","point","gut instinct","35848","35848","","","","","","","","",""
"674cb1e5dd135ab435dece3f","post_study","72","windowEvents","point","{""focus"":5,""input"":15,""keydown"":13,""keyup"":13,""mousemove"":122,""mousedown"":6,""mouseup"":6,""resize"":0,""scroll"":0,""visibility"":0}","","","","","","","","","","",""
"6941ab4f0423e9fd1598fdf1","participantTags","","participantTags","point","[""virtual-chinrest"",""point""]","","","","","","","","","","",""
"6941ab4f0423e9fd1598fdf1","introduction","0","prolificId","point","6941ab4f0423e9fd1598fdf1","5872","5872","","","","","","","","",""
"6941ab4f0423e9fd1598fdf1","introduction","0","windowEvents","point","{""focus"":1,""input"":0,""keydown"":0,""keyup"":0,""mousemove"":8,""mousedown"":1,""mouseup"":0,""resize"":0,""scroll"":0,""visibility"":0}","","","","","","","","","","",""
"6941ab4f0423e9fd1598fdf1","consent","1","consentApproval","point","Accept","42193","42193","","","","","","","","",""
"6941ab4f0423e9fd1598fdf1","consent","1","windowEvents","point","{""focus"":2,""input"":1,""keydown"":0,""keyup"":0,""mousemove"":25,""mousedown"":2,""mouseup"":2,""resize"":0,""scroll"":70,""visibility"":0}","","","","","","","","","","",""
"6941ab4f0423e9fd1598fdf1","chinrest_intro","2","","point","","9606","9606","","","","","","","","",""
"6941ab4f0423e9fd1598fdf1","chinrest_intro","2","windowEvents","point","{""focus"":1,""input"":0,""keydown"":0,""keyup"":0,""mousemove"":31,""mousedown"":1,""mouseup"":1,""resize"":7,""scroll"":1,""visibility"":0}","","","","","","","","","","",""
"6941ab4f0423e9fd1598fdf1","$virtual-chinrest.components.card-size","3","pixelsPerMM","point","4.474299065420561","35577","35577","pixelsPerMM","85.6","53.98","","","","","",""
"6941ab4f0423e9fd1598fdf1","$virtual-chinrest.components.card-size","3","windowEvents","point","{""focus"":3,""input"":0,""keydown"":0,""keyup"":0,""mousemove"":72,""mousedown"":4,""mouseup"":4,""resize"":0,""scroll"":0,""visibility"":0}","","","","","","","","","","",""
"6941ab4f0423e9fd1598fdf1","$virtual-chinrest.components.blindspot-distance","4","dist-calibration-MM","point","655.0087232401277","32207","32207","","","","13.5","","","","",""
"6941ab4f0423e9fd1598fdf1","$virtual-chinrest.components.blindspot-distance","4","dist-calibration-CM","point","65.50087232401276","32207","32207","","","","13.5","","","","",""
"6941ab4f0423e9fd1598fdf1","$virtual-chinrest.components.blindspot-distance","4","ball-positions","point","[490,498,464,490,480]","32207","32207","","","","13.5","","","","",""
"6941ab4f0423e9fd1598fdf1","$virtual-chinrest.components.blindspot-distance","4","square-position","point","1188","32207","32207","","","","13.5","","","","",""
"6941ab4f0423e9fd1598fdf1","$virtual-chinrest.components.blindspot-distance","4","windowEvents","point","{""focus"":1,""input"":0,""keydown"":10,""keyup"":10,""mousemove"":7,""mousedown"":1,""mouseup"":1,""resize"":0,""scroll"":0,""visibility"":0}","","","","","","","","","","",""
"6941ab4f0423e9fd1598fdf1","study_overview","5","","point","","12614","12614","","","","","","","","",""
"6941ab4f0423e9fd1598fdf1","study_overview","5","windowEvents","point","{""focus"":1,""input"":0,""keydown"":0,""keyup"":0,""mousemove"":14,""mousedown"":1,""mouseup"":1,""resize"":0,""scroll"":0,""visibility"":0}","","","","","","","","","","",""
"6941ab4f0423e9fd1598fdf1","task1_intro","6","","point","","16138","16138","","","","","","","","",""
"6941ab4f0423e9fd1598fdf1","task1_intro","6","windowEvents","point","{""focus"":2,""input"":0,""keydown"":0,""keyup"":0,""mousemove"":35,""mousedown"":0,""mouseup"":1,""resize"":0,""scroll"":0,""visibility"":0}","","","","","","","","","","",""
"6941ab4f0423e9fd1598fdf1","block5_train_1","7","location-x","point","0.25","23810","23810","","","","","Block5","true","0.25","4.5",""
"6941ab4f0423e9fd1598fdf1","block5_train_1","7","location-y","point","4.5","23810","23810","","","","","Block5","true","0.25","4.5",""
"6941ab4f0423e9fd1598fdf1","block5_train_1","7","slider-x","point","0.24","23810","23810","","","","","Block5","true","0.25","4.5",""
"6941ab4f0423e9fd1598fdf1","block5_train_1","7","slider-y","point","4.47","23810","23810","","","","","Block5","true","0.25","4.5",""
"6941ab4f0423e9fd1598fdf1","block5_train_1","7","px-slider-x","point","330.34000000000003","23810","23810","","","","","Block5","true","0.25","4.5",""
"6941ab4f0423e9fd1598fdf1","block5_train_1","7","px-slider-y","point","233.43500000000003","23810","23810","","","","","Block5","true","0.25","4.5",""
"6941ab4f0423e9fd1598fdf1","block5_train_1","7","px-location-x","point","330.875","23810","23810","","","","","Block5","true","0.25","4.5",""
"6941ab4f0423e9fd1598fdf1","block5_train_1","7","px-location-y","point","232.25000000000003","23810","23810","","","","","Block5","true","0.25","4.5",""
"6941ab4f0423e9fd1598fdf1","block5_train_1","7","windowEvents","point","{""focus"":5,""input"":0,""keydown"":0,""keyup"":0,""mousemove"":64,""mousedown"":5,""mouseup"":4,""resize"":0,""scroll"":14,""visibility"":0}","","","","","","","","","","",""
"6941ab4f0423e9fd1598fdf1","block5_train_2","8","location-x","point","-1.5","19830","19830","","","","","Block5","true","-1.5","7.2",""
"6941ab4f0423e9fd1598fdf1","block5_train_2","8","location-y","point","7.2","19830","19830","","","","","Block5","true","-1.5","7.2",""
"6941ab4f0423e9fd1598fdf1","block5_train_2","8","slider-x","point","-1.49","19830","19830","","","","","Block5","true","-1.5","7.2",""
"6941ab4f0423e9fd1598fdf1","block5_train_2","8","slider-y","point","7.19","19830","19830","","","","","Block5","true","-1.5","7.2",""
"6941ab4f0423e9fd1598fdf1","block5_train_2","8","px-slider-x","point","237.78499999999997","19830","19830","","","","","Block5","true","-1.5","7.2",""
"6941ab4f0423e9fd1598fdf1","block5_train_2","8","px-slider-y","point","125.99499999999996","19830","19830","","","","","Block5","true","-1.5","7.2",""
"6941ab4f0423e9fd1598fdf1","block5_train_2","8","px-location-x","point","237.25","19830","19830","","","","","Block5","true","-1.5","7.2",""
"6941ab4f0423e9fd1598fdf1","block5_train_2","8","px-location-y","point","125.60000000000001","19830","19830","","","","","Block5","true","-1.5","7.2",""
"6941ab4f0423e9fd1598fdf1","block5_train_2","8","windowEvents","point","{""focus"":4,""input"":0,""keydown"":0,""keyup"":0,""mousemove"":91,""mousedown"":4,""mouseup"":4,""resize"":0,""scroll"":6,""visibility"":0}","","","","","","","","","","",""
"6941ab4f0423e9fd1598fdf1","task1_test_intro","9","","point","","4914","4914","","","","","","","","",""
"6941ab4f0423e9fd1598fdf1","task1_test_intro","9","windowEvents","point","{""focus"":1,""input"":0,""keydown"":0,""keyup"":0,""mousemove"":19,""mousedown"":1,""mouseup"":1,""resize"":0,""scroll"":1,""visibility"":0}","","","","","","","","","","",""
"6941ab4f0423e9fd1598fdf1","block5_test_1","10","location-x","point","1.57","19192","19192","","","","","Block5","false","","",""
"6941ab4f0423e9fd1598fdf1","block5_test_1","10","location-y","point","1.95","19192","19192","","","","","Block5","false","","",""
"6941ab4f0423e9fd1598fdf1","block5_test_1","10","slider-x","point","1.57","19192","19192","","","","","Block5","false","","",""
"6941ab4f0423e9fd1598fdf1","block5_test_1","10","slider-y","point","2.12","19192","19192","","","","","Block5","false","","",""
"6941ab4f0423e9fd1598fdf1","block5_test_1","10","px-slider-x","point","401.495","19192","19192","","","","","Block5","false","","",""
"6941ab4f0423e9fd1598fdf1","block5_test_1","10","px-slider-y","point","326.26000000000005","19192","19192","","","","","Block5","false","","",""
"6941ab4f0423e9fd1598fdf1","block5_test_1","10","px-location-x","point","401.495","19192","19192","","","","","Block5","false","","",""
"6941ab4f0423e9fd1598fdf1","block5_test_1","10","px-location-y","point","332.97499999999997","19192","19192","","","","","Block5","false","","",""
"6941ab4f0423e9fd1598fdf1","block5_test_1","10","windowEvents","point","{""focus"":3,""input"":0,""keydown"":0,""keyup"":0,""mousemove"":56,""mousedown"":3,""mouseup"":3,""resize"":0,""scroll"":0,""visibility"":0}","","","","","","","","","","",""
"6941ab4f0423e9fd1598fdf1","block5_test_8","11","location-x","point","3.62","18569","18569","","","","","Block5","false","","",""
"6941ab4f0423e9fd1598fdf1","block5_test_8","11","location-y","point","9.16","18569","18569","","","","","Block5","false","","",""
"6941ab4f0423e9fd1598fdf1","block5_test_8","11","slider-x","point","3.75","18569","18569","","","","","Block5","false","","",""
"6941ab4f0423e9fd1598fdf1","block5_test_8","11","slider-y","point","9.17","18569","18569","","","","","Block5","false","","",""
"6941ab4f0423e9fd1598fdf1","block5_test_8","11","px-slider-x","point","518.125","18569","18569","","","","","Block5","false","","",""
"6941ab4f0423e9fd1598fdf1","block5_test_8","11","px-slider-y","point","47.78499999999999","18569","18569","","","","","Block5","false","","",""
"6941ab4f0423e9fd1598fdf1","block5_test_8","11","px-location-x","point","511.17","18569","18569","","","","","Block5","false","","",""
"6941ab4f0423e9fd1598fdf1","block5_test_8","11","px-location-y","point","48.179999999999986","18569","18569","","","","","Block5","false","","",""
"6941ab4f0423e9fd1598fdf1","block5_test_8","11","windowEvents","point","{""focus"":3,""input"":0,""keydown"":0,""keyup"":0,""mousemove"":67,""mousedown"":3,""mouseup"":3,""resize"":0,""scroll"":0,""visibility"":0}","","","","","","","","","","",""
"6941ab4f0423e9fd1598fdf1","block5_test_2","12","location-x","point","-1.02","12285","12285","","","","","Block5","false","","",""
"6941ab4f0423e9fd1598fdf1","block5_test_2","12","location-y","point","7.4","12285","12285","","","","","Block5","false","","",""
"6941ab4f0423e9fd1598fdf1","block5_test_2","12","slider-x","point","-0.92","12285","12285","","","","","Block5","false","","",""
"6941ab4f0423e9fd1598fdf1","block5_test_2","12","slider-y","point","7.36","12285","12285","","","","","Block5","false","","",""
"6941ab4f0423e9fd1598fdf1","block5_test_2","12","px-slider-x","point","268.28000000000003","12285","12285","","","","","Block5","false","","",""
"6941ab4f0423e9fd1598fdf1","block5_test_2","12","px-slider-y","point","119.28","12285","12285","","","","","Block5","false","","",""
"6941ab4f0423e9fd1598fdf1","block5_test_2","12","px-location-x","point","262.93","12285","12285","","","","","Block5","false","","",""
"6941ab4f0423e9fd1598fdf1","block5_test_2","12","px-location-y","point","117.7","12285","12285","","","","","Block5","false","","",""
"6941ab4f0423e9fd1598fdf1","block5_test_2","12","windowEvents","point","{""focus"":2,""input"":0,""keydown"":0,""keyup"":0,""mousemove"":57,""mousedown"":2,""mouseup"":3,""resize"":0,""scroll"":0,""visibility"":0}","","","","","","","","","","",""
"6941ab4f0423e9fd1598fdf1","block5_test_9","13","location-x","point","1.42","18715","18715","","","","","Block5","false","","",""
"6941ab4f0423e9fd1598fdf1","block5_test_9","13","location-y","point","5.58","18715","18715","","","","","Block5","false","","",""
"6941ab4f0423e9fd1598fdf1","block5_test_9","13","slider-x","point","1.45","18715","18715","","","","","Block5","false","","",""
"6941ab4f0423e9fd1598fdf1","block5_test_9","13","slider-y","point","5.45","18715","18715","","","","","Block5","false","","",""
"6941ab4f0423e9fd1598fdf1","block5_test_9","13","px-slider-x","point","395.075","18715","18715","","","","","Block5","false","","",""
"6941ab4f0423e9fd1598fdf1","block5_test_9","13","px-slider-y","point","194.725","18715","18715","","","","","Block5","false","","",""
"6941ab4f0423e9fd1598fdf1","block5_test_9","13","px-location-x","point","393.46999999999997","18715","18715","","","","","Block5","false","","",""
"6941ab4f0423e9fd1598fdf1","block5_test_9","13","px-location-y","point","189.58999999999997","18715","18715","","","","","Block5","false","","",""
"6941ab4f0423e9fd1598fdf1","block5_test_9","13","windowEvents","point","{""focus"":4,""input"":0,""keydown"":0,""keyup"":0,""mousemove"":82,""mousedown"":4,""mouseup"":3,""resize"":0,""scroll"":0,""visibility"":0}","","","","","","","","","","",""
"6941ab4f0423e9fd1598fdf1","block5_test_3","14","location-x","point","2.59","22757","22757","","","","","Block5","false","","",""
"6941ab4f0423e9fd1598fdf1","block5_test_3","14","location-y","point","3.31","22757","22757","","","","","Block5","false","","",""
"6941ab4f0423e9fd1598fdf1","block5_test_3","14","slider-x","point","2.59","22757","22757","","","","","Block5","false","","",""
"6941ab4f0423e9fd1598fdf1","block5_test_3","14","slider-y","point","3.24","22757","22757","","","","","Block5","false","","",""
"6941ab4f0423e9fd1598fdf1","block5_test_3","14","px-slider-x","point","456.065","22757","22757","","","","","Block5","false","","",""
"6941ab4f0423e9fd1598fdf1","block5_test_3","14","px-slider-y","point","282.02","22757","22757","","","","","Block5","false","","",""
"6941ab4f0423e9fd1598fdf1","block5_test_3","14","px-location-x","point","456.065","22757","22757","","","","","Block5","false","","",""
"6941ab4f0423e9fd1598fdf1","block5_test_3","14","px-location-y","point","279.255","22757","22757","","","","","Block5","false","","",""
"6941ab4f0423e9fd1598fdf1","block5_test_3","14","windowEvents","point","{""focus"":3,""input"":0,""keydown"":0,""keyup"":0,""mousemove"":85,""mousedown"":4,""mouseup"":4,""resize"":0,""scroll"":0,""visibility"":0}","","","","","","","","","","",""
"6941ab4f0423e9fd1598fdf1","block5_test_4","15","location-x","point","3.43","21915","21915","","","","","Block5","false","","",""
"6941ab4f0423e9fd1598fdf1","block5_test_4","15","location-y","point","4.46","21915","21915","","","","","Block5","false","","",""
"6941ab4f0423e9fd1598fdf1","block5_test_4","15","slider-x","point","3.44","21915","21915","","","","","Block5","false","","",""
"6941ab4f0423e9fd1598fdf1","block5_test_4","15","slider-y","point","4.55","21915","21915","","","","","Block5","false","","",""
"6941ab4f0423e9fd1598fdf1","block5_test_4","15","px-slider-x","point","501.54","21915","21915","","","","","Block5","false","","",""
"6941ab4f0423e9fd1598fdf1","block5_test_4","15","px-slider-y","point","230.275","21915","21915","","","","","Block5","false","","",""
"6941ab4f0423e9fd1598fdf1","block5_test_4","15","px-location-x","point","501.005","21915","21915","","","","","Block5","false","","",""
"6941ab4f0423e9fd1598fdf1","block5_test_4","15","px-location-y","point","233.83","21915","21915","","","","","Block5","false","","",""
"6941ab4f0423e9fd1598fdf1","block5_test_4","15","windowEvents","point","{""focus"":3,""input"":0,""keydown"":0,""keyup"":0,""mousemove"":86,""mousedown"":4,""mouseup"":4,""resize"":0,""scroll"":0,""visibility"":0}","","","","","","","","","","",""
"6941ab4f0423e9fd1598fdf1","block5_test_5","16","location-x","point","-2.14","13937","13937","","","","","Block5","false","","",""
"6941ab4f0423e9fd1598fdf1","block5_test_5","16","location-y","point","6.19","13937","13937","","","","","Block5","false","","",""
"6941ab4f0423e9fd1598fdf1","block5_test_5","16","slider-x","point","-2.07","13937","13937","","","","","Block5","false","","",""
"6941ab4f0423e9fd1598fdf1","block5_test_5","16","slider-y","point","6.22","13937","13937","","","","","Block5","false","","",""
"6941ab4f0423e9fd1598fdf1","block5_test_5","16","px-slider-x","point","206.75500000000002","13937","13937","","","","","Block5","false","","",""
"6941ab4f0423e9fd1598fdf1","block5_test_5","16","px-slider-y","point","164.31","13937","13937","","","","","Block5","false","","",""
"6941ab4f0423e9fd1598fdf1","block5_test_5","16","px-location-x","point","203.00999999999996","13937","13937","","","","","Block5","false","","",""
"6941ab4f0423e9fd1598fdf1","block5_test_5","16","px-location-y","point","165.495","13937","13937","","","","","Block5","false","","",""
"6941ab4f0423e9fd1598fdf1","block5_test_5","16","windowEvents","point","{""focus"":3,""input"":0,""keydown"":0,""keyup"":0,""mousemove"":55,""mousedown"":3,""mouseup"":3,""resize"":0,""scroll"":0,""visibility"":0}","","","","","","","","","","",""
"6941ab4f0423e9fd1598fdf1","block5_test_6","17","location-x","point","0.99","9641","9641","","","","","Block5","false","","",""
"6941ab4f0423e9fd1598fdf1","block5_test_6","17","location-y","point","9.64","9641","9641","","","","","Block5","false","","",""
"6941ab4f0423e9fd1598fdf1","block5_test_6","17","slider-x","point","1.17","9641","9641","","","","","Block5","false","","",""
"6941ab4f0423e9fd1598fdf1","block5_test_6","17","slider-y","point","9.52","9641","9641","","","","","Block5","false","","",""
"6941ab4f0423e9fd1598fdf1","block5_test_6","17","px-slider-x","point","380.09499999999997","9641","9641","","","","","Block5","false","","",""
"6941ab4f0423e9fd1598fdf1","block5_test_6","17","px-slider-y","point","33.960000000000015","9641","9641","","","","","Block5","false","","",""
"6941ab4f0423e9fd1598fdf1","block5_test_6","17","px-location-x","point","370.465","9641","9641","","","","","Block5","false","","",""
"6941ab4f0423e9fd1598fdf1","block5_test_6","17","px-location-y","point","29.21999999999997","9641","9641","","","","","Block5","false","","",""
"6941ab4f0423e9fd1598fdf1","block5_test_6","17","windowEvents","point","{""focus"":2,""input"":0,""keydown"":0,""keyup"":0,""mousemove"":46,""mousedown"":3,""mouseup"":3,""resize"":0,""scroll"":0,""visibility"":0}","","","","","","","","","","",""
"6941ab4f0423e9fd1598fdf1","block5_test_7","18","location-x","point","0.67","12409","12409","","","","","Block5","false","","",""
"6941ab4f0423e9fd1598fdf1","block5_test_7","18","location-y","point","8.1","12409","12409","","","","","Block5","false","","",""
"6941ab4f0423e9fd1598fdf1","block5_test_7","18","slider-x","point","0.78","12409","12409","","","","","Block5","false","","",""
"6941ab4f0423e9fd1598fdf1","block5_test_7","18","slider-y","point","8.09","12409","12409","","","","","Block5","false","","",""
"6941ab4f0423e9fd1598fdf1","block5_test_7","18","px-slider-x","point","359.2300000000001","12409","12409","","","","","Block5","false","","",""
"6941ab4f0423e9fd1598fdf1","block5_test_7","18","px-slider-y","point","90.44500000000004","12409","12409","","","","","Block5","false","","",""
"6941ab4f0423e9fd1598fdf1","block5_test_7","18","px-location-x","point","353.34499999999997","12409","12409","","","","","Block5","false","","",""
"6941ab4f0423e9fd1598fdf1","block5_test_7","18","px-location-y","point","90.05000000000001","12409","12409","","","","","Block5","false","","",""
"6941ab4f0423e9fd1598fdf1","block5_test_7","18","windowEvents","point","{""focus"":3,""input"":0,""keydown"":0,""keyup"":0,""mousemove"":55,""mousedown"":2,""mouseup"":3,""resize"":0,""scroll"":0,""visibility"":0}","","","","","","","","","","",""
"6941ab4f0423e9fd1598fdf1","block5_test_10","19","location-x","point","3.29","16319","16319","","","","","Block5","false","","",""
"6941ab4f0423e9fd1598fdf1","block5_test_10","19","location-y","point","7.22","16319","16319","","","","","Block5","false","","",""
"6941ab4f0423e9fd1598fdf1","block5_test_10","19","slider-x","point","3.36","16319","16319","","","","","Block5","false","","",""
"6941ab4f0423e9fd1598fdf1","block5_test_10","19","slider-y","point","7.19","16319","16319","","","","","Block5","false","","",""
"6941ab4f0423e9fd1598fdf1","block5_test_10","19","px-slider-x","point","497.26","16319","16319","","","","","Block5","false","","",""
"6941ab4f0423e9fd1598fdf1","block5_test_10","19","px-slider-y","point","125.99499999999996","16319","16319","","","","","Block5","false","","",""
"6941ab4f0423e9fd1598fdf1","block5_test_10","19","px-location-x","point","493.515","16319","16319","","","","","Block5","false","","",""
"6941ab4f0423e9fd1598fdf1","block5_test_10","19","px-location-y","point","124.81","16319","16319","","","","","Block5","false","","",""
"6941ab4f0423e9fd1598fdf1","block5_test_10","19","windowEvents","point","{""focus"":5,""input"":0,""keydown"":0,""keyup"":0,""mousemove"":62,""mousedown"":6,""mouseup"":5,""resize"":0,""scroll"":0,""visibility"":0}","","","","","","","","","","",""
"6941ab4f0423e9fd1598fdf1","task2_intro","20","","point","","12396","12396","","","","","","","","",""
"6941ab4f0423e9fd1598fdf1","task2_intro","20","windowEvents","point","{""focus"":1,""input"":0,""keydown"":0,""keyup"":0,""mousemove"":16,""mousedown"":1,""mouseup"":1,""resize"":0,""scroll"":0,""visibility"":0}","","","","","","","","","","",""
"6941ab4f0423e9fd1598fdf1","moritz_train_point_1","21","pixelResponse","point","104.00000000000001","22186","22186","","","","","pointArc","true","","","8"
"6941ab4f0423e9fd1598fdf1","moritz_train_point_1","21","numericResponse","point","0.48","22186","22186","","","","","pointArc","true","","","8"
"6941ab4f0423e9fd1598fdf1","moritz_train_point_1","21","windowEvents","point","{""focus"":3,""input"":0,""keydown"":0,""keyup"":0,""mousemove"":75,""mousedown"":3,""mouseup"":3,""resize"":0,""scroll"":0,""visibility"":0}","","","","","","","","","","",""
"6941ab4f0423e9fd1598fdf1","moritz_train_point_2","22","pixelResponse","point","100","8145","8145","","","","","pointArc","true","","","9"
"6941ab4f0423e9fd1598fdf1","moritz_train_point_2","22","numericResponse","point","0.5","8145","8145","","","","","pointArc","true","","","9"
"6941ab4f0423e9fd1598fdf1","moritz_train_point_2","22","windowEvents","point","{""focus"":3,""input"":0,""keydown"":0,""keyup"":0,""mousemove"":34,""mousedown"":3,""mouseup"":3,""resize"":0,""scroll"":0,""visibility"":0}","","","","","","","","","","",""
"6941ab4f0423e9fd1598fdf1","task2_test_intro","23","","point","","5112","5112","","","","","","","","",""
"6941ab4f0423e9fd1598fdf1","task2_test_intro","23","windowEvents","point","{""focus"":1,""input"":0,""keydown"":0,""keyup"":0,""mousemove"":20,""mousedown"":1,""mouseup"":1,""resize"":0,""scroll"":0,""visibility"":0}","","","","","","","","","","",""
"6941ab4f0423e9fd1598fdf1","point_task_10","24","pixelResponse","point","82.00000000000001","11886","11886","","","","","point","","","","29"
"6941ab4f0423e9fd1598fdf1","point_task_10","24","numericResponse","point","0.59","11886","11886","","","","","point","","","","29"
"6941ab4f0423e9fd1598fdf1","point_task_10","24","windowEvents","point","{""focus"":2,""input"":0,""keydown"":0,""keyup"":0,""mousemove"":50,""mousedown"":3,""mouseup"":3,""resize"":0,""scroll"":0,""visibility"":0}","","","","","","","","","","",""
"6941ab4f0423e9fd1598fdf1","point_task_6","25","pixelResponse","point","94","9414","9414","","","","","point","","","","17"
"6941ab4f0423e9fd1598fdf1","point_task_6","25","numericResponse","point","0.53","9414","9414","","","","","point","","","","17"
"6941ab4f0423e9fd1598fdf1","point_task_6","25","windowEvents","point","{""focus"":2,""input"":0,""keydown"":0,""keyup"":0,""mousemove"":39,""mousedown"":2,""mouseup"":2,""resize"":0,""scroll"":0,""visibility"":0}","","","","","","","","","","",""
"6941ab4f0423e9fd1598fdf1","point_task_35","26","pixelResponse","point","138","5820","5820","","","","","point","","","","102"
"6941ab4f0423e9fd1598fdf1","point_task_35","26","numericResponse","point","0.31","5820","5820","","","","","point","","","","102"
"6941ab4f0423e9fd1598fdf1","point_task_35","26","windowEvents","point","{""focus"":2,""input"":0,""keydown"":0,""keyup"":0,""mousemove"":27,""mousedown"":2,""mouseup"":2,""resize"":0,""scroll"":0,""visibility"":0}","","","","","","","","","","",""
"6941ab4f0423e9fd1598fdf1","point_task_29","27","pixelResponse","point","112.00000000000001","13206","13206","","","","","point","","","","88"
"6941ab4f0423e9fd1598fdf1","point_task_29","27","numericResponse","point","0.44","13206","13206","","","","","point","","","","88"
"6941ab4f0423e9fd1598fdf1","point_task_29","27","windowEvents","point","{""focus"":2,""input"":0,""keydown"":0,""keyup"":0,""mousemove"":55,""mousedown"":3,""mouseup"":3,""resize"":0,""scroll"":0,""visibility"":0}","","","","","","","","","","",""
"6941ab4f0423e9fd1598fdf1","point_task_28","28","pixelResponse","point","67.99999999999999","5956","5956","","","","","point","","","","79"
"6941ab4f0423e9fd1598fdf1","point_task_28","28","numericResponse","point","0.66","5956","5956","","","","","point","","","","79"
"6941ab4f0423e9fd1598fdf1","point_task_28","28","windowEvents","point","{""focus"":2,""input"":0,""keydown"":0,""keyup"":0,""mousemove"":36,""mousedown"":2,""mouseup"":2,""resize"":0,""scroll"":0,""visibility"":0}","","","","","","","","","","",""
"6941ab4f0423e9fd1598fdf1","point_task_26","29","pixelResponse","point","62.000000000000014","5922","5922","","","","","point","","","","77"
"6941ab4f0423e9fd1598fdf1","point_task_26","29","numericResponse","point","0.69","5922","5922","","","","","point","","","","77"
"6941ab4f0423e9fd1598fdf1","point_task_26","29","windowEvents","point","{""focus"":2,""input"":0,""keydown"":0,""keyup"":0,""mousemove"":35,""mousedown"":2,""mouseup"":2,""resize"":0,""scroll"":0,""visibility"":0}","","","","","","","","","","",""
"6941ab4f0423e9fd1598fdf1","point_task_13","30","pixelResponse","point","112.00000000000001","5322","5322","","","","","point","","","","40"
"6941ab4f0423e9fd1598fdf1","point_task_13","30","numericResponse","point","0.44","5322","5322","","","","","point","","","","40"
"6941ab4f0423e9fd1598fdf1","point_task_13","30","windowEvents","point","{""focus"":2,""input"":0,""keydown"":0,""keyup"":0,""mousemove"":29,""mousedown"":2,""mouseup"":2,""resize"":0,""scroll"":0,""visibility"":0}","","","","","","","","","","",""
"6941ab4f0423e9fd1598fdf1","point_task_36","31","pixelResponse","point","60","5503","5503","","","","","point","","","","103"
"6941ab4f0423e9fd1598fdf1","point_task_36","31","numericResponse","point","0.7","5503","5503","","","","","point","","","","103"
"6941ab4f0423e9fd1598fdf1","point_task_36","31","windowEvents","point","{""focus"":2,""input"":0,""keydown"":0,""keyup"":0,""mousemove"":24,""mousedown"":2,""mouseup"":2,""resize"":0,""scroll"":0,""visibility"":0}","","","","","","","","","","",""
"6941ab4f0423e9fd1598fdf1","point_task_7","32","pixelResponse","point","102","9399","9399","","","","","point","","","","18"
"6941ab4f0423e9fd1598fdf1","point_task_7","32","numericResponse","point","0.49","9399","9399","","","","","point","","","","18"
"6941ab4f0423e9fd1598fdf1","point_task_7","32","windowEvents","point","{""focus"":2,""input"":0,""keydown"":0,""keyup"":0,""mousemove"":27,""mousedown"":2,""mouseup"":2,""resize"":0,""scroll"":0,""visibility"":0}","","","","","","","","","","",""
"6941ab4f0423e9fd1598fdf1","point_task_48","33","pixelResponse","point","76","10256","10256","","","","","point","","","","139"
"6941ab4f0423e9fd1598fdf1","point_task_48","33","numericResponse","point","0.62","10256","10256","","","","","point","","","","139"
"6941ab4f0423e9fd1598fdf1","point_task_48","33","windowEvents","point","{""focus"":2,""input"":0,""keydown"":0,""keyup"":0,""mousemove"":31,""mousedown"":2,""mouseup"":2,""resize"":0,""scroll"":0,""visibility"":0}","","","","","","","","","","",""
"6941ab4f0423e9fd1598fdf1","point_task_39","34","pixelResponse","point","126","9667","9667","","","","","point","","","","114"
"6941ab4f0423e9fd1598fdf1","point_task_39","34","numericResponse","point","0.37","9667","9667","","","","","point","","","","114"
"6941ab4f0423e9fd1598fdf1","point_task_39","34","windowEvents","point","{""focus"":2,""input"":0,""keydown"":0,""keyup"":0,""mousemove"":20,""mousedown"":2,""mouseup"":2,""resize"":0,""scroll"":0,""visibility"":0}","","","","","","","","","","",""
"6941ab4f0423e9fd1598fdf1","point_task_47","35","pixelResponse","point","144","6559","6559","","","","","point","","","","138"
"6941ab4f0423e9fd1598fdf1","point_task_47","35","numericResponse","point","0.28","6559","6559","","","","","point","","","","138"
"6941ab4f0423e9fd1598fdf1","point_task_47","35","windowEvents","point","{""focus"":2,""input"":0,""keydown"":0,""keyup"":0,""mousemove"":35,""mousedown"":2,""mouseup"":2,""resize"":0,""scroll"":0,""visibility"":0}","","","","","","","","","","",""
"6941ab4f0423e9fd1598fdf1","point_task_22","36","pixelResponse","point","87.99999999999999","5186","5186","","","","","point","","","","65"
"6941ab4f0423e9fd1598fdf1","point_task_22","36","numericResponse","point","0.56","5186","5186","","","","","point","","","","65"
"6941ab4f0423e9fd1598fdf1","point_task_22","36","windowEvents","point","{""focus"":2,""input"":0,""keydown"":0,""keyup"":0,""mousemove"":19,""mousedown"":3,""mouseup"":3,""resize"":0,""scroll"":0,""visibility"":0}","","","","","","","","","","",""
"6941ab4f0423e9fd1598fdf1","point_task_23","37","pixelResponse","point","106","5338","5338","","","","","point","","","","66"
"6941ab4f0423e9fd1598fdf1","point_task_23","37","numericResponse","point","0.47","5338","5338","","","","","point","","","","66"
"6941ab4f0423e9fd1598fdf1","point_task_23","37","windowEvents","point","{""focus"":2,""input"":0,""keydown"":0,""keyup"":0,""mousemove"":16,""mousedown"":2,""mouseup"":2,""resize"":0,""scroll"":0,""visibility"":0}","","","","","","","","","","",""
"6941ab4f0423e9fd1598fdf1","point_task_24","38","pixelResponse","point","67.99999999999999","5284","5284","","","","","point","","","","67"
"6941ab4f0423e9fd1598fdf1","point_task_24","38","numericResponse","point","0.66","5284","5284","","","","","point","","","","67"
"6941ab4f0423e9fd1598fdf1","point_task_24","38","windowEvents","point","{""focus"":2,""input"":0,""keydown"":0,""keyup"":0,""mousemove"":28,""mousedown"":2,""mouseup"":2,""resize"":0,""scroll"":0,""visibility"":0}","","","","","","","","","","",""
"6941ab4f0423e9fd1598fdf1","point_task_12","39","pixelResponse","point","82.00000000000001","10183","10183","","","","","point","","","","31"
"6941ab4f0423e9fd1598fdf1","point_task_12","39","numericResponse","point","0.59","10183","10183","","","","","point","","","","31"
"6941ab4f0423e9fd1598fdf1","point_task_12","39","windowEvents","point","{""focus"":2,""input"":0,""keydown"":0,""keyup"":0,""mousemove"":61,""mousedown"":3,""mouseup"":3,""resize"":0,""scroll"":0,""visibility"":0}","","","","","","","","","","",""
"6941ab4f0423e9fd1598fdf1","point_task_41","40","pixelResponse","point","84.00000000000001","7644","7644","","","","","point","","","","124"
"6941ab4f0423e9fd1598fdf1","point_task_41","40","numericResponse","point","0.58","7644","7644","","","","","point","","","","124"
"6941ab4f0423e9fd1598fdf1","point_task_41","40","windowEvents","point","{""focus"":2,""input"":0,""keydown"":0,""keyup"":0,""mousemove"":30,""mousedown"":2,""mouseup"":2,""resize"":0,""scroll"":0,""visibility"":0}","","","","","","","","","","",""
"6941ab4f0423e9fd1598fdf1","point_task_16","41","pixelResponse","point","65.99999999999999","5955","5955","","","","","point","","","","43"
"6941ab4f0423e9fd1598fdf1","point_task_16","41","numericResponse","point","0.67","5955","5955","","","","","point","","","","43"
"6941ab4f0423e9fd1598fdf1","point_task_16","41","windowEvents","point","{""focus"":2,""input"":0,""keydown"":0,""keyup"":0,""mousemove"":32,""mousedown"":2,""mouseup"":2,""resize"":0,""scroll"":0,""visibility"":0}","","","","","","","","","","",""
"6941ab4f0423e9fd1598fdf1","point_task_40","42","pixelResponse","point","64","7766","7766","","","","","point","","","","115"
"6941ab4f0423e9fd1598fdf1","point_task_40","42","numericResponse","point","0.68","7766","7766","","","","","point","","","","115"
"6941ab4f0423e9fd1598fdf1","point_task_40","42","windowEvents","point","{""focus"":2,""input"":0,""keydown"":0,""keyup"":0,""mousemove"":42,""mousedown"":2,""mouseup"":2,""resize"":0,""scroll"":0,""visibility"":0}","","","","","","","","","","",""
"6941ab4f0423e9fd1598fdf1","point_task_38","43","pixelResponse","point","60","9212","9212","","","","","point","","","","113"
"6941ab4f0423e9fd1598fdf1","point_task_38","43","numericResponse","point","0.7","9212","9212","","","","","point","","","","113"
"6941ab4f0423e9fd1598fdf1","point_task_38","43","windowEvents","point","{""focus"":2,""input"":0,""keydown"":0,""keyup"":0,""mousemove"":45,""mousedown"":3,""mouseup"":3,""resize"":0,""scroll"":0,""visibility"":0}","","","","","","","","","","",""
"6941ab4f0423e9fd1598fdf1","point_task_37","44","pixelResponse","point","120","6931","6931","","","","","point","","","","112"
"6941ab4f0423e9fd1598fdf1","point_task_37","44","numericResponse","point","0.4","6931","6931","","","","","point","","","","112"
"6941ab4f0423e9fd1598fdf1","point_task_37","44","windowEvents","point","{""focus"":2,""input"":0,""keydown"":0,""keyup"":0,""mousemove"":32,""mousedown"":2,""mouseup"":2,""resize"":0,""scroll"":0,""visibility"":0}","","","","","","","","","","",""
"6941ab4f0423e9fd1598fdf1","point_task_21","45","pixelResponse","point","116.00000000000001","7821","7821","","","","","point","","","","64"
"6941ab4f0423e9fd1598fdf1","point_task_21","45","numericResponse","point","0.42","7821","7821","","","","","point","","","","64"
"6941ab4f0423e9fd1598fdf1","point_task_21","45","windowEvents","point","{""focus"":2,""input"":0,""keydown"":0,""keyup"":0,""mousemove"":32,""mousedown"":2,""mouseup"":2,""resize"":0,""scroll"":0,""visibility"":0}","","","","","","","","","","",""
"6941ab4f0423e9fd1598fdf1","point_task_46","46","pixelResponse","point","52.00000000000001","8920","8920","","","","","point","","","","137"
"6941ab4f0423e9fd1598fdf1","point_task_46","46","numericResponse","point","0.74","8920","8920","","","","","point","","","","137"
"6941ab4f0423e9fd1598fdf1","point_task_46","46","windowEvents","point","{""focus"":2,""input"":0,""keydown"":0,""keyup"":0,""mousemove"":36,""mousedown"":2,""mouseup"":2,""resize"":0,""scroll"":0,""visibility"":0}","","","","","","","","","","",""
"6941ab4f0423e9fd1598fdf1","point_task_27","47","pixelResponse","point","158.00000000000003","15971","15971","","","","","point","","","","78"
"6941ab4f0423e9fd1598fdf1","point_task_27","47","numericResponse","point","0.21","15971","15971","","","","","point","","","","78"
"6941ab4f0423e9fd1598fdf1","point_task_27","47","windowEvents","point","{""focus"":2,""input"":0,""keydown"":0,""keyup"":0,""mousemove"":79,""mousedown"":4,""mouseup"":4,""resize"":0,""scroll"":0,""visibility"":0}","","","","","","","","","","",""
"6941ab4f0423e9fd1598fdf1","point_task_15","48","pixelResponse","point","122","6048","6048","","","","","point","","","","42"
"6941ab4f0423e9fd1598fdf1","point_task_15","48","numericResponse","point","0.39","6048","6048","","","","","point","","","","42"
"6941ab4f0423e9fd1598fdf1","point_task_15","48","windowEvents","point","{""focus"":2,""input"":0,""keydown"":0,""keyup"":0,""mousemove"":31,""mousedown"":2,""mouseup"":2,""resize"":0,""scroll"":0,""visibility"":0}","","","","","","","","","","",""
"6941ab4f0423e9fd1598fdf1","point_task_31","49","pixelResponse","point","94","7212","7212","","","","","point","","","","90"
"6941ab4f0423e9fd1598fdf1","point_task_31","49","numericResponse","point","0.53","7212","7212","","","","","point","","","","90"
"6941ab4f0423e9fd1598fdf1","point_task_31","49","windowEvents","point","{""focus"":2,""input"":0,""keydown"":0,""keyup"":0,""mousemove"":33,""mousedown"":2,""mouseup"":2,""resize"":0,""scroll"":0,""visibility"":0}","","","","","","","","","","",""
"6941ab4f0423e9fd1598fdf1","point_task_32","50","pixelResponse","point","98","5967","5967","","","","","point","","","","91"
"6941ab4f0423e9fd1598fdf1","point_task_32","50","numericResponse","point","0.51","5967","5967","","","","","point","","","","91"
"6941ab4f0423e9fd1598fdf1","point_task_32","50","windowEvents","point","{""focus"":2,""input"":0,""keydown"":0,""keyup"":0,""mousemove"":24,""mousedown"":2,""mouseup"":2,""resize"":0,""scroll"":0,""visibility"":0}","","","","","","","","","","",""
"6941ab4f0423e9fd1598fdf1","point_task_5","51","pixelResponse","point","106","5424","5424","","","","","point","","","","16"
"6941ab4f0423e9fd1598fdf1","point_task_5","51","numericResponse","point","0.47","5424","5424","","","","","point","","","","16"
"6941ab4f0423e9fd1598fdf1","point_task_5","51","windowEvents","point","{""focus"":2,""input"":0,""keydown"":0,""keyup"":0,""mousemove"":21,""mousedown"":2,""mouseup"":2,""resize"":0,""scroll"":0,""visibility"":0}","","","","","","","","","","",""
"6941ab4f0423e9fd1598fdf1","point_task_1","52","pixelResponse","point","100","8395","8395","","","","","point","","","","4"
"6941ab4f0423e9fd1598fdf1","point_task_1","52","numericResponse","point","0.5","8395","8395","","","","","point","","","","4"
"6941ab4f0423e9fd1598fdf1","point_task_1","52","windowEvents","point","{""focus"":2,""input"":0,""keydown"":0,""keyup"":0,""mousemove"":40,""mousedown"":2,""mouseup"":2,""resize"":0,""scroll"":0,""visibility"":0}","","","","","","","","","","",""
"6941ab4f0423e9fd1598fdf1","point_task_4","53","pixelResponse","point","100","5652","5652","","","","","point","","","","7"
"6941ab4f0423e9fd1598fdf1","point_task_4","53","numericResponse","point","0.5","5652","5652","","","","","point","","","","7"
"6941ab4f0423e9fd1598fdf1","point_task_4","53","windowEvents","point","{""focus"":2,""input"":0,""keydown"":0,""keyup"":0,""mousemove"":32,""mousedown"":2,""mouseup"":2,""resize"":0,""scroll"":0,""visibility"":0}","","","","","","","","","","",""
"6941ab4f0423e9fd1598fdf1","point_task_33","54","pixelResponse","point","160","9563","9563","","","","","point","","","","100"
"6941ab4f0423e9fd1598fdf1","point_task_33","54","numericResponse","point","0.2","9563","9563","","","","","point","","","","100"
"6941ab4f0423e9fd1598fdf1","point_task_33","54","windowEvents","point","{""focus"":2,""input"":0,""keydown"":0,""keyup"":0,""mousemove"":35,""mousedown"":3,""mouseup"":3,""resize"":0,""scroll"":0,""visibility"":0}","","","","","","","","","","",""
"6941ab4f0423e9fd1598fdf1","point_task_30","55","pixelResponse","point","108","11853","11853","","","","","point","","","","89"
"6941ab4f0423e9fd1598fdf1","point_task_30","55","numericResponse","point","0.46","11853","11853","","","","","point","","","","89"
"6941ab4f0423e9fd1598fdf1","point_task_30","55","windowEvents","point","{""focus"":2,""input"":0,""keydown"":0,""keyup"":0,""mousemove"":55,""mousedown"":3,""mouseup"":3,""resize"":0,""scroll"":0,""visibility"":0}","","","","","","","","","","",""
"6941ab4f0423e9fd1598fdf1","point_task_9","56","pixelResponse","point","126","5648","5648","","","","","point","","","","28"
"6941ab4f0423e9fd1598fdf1","point_task_9","56","numericResponse","point","0.37","5648","5648","","","","","point","","","","28"
"6941ab4f0423e9fd1598fdf1","point_task_9","56","windowEvents","point","{""focus"":2,""input"":0,""keydown"":0,""keyup"":0,""mousemove"":27,""mousedown"":2,""mouseup"":2,""resize"":0,""scroll"":0,""visibility"":0}","","","","","","","","","","",""
"6941ab4f0423e9fd1598fdf1","point_task_44","57","pixelResponse","point","124","6447","6447","","","","","point","","","","127"
"6941ab4f0423e9fd1598fdf1","point_task_44","57","numericResponse","point","0.38","6447","6447","","","","","point","","","","127"
"6941ab4f0423e9fd1598fdf1","point_task_44","57","windowEvents","point","{""focus"":2,""input"":0,""keydown"":0,""keyup"":0,""mousemove"":33,""mousedown"":2,""mouseup"":2,""resize"":0,""scroll"":0,""visibility"":0}","","","","","","","","","","",""
"6941ab4f0423e9fd1598fdf1","point_task_42","58","pixelResponse","point","118.00000000000001","6855","6855","","","","","point","","","","125"
"6941ab4f0423e9fd1598fdf1","point_task_42","58","numericResponse","point","0.41","6855","6855","","","","","point","","","","125"
"6941ab4f0423e9fd1598fdf1","point_task_42","58","windowEvents","point","{""focus"":2,""input"":0,""keydown"":0,""keyup"":0,""mousemove"":31,""mousedown"":2,""mouseup"":2,""resize"":0,""scroll"":0,""visibility"":0}","","","","","","","","","","",""
"6941ab4f0423e9fd1598fdf1","point_task_11","59","pixelResponse","point","126","6516","6516","","","","","point","","","","30"
"6941ab4f0423e9fd1598fdf1","point_task_11","59","numericResponse","point","0.37","6516","6516","","","","","point","","","","30"
"6941ab4f0423e9fd1598fdf1","point_task_11","59","windowEvents","point","{""focus"":2,""input"":0,""keydown"":0,""keyup"":0,""mousemove"":29,""mousedown"":2,""mouseup"":2,""resize"":0,""scroll"":0,""visibility"":0}","","","","","","","","","","",""
"6941ab4f0423e9fd1598fdf1","point_task_43","60","pixelResponse","point","74","11332","11332","","","","","point","","","","126"
"6941ab4f0423e9fd1598fdf1","point_task_43","60","numericResponse","point","0.63","11332","11332","","","","","point","","","","126"
"6941ab4f0423e9fd1598fdf1","point_task_43","60","windowEvents","point","{""focus"":3,""input"":0,""keydown"":0,""keyup"":0,""mousemove"":53,""mousedown"":4,""mouseup"":4,""resize"":0,""scroll"":0,""visibility"":0}","","","","","","","","","","",""
"6941ab4f0423e9fd1598fdf1","point_task_18","61","pixelResponse","point","120","6878","6878","","","","","point","","","","53"
"6941ab4f0423e9fd1598fdf1","point_task_18","61","numericResponse","point","0.4","6878","6878","","","","","point","","","","53"
"6941ab4f0423e9fd1598fdf1","point_task_18","61","windowEvents","point","{""focus"":2,""input"":0,""keydown"":0,""keyup"":0,""mousemove"":33,""mousedown"":2,""mouseup"":2,""resize"":0,""scroll"":0,""visibility"":0}","","","","","","","","","","",""
"6941ab4f0423e9fd1598fdf1","point_task_25","62","pixelResponse","point","150","5231","5231","","","","","point","","","","76"
"6941ab4f0423e9fd1598fdf1","point_task_25","62","numericResponse","point","0.25","5231","5231","","","","","point","","","","76"
"6941ab4f0423e9fd1598fdf1","point_task_25","62","windowEvents","point","{""focus"":2,""input"":0,""keydown"":0,""keyup"":0,""mousemove"":25,""mousedown"":2,""mouseup"":2,""resize"":0,""scroll"":0,""visibility"":0}","","","","","","","","","","",""
"6941ab4f0423e9fd1598fdf1","point_task_34","63","pixelResponse","point","37.999999999999986","6544","6544","","","","","point","","","","101"
"6941ab4f0423e9fd1598fdf1","point_task_34","63","numericResponse","point","0.81","6544","6544","","","","","point","","","","101"
"6941ab4f0423e9fd1598fdf1","point_task_34","63","windowEvents","point","{""focus"":2,""input"":0,""keydown"":0,""keyup"":0,""mousemove"":37,""mousedown"":2,""mouseup"":2,""resize"":0,""scroll"":0,""visibility"":0}","","","","","","","","","","",""
"6941ab4f0423e9fd1598fdf1","point_task_2","64","pixelResponse","point","104.00000000000001","7339","7339","","","","","point","","","","5"
"6941ab4f0423e9fd1598fdf1","point_task_2","64","numericResponse","point","0.48","7339","7339","","","","","point","","","","5"
"6941ab4f0423e9fd1598fdf1","point_task_2","64","windowEvents","point","{""focus"":2,""input"":0,""keydown"":0,""keyup"":0,""mousemove"":36,""mousedown"":2,""mouseup"":2,""resize"":0,""scroll"":0,""visibility"":0}","","","","","","","","","","",""
"6941ab4f0423e9fd1598fdf1","point_task_20","65","pixelResponse","point","108","6364","6364","","","","","point","","","","55"
"6941ab4f0423e9fd1598fdf1","point_task_20","65","numericResponse","point","0.46","6364","6364","","","","","point","","","","55"
"6941ab4f0423e9fd1598fdf1","point_task_20","65","windowEvents","point","{""focus"":2,""input"":0,""keydown"":0,""keyup"":0,""mousemove"":26,""mousedown"":2,""mouseup"":2,""resize"":0,""scroll"":0,""visibility"":0}","","","","","","","","","","",""
"6941ab4f0423e9fd1598fdf1","point_task_45","66","pixelResponse","point","146","6522","6522","","","","","point","","","","136"
"6941ab4f0423e9fd1598fdf1","point_task_45","66","numericResponse","point","0.27","6522","6522","","","","","point","","","","136"
"6941ab4f0423e9fd1598fdf1","point_task_45","66","windowEvents","point","{""focus"":2,""input"":0,""keydown"":0,""keyup"":0,""mousemove"":24,""mousedown"":2,""mouseup"":2,""resize"":0,""scroll"":0,""visibility"":0}","","","","","","","","","","",""
"6941ab4f0423e9fd1598fdf1","point_task_17","67","pixelResponse","point","82.00000000000001","5458","5458","","","","","point","","","","52"
"6941ab4f0423e9fd1598fdf1","point_task_17","67","numericResponse","point","0.59","5458","5458","","","","","point","","","","52"
"6941ab4f0423e9fd1598fdf1","point_task_17","67","windowEvents","point","{""focus"":2,""input"":0,""keydown"":0,""keyup"":0,""mousemove"":34,""mousedown"":2,""mouseup"":2,""resize"":0,""scroll"":0,""visibility"":0}","","","","","","","","","","",""
"6941ab4f0423e9fd1598fdf1","point_task_8","68","pixelResponse","point","84.00000000000001","7729","7729","","","","","point","","","","19"
"6941ab4f0423e9fd1598fdf1","point_task_8","68","numericResponse","point","0.58","7729","7729","","","","","point","","","","19"
"6941ab4f0423e9fd1598fdf1","point_task_8","68","windowEvents","point","{""focus"":2,""input"":0,""keydown"":0,""keyup"":0,""mousemove"":35,""mousedown"":2,""mouseup"":2,""resize"":0,""scroll"":0,""visibility"":0}","","","","","","","","","","",""
"6941ab4f0423e9fd1598fdf1","point_task_3","69","pixelResponse","point","92","5464","5464","","","","","point","","","","6"
"6941ab4f0423e9fd1598fdf1","point_task_3","69","numericResponse","point","0.54","5464","5464","","","","","point","","","","6"
"6941ab4f0423e9fd1598fdf1","point_task_3","69","windowEvents","point","{""focus"":2,""input"":0,""keydown"":0,""keyup"":0,""mousemove"":27,""mousedown"":2,""mouseup"":2,""resize"":0,""scroll"":0,""visibility"":0}","","","","","","","","","","",""
"6941ab4f0423e9fd1598fdf1","point_task_14","70","pixelResponse","point","86","6078","6078","","","","","point","","","","41"
"6941ab4f0423e9fd1598fdf1","point_task_14","70","numericResponse","point","0.57","6078","6078","","","","","point","","","","41"
"6941ab4f0423e9fd1598fdf1","point_task_14","70","windowEvents","point","{""focus"":2,""input"":0,""keydown"":0,""keyup"":0,""mousemove"":33,""mousedown"":2,""mouseup"":2,""resize"":0,""scroll"":0,""visibility"":0}","","","","","","","","","","",""
"6941ab4f0423e9fd1598fdf1","point_task_19","71","pixelResponse","point","82.00000000000001","6985","6985","","","","","point","","","","54"
"6941ab4f0423e9fd1598fdf1","point_task_19","71","numericResponse","point","0.59","6985","6985","","","","","point","","","","54"
"6941ab4f0423e9fd1598fdf1","point_task_19","71","windowEvents","point","{""focus"":2,""input"":0,""keydown"":0,""keyup"":0,""mousemove"":36,""mousedown"":2,""mouseup"":2,""resize"":0,""scroll"":0,""visibility"":0}","","","","","","","","","","",""
"6941ab4f0423e9fd1598fdf1","post_study","72","gender","point","Female","29905","29905","","","","","","","","",""
"6941ab4f0423e9fd1598fdf1","post_study","72","gender-other","point","","29905","29905","","","","","","","","",""
"6941ab4f0423e9fd1598fdf1","post_study","72","age","point","24","29905","29905","","","","","","","","",""
"6941ab4f0423e9fd1598fdf1","post_study","72","feedback","point","No","29905","29905","","","","","","","","",""
"6941ab4f0423e9fd1598fdf1","post_study","72","feedback-text","point","","29905","29905","","","","","","","","",""
"6941ab4f0423e9fd1598fdf1","post_study","72","strategy","point","for the averages, I tried to estimate the same number of points above and below the line","29905","29905","","","","","","","","",""
"6941ab4f0423e9fd1598fdf1","post_study","72","windowEvents","point","{""focus"":5,""input"":91,""keydown"":83,""keyup"":74,""mousemove"":48,""mousedown"":6,""mouseup"":6,""resize"":0,""scroll"":0,""visibility"":0}","","","","","","","","","","",""
"6980ff10f40903e69dd2e00a","participantTags","","participantTags","pointArc","[""virtual-chinrest"",""pointArc""]","","","","","","","","","","",""
"6980ff10f40903e69dd2e00a","introduction","0","prolificId","pointArc","6980ff10f40903e69dd2e00a","2811","2811","","","","","","","","",""
"6980ff10f40903e69dd2e00a","introduction","0","windowEvents","pointArc","{""focus"":0,""input"":0,""keydown"":0,""keyup"":0,""mousemove"":8,""mousedown"":0,""mouseup"":0,""resize"":0,""scroll"":0,""visibility"":0}","","","","","","","","","","",""
"6980ff10f40903e69dd2e00a","consent","1","consentApproval","pointArc","Accept","17753","17753","","","","","","","","",""
"6980ff10f40903e69dd2e00a","consent","1","windowEvents","pointArc","{""focus"":2,""input"":1,""keydown"":0,""keyup"":0,""mousemove"":28,""mousedown"":2,""mouseup"":2,""resize"":0,""scroll"":56,""visibility"":0}","","","","","","","","","","",""
"6980ff10f40903e69dd2e00a","chinrest_intro","2","","pointArc","","9459","9459","","","","","","","","",""
"6980ff10f40903e69dd2e00a","chinrest_intro","2","windowEvents","pointArc","{""focus"":1,""input"":0,""keydown"":0,""keyup"":0,""mousemove"":29,""mousedown"":1,""mouseup"":1,""resize"":0,""scroll"":1,""visibility"":0}","","","","","","","","","","",""
"6980ff10f40903e69dd2e00a","$virtual-chinrest.components.card-size","3","pixelsPerMM","pointArc","5.864485981308412","111091","111091","pixelsPerMM","85.6","53.98","","","","","",""
"6980ff10f40903e69dd2e00a","$virtual-chinrest.components.card-size","3","windowEvents","pointArc","{""focus"":3,""input"":0,""keydown"":0,""keyup"":0,""mousemove"":105,""mousedown"":5,""mouseup"":5,""resize"":0,""scroll"":0,""visibility"":0}","","","","","","","","","","",""
"6980ff10f40903e69dd2e00a","$virtual-chinrest.components.blindspot-distance","4","dist-calibration-MM","pointArc","393.4830912691948","91586","91586","","","","13.5","","","","",""
"6980ff10f40903e69dd2e00a","$virtual-chinrest.components.blindspot-distance","4","dist-calibration-CM","pointArc","39.34830912691948","91586","91586","","","","13.5","","","","",""
"6980ff10f40903e69dd2e00a","$virtual-chinrest.components.blindspot-distance","4","ball-positions","pointArc","[702,710,712,696,710]","91586","91586","","","","13.5","","","","",""
"6980ff10f40903e69dd2e00a","$virtual-chinrest.components.blindspot-distance","4","square-position","pointArc","1260","91586","91586","","","","13.5","","","","",""
"6980ff10f40903e69dd2e00a","$virtual-chinrest.components.blindspot-distance","4","windowEvents","pointArc","{""focus"":2,""input"":0,""keydown"":14,""keyup"":14,""mousemove"":29,""mousedown"":3,""mouseup"":3,""resize"":0,""scroll"":0,""visibility"":0}","","","","","","","","","","",""
"6980ff10f40903e69dd2e00a","study_overview","5","","pointArc","","11812","11812","","","","","","","","",""
"6980ff10f40903e69dd2e00a","study_overview","5","windowEvents","pointArc","{""focus"":1,""input"":0,""keydown"":0,""keyup"":0,""mousemove"":12,""mousedown"":1,""mouseup"":1,""resize"":0,""scroll"":0,""visibility"":0}","","","","","","","","","","",""
"6980ff10f40903e69dd2e00a","task1_intro","6","","pointArc","","14233","14233","","","","","","","","",""
"6980ff10f40903e69dd2e00a","task1_intro","6","windowEvents","pointArc","{""focus"":2,""input"":0,""keydown"":0,""keyup"":0,""mousemove"":21,""mousedown"":1,""mouseup"":1,""resize"":0,""scroll"":0,""visibility"":0}","","","","","","","","","","",""
"6980ff10f40903e69dd2e00a","block5_train_1","7","location-x","pointArc","0.25","25390","25390","","","","","Block5","true","0.25","4.5",""
"6980ff10f40903e69dd2e00a","block5_train_1","7","location-y","pointArc","4.5","25390","25390","","","","","Block5","true","0.25","4.5",""
"6980ff10f40903e69dd2e00a","block5_train_1","7","slider-x","pointArc","0.24","25390","25390","","","","","Block5","true","0.25","4.5",""
"6980ff10f40903e69dd2e00a","block5_train_1","7","slider-y","pointArc","4.49","25390","25390","","","","","Block5","true","0.25","4.5",""
"6980ff10f40903e69dd2e00a","block5_train_1","7","px-slider-x","pointArc","330.34000000000003","25390","25390","","","","","Block5","true","0.25","4.5",""
"6980ff10f40903e69dd2e00a","block5_train_1","7","px-slider-y","pointArc","232.64499999999998","25390","25390","","","","","Block5","true","0.25","4.5",""
"6980ff10f40903e69dd2e00a","block5_train_1","7","px-location-x","pointArc","330.875","25390","25390","","","","","Block5","true","0.25","4.5",""
"6980ff10f40903e69dd2e00a","block5_train_1","7","px-location-y","pointArc","232.25000000000003","25390","25390","","","","","Block5","true","0.25","4.5",""
"6980ff10f40903e69dd2e00a","block5_train_1","7","windowEvents","pointArc","{""focus"":4,""input"":0,""keydown"":0,""keyup"":0,""mousemove"":85,""mousedown"":4,""mouseup"":4,""resize"":0,""scroll"":20,""visibility"":0}","","","","","","","","","","",""
"6980ff10f40903e69dd2e00a","block5_train_2","8","location-x","pointArc","-1.5","40448","40448","","","","","Block5","true","-1.5","7.2",""
"6980ff10f40903e69dd2e00a","block5_train_2","8","location-y","pointArc","7.2","40448","40448","","","","","Block5","true","-1.5","7.2",""
"6980ff10f40903e69dd2e00a","block5_train_2","8","slider-x","pointArc","-1.51","40448","40448","","","","","Block5","true","-1.5","7.2",""
"6980ff10f40903e69dd2e00a","block5_train_2","8","slider-y","pointArc","7.19","40448","40448","","","","","Block5","true","-1.5","7.2",""
"6980ff10f40903e69dd2e00a","block5_train_2","8","px-slider-x","pointArc","236.71500000000003","40448","40448","","","","","Block5","true","-1.5","7.2",""
"6980ff10f40903e69dd2e00a","block5_train_2","8","px-slider-y","pointArc","125.99499999999996","40448","40448","","","","","Block5","true","-1.5","7.2",""
"6980ff10f40903e69dd2e00a","block5_train_2","8","px-location-x","pointArc","237.25","40448","40448","","","","","Block5","true","-1.5","7.2",""
"6980ff10f40903e69dd2e00a","block5_train_2","8","px-location-y","pointArc","125.60000000000001","40448","40448","","","","","Block5","true","-1.5","7.2",""
"6980ff10f40903e69dd2e00a","block5_train_2","8","windowEvents","pointArc","{""focus"":6,""input"":0,""keydown"":0,""keyup"":0,""mousemove"":172,""mousedown"":9,""mouseup"":9,""resize"":0,""scroll"":10,""visibility"":0}","","","","","","","","","","",""
"6980ff10f40903e69dd2e00a","task1_test_intro","9","","pointArc","","5915","5915","","","","","","","","",""
"6980ff10f40903e69dd2e00a","task1_test_intro","9","windowEvents","pointArc","{""focus"":1,""input"":0,""keydown"":0,""keyup"":0,""mousemove"":17,""mousedown"":1,""mouseup"":1,""resize"":0,""scroll"":1,""visibility"":0}","","","","","","","","","","",""
"6980ff10f40903e69dd2e00a","block5_test_7","10","location-x","pointArc","1.85","27518","27518","","","","","Block5","false","","",""
"6980ff10f40903e69dd2e00a","block5_test_7","10","location-y","pointArc","6.02","27518","27518","","","","","Block5","false","","",""
"6980ff10f40903e69dd2e00a","block5_test_7","10","slider-x","pointArc","1.92","27518","27518","","","","","Block5","false","","",""
"6980ff10f40903e69dd2e00a","block5_test_7","10","slider-y","pointArc","6.11","27518","27518","","","","","Block5","false","","",""
"6980ff10f40903e69dd2e00a","block5_test_7","10","px-slider-x","pointArc","420.21999999999997","27518","27518","","","","","Block5","false","","",""
"6980ff10f40903e69dd2e00a","block5_test_7","10","px-slider-y","pointArc","168.655","27518","27518","","","","","Block5","false","","",""
"6980ff10f40903e69dd2e00a","block5_test_7","10","px-location-x","pointArc","416.47499999999997","27518","27518","","","","","Block5","false","","",""
"6980ff10f40903e69dd2e00a","block5_test_7","10","px-location-y","pointArc","172.21","27518","27518","","","","","Block5","false","","",""
"6980ff10f40903e69dd2e00a","block5_test_7","10","windowEvents","pointArc","{""focus"":3,""input"":0,""keydown"":0,""keyup"":0,""mousemove"":162,""mousedown"":5,""mouseup"":5,""resize"":0,""scroll"":0,""visibility"":0}","","","","","","","","","","",""
"6980ff10f40903e69dd2e00a","block5_test_1","11","location-x","pointArc","2.29","13251","13251","","","","","Block5","false","","",""
"6980ff10f40903e69dd2e00a","block5_test_1","11","location-y","pointArc","1.72","13251","13251","","","","","Block5","false","","",""
"6980ff10f40903e69dd2e00a","block5_test_1","11","slider-x","pointArc","2.3","13251","13251","","","","","Block5","false","","",""
"6980ff10f40903e69dd2e00a","block5_test_1","11","slider-y","pointArc","1.81","13251","13251","","","","","Block5","false","","",""
"6980ff10f40903e69dd2e00a","block5_test_1","11","px-slider-x","pointArc","440.55","13251","13251","","","","","Block5","false","","",""
"6980ff10f40903e69dd2e00a","block5_test_1","11","px-slider-y","pointArc","338.50499999999994","13251","13251","","","","","Block5","false","","",""
"6980ff10f40903e69dd2e00a","block5_test_1","11","px-location-x","pointArc","440.015","13251","13251","","","","","Block5","false","","",""
"6980ff10f40903e69dd2e00a","block5_test_1","11","px-location-y","pointArc","342.06","13251","13251","","","","","Block5","false","","",""
"6980ff10f40903e69dd2e00a","block5_test_1","11","windowEvents","pointArc","{""focus"":3,""input"":0,""keydown"":0,""keyup"":0,""mousemove"":63,""mousedown"":3,""mouseup"":3,""resize"":0,""scroll"":0,""visibility"":0}","","","","","","","","","","",""
"6980ff10f40903e69dd2e00a","block5_test_4","12","location-x","pointArc","3.43","22980","22980","","","","","Block5","false","","",""
"6980ff10f40903e69dd2e00a","block5_test_4","12","location-y","pointArc","2.4","22980","22980","","","","","Block5","false","","",""
"6980ff10f40903e69dd2e00a","block5_test_4","12","slider-x","pointArc","3.48","22980","22980","","","","","Block5","false","","",""
"6980ff10f40903e69dd2e00a","block5_test_4","12","slider-y","pointArc","2.56","22980","22980","","","","","Block5","false","","",""
"6980ff10f40903e69dd2e00a","block5_test_4","12","px-slider-x","pointArc","503.68000000000006","22980","22980","","","","","Block5","false","","",""
"6980ff10f40903e69dd2e00a","block5_test_4","12","px-slider-y","pointArc","308.88","22980","22980","","","","","Block5","false","","",""
"6980ff10f40903e69dd2e00a","block5_test_4","12","px-location-x","pointArc","501.005","22980","22980","","","","","Block5","false","","",""
"6980ff10f40903e69dd2e00a","block5_test_4","12","px-location-y","pointArc","315.20000000000005","22980","22980","","","","","Block5","false","","",""
"6980ff10f40903e69dd2e00a","block5_test_4","12","windowEvents","pointArc","{""focus"":3,""input"":0,""keydown"":0,""keyup"":0,""mousemove"":105,""mousedown"":4,""mouseup"":4,""resize"":0,""scroll"":0,""visibility"":0}","","","","","","","","","","",""
"6980ff10f40903e69dd2e00a","block5_test_8","13","location-x","pointArc","0.16","13817","13817","","","","","Block5","false","","",""
"6980ff10f40903e69dd2e00a","block5_test_8","13","location-y","pointArc","5.34","13817","13817","","","","","Block5","false","","",""
"6980ff10f40903e69dd2e00a","block5_test_8","13","slider-x","pointArc","0.28","13817","13817","","","","","Block5","false","","",""
"6980ff10f40903e69dd2e00a","block5_test_8","13","slider-y","pointArc","5.34","13817","13817","","","","","Block5","false","","",""
"6980ff10f40903e69dd2e00a","block5_test_8","13","px-slider-x","pointArc","332.48","13817","13817","","","","","Block5","false","","",""
"6980ff10f40903e69dd2e00a","block5_test_8","13","px-slider-y","pointArc","199.06999999999996","13817","13817","","","","","Block5","false","","",""
"6980ff10f40903e69dd2e00a","block5_test_8","13","px-location-x","pointArc","326.06","13817","13817","","","","","Block5","false","","",""
"6980ff10f40903e69dd2e00a","block5_test_8","13","px-location-y","pointArc","199.06999999999996","13817","13817","","","","","Block5","false","","",""
"6980ff10f40903e69dd2e00a","block5_test_8","13","windowEvents","pointArc","{""focus"":3,""input"":0,""keydown"":0,""keyup"":0,""mousemove"":82,""mousedown"":3,""mouseup"":3,""resize"":0,""scroll"":0,""visibility"":0}","","","","","","","","","","",""
"6980ff10f40903e69dd2e00a","block5_test_10","14","location-x","pointArc","-4.3","13403","13403","","","","","Block5","false","","",""
"6980ff10f40903e69dd2e00a","block5_test_10","14","location-y","pointArc","3.01","13403","13403","","","","","Block5","false","","",""
"6980ff10f40903e69dd2e00a","block5_test_10","14","slider-x","pointArc","-4.21","13403","13403","","","","","Block5","false","","",""
"6980ff10f40903e69dd2e00a","block5_test_10","14","slider-y","pointArc","3.01","13403","13403","","","","","Block5","false","","",""
"6980ff10f40903e69dd2e00a","block5_test_10","14","px-slider-x","pointArc","92.26500000000001","13403","13403","","","","","Block5","false","","",""
"6980ff10f40903e69dd2e00a","block5_test_10","14","px-slider-y","pointArc","291.105","13403","13403","","","","","Block5","false","","",""
"6980ff10f40903e69dd2e00a","block5_test_10","14","px-location-x","pointArc","87.45000000000002","13403","13403","","","","","Block5","false","","",""
"6980ff10f40903e69dd2e00a","block5_test_10","14","px-location-y","pointArc","291.105","13403","13403","","","","","Block5","false","","",""
"6980ff10f40903e69dd2e00a","block5_test_10","14","windowEvents","pointArc","{""focus"":3,""input"":0,""keydown"":0,""keyup"":0,""mousemove"":66,""mousedown"":3,""mouseup"":3,""resize"":0,""scroll"":0,""visibility"":0}","","","","","","","","","","",""
"6980ff10f40903e69dd2e00a","block5_test_6","15","location-x","pointArc","4.34","24630","24630","","","","","Block5","false","","",""
"6980ff10f40903e69dd2e00a","block5_test_6","15","location-y","pointArc","5.25","24630","24630","","","","","Block5","false","","",""
"6980ff10f40903e69dd2e00a","block5_test_6","15","slider-x","pointArc","4.42","24630","24630","","","","","Block5","false","","",""
"6980ff10f40903e69dd2e00a","block5_test_6","15","slider-y","pointArc","5.41","24630","24630","","","","","Block5","false","","",""
"6980ff10f40903e69dd2e00a","block5_test_6","15","px-slider-x","pointArc","553.9699999999999","24630","24630","","","","","Block5","false","","",""
"6980ff10f40903e69dd2e00a","block5_test_6","15","px-slider-y","pointArc","196.305","24630","24630","","","","","Block5","false","","",""
"6980ff10f40903e69dd2e00a","block5_test_6","15","px-location-x","pointArc","549.6899999999999","24630","24630","","","","","Block5","false","","",""
"6980ff10f40903e69dd2e00a","block5_test_6","15","px-location-y","pointArc","202.625","24630","24630","","","","","Block5","false","","",""
"6980ff10f40903e69dd2e00a","block5_test_6","15","windowEvents","pointArc","{""focus"":3,""input"":0,""keydown"":0,""keyup"":0,""mousemove"":128,""mousedown"":4,""mouseup"":4,""resize"":0,""scroll"":0,""visibility"":0}","","","","","","","","","","",""
"6980ff10f40903e69dd2e00a","block5_test_3","16","location-x","pointArc","4.28","21920","21920","","","","","Block5","false","","",""
"6980ff10f40903e69dd2e00a","block5_test_3","16","location-y","pointArc","2.44","21920","21920","","","","","Block5","false","","",""
"6980ff10f40903e69dd2e00a","block5_test_3","16","slider-x","pointArc","4.29","21920","21920","","","","","Block5","false","","",""
"6980ff10f40903e69dd2e00a","block5_test_3","16","slider-y","pointArc","2.72","21920","21920","","","","","Block5","false","","",""
"6980ff10f40903e69dd2e00a","block5_test_3","16","px-slider-x","pointArc","547.0149999999999","21920","21920","","","","","Block5","false","","",""
"6980ff10f40903e69dd2e00a","block5_test_3","16","px-slider-y","pointArc","302.56","21920","21920","","","","","Block5","false","","",""
"6980ff10f40903e69dd2e00a","block5_test_3","16","px-location-x","pointArc","546.4800000000001","21920","21920","","","","","Block5","false","","",""
"6980ff10f40903e69dd2e00a","block5_test_3","16","px-location-y","pointArc","313.62","21920","21920","","","","","Block5","false","","",""
"6980ff10f40903e69dd2e00a","block5_test_3","16","windowEvents","pointArc","{""focus"":3,""input"":0,""keydown"":0,""keyup"":0,""mousemove"":125,""mousedown"":5,""mouseup"":5,""resize"":0,""scroll"":0,""visibility"":0}","","","","","","","","","","",""
"6980ff10f40903e69dd2e00a","block5_test_2","17","location-x","pointArc","4.64","25282","25282","","","","","Block5","false","","",""
"6980ff10f40903e69dd2e00a","block5_test_2","17","location-y","pointArc","6.98","25282","25282","","","","","Block5","false","","",""
"6980ff10f40903e69dd2e00a","block5_test_2","17","slider-x","pointArc","4.9","25282","25282","","","","","Block5","false","","",""
"6980ff10f40903e69dd2e00a","block5_test_2","17","slider-y","pointArc","7.11","25282","25282","","","","","Block5","false","","",""
"6980ff10f40903e69dd2e00a","block5_test_2","17","px-slider-x","pointArc","579.65","25282","25282","","","","","Block5","false","","",""
"6980ff10f40903e69dd2e00a","block5_test_2","17","px-slider-y","pointArc","129.15499999999997","25282","25282","","","","","Block5","false","","",""
"6980ff10f40903e69dd2e00a","block5_test_2","17","px-location-x","pointArc","565.74","25282","25282","","","","","Block5","false","","",""
"6980ff10f40903e69dd2e00a","block5_test_2","17","px-location-y","pointArc","134.29","25282","25282","","","","","Block5","false","","",""
"6980ff10f40903e69dd2e00a","block5_test_2","17","windowEvents","pointArc","{""focus"":3,""input"":0,""keydown"":0,""keyup"":0,""mousemove"":130,""mousedown"":5,""mouseup"":5,""resize"":0,""scroll"":0,""visibility"":0}","","","","","","","","","","",""
"6980ff10f40903e69dd2e00a","block5_test_5","18","location-x","pointArc","-4.17","13813","13813","","","","","Block5","false","","",""
"6980ff10f40903e69dd2e00a","block5_test_5","18","location-y","pointArc","2.49","13813","13813","","","","","Block5","false","","",""
"6980ff10f40903e69dd2e00a","block5_test_5","18","slider-x","pointArc","-4.17","13813","13813","","","","","Block5","false","","",""
"6980ff10f40903e69dd2e00a","block5_test_5","18","slider-y","pointArc","2.49","13813","13813","","","","","Block5","false","","",""
"6980ff10f40903e69dd2e00a","block5_test_5","18","px-slider-x","pointArc","94.405","13813","13813","","","","","Block5","false","","",""
"6980ff10f40903e69dd2e00a","block5_test_5","18","px-slider-y","pointArc","311.64500000000004","13813","13813","","","","","Block5","false","","",""
"6980ff10f40903e69dd2e00a","block5_test_5","18","px-location-x","pointArc","94.405","13813","13813","","","","","Block5","false","","",""
"6980ff10f40903e69dd2e00a","block5_test_5","18","px-location-y","pointArc","311.64500000000004","13813","13813","","","","","Block5","false","","",""
"6980ff10f40903e69dd2e00a","block5_test_5","18","windowEvents","pointArc","{""focus"":3,""input"":0,""keydown"":0,""keyup"":0,""mousemove"":68,""mousedown"":4,""mouseup"":4,""resize"":0,""scroll"":0,""visibility"":0}","","","","","","","","","","",""
"6980ff10f40903e69dd2e00a","block5_test_9","19","location-x","pointArc","1.1","13650","13650","","","","","Block5","false","","",""
"6980ff10f40903e69dd2e00a","block5_test_9","19","location-y","pointArc","2.4","13650","13650","","","","","Block5","false","","",""
"6980ff10f40903e69dd2e00a","block5_test_9","19","slider-x","pointArc","1.15","13650","13650","","","","","Block5","false","","",""
"6980ff10f40903e69dd2e00a","block5_test_9","19","slider-y","pointArc","2.52","13650","13650","","","","","Block5","false","","",""
"6980ff10f40903e69dd2e00a","block5_test_9","19","px-slider-x","pointArc","379.025","13650","13650","","","","","Block5","false","","",""
"6980ff10f40903e69dd2e00a","block5_test_9","19","px-slider-y","pointArc","310.46","13650","13650","","","","","Block5","false","","",""
"6980ff10f40903e69dd2e00a","block5_test_9","19","px-location-x","pointArc","376.34999999999997","13650","13650","","","","","Block5","false","","",""
"6980ff10f40903e69dd2e00a","block5_test_9","19","px-location-y","pointArc","315.20000000000005","13650","13650","","","","","Block5","false","","",""
"6980ff10f40903e69dd2e00a","block5_test_9","19","windowEvents","pointArc","{""focus"":3,""input"":0,""keydown"":0,""keyup"":0,""mousemove"":80,""mousedown"":4,""mouseup"":4,""resize"":0,""scroll"":0,""visibility"":0}","","","","","","","","","","",""
"6980ff10f40903e69dd2e00a","task2_intro","20","","pointArc","","10608","10608","","","","","","","","",""
"6980ff10f40903e69dd2e00a","task2_intro","20","windowEvents","pointArc","{""focus"":1,""input"":0,""keydown"":0,""keyup"":0,""mousemove"":8,""mousedown"":1,""mouseup"":1,""resize"":0,""scroll"":0,""visibility"":0}","","","","","","","","","","",""
"6980ff10f40903e69dd2e00a","moritz_train_pointArc_1","21","pixelResponse","pointArc","104.00000000000001","17220","17220","","","","","point","true","","","4"
"6980ff10f40903e69dd2e00a","moritz_train_pointArc_1","21","numericResponse","pointArc","0.48","17220","17220","","","","","point","true","","","4"
"6980ff10f40903e69dd2e00a","moritz_train_pointArc_1","21","windowEvents","pointArc","{""focus"":3,""input"":0,""keydown"":0,""keyup"":0,""mousemove"":101,""mousedown"":3,""mouseup"":3,""resize"":0,""scroll"":0,""visibility"":0}","","","","","","","","","","",""
"6980ff10f40903e69dd2e00a","moritz_train_pointArc_2","22","pixelResponse","pointArc","110.00000000000001","12521","12521","","","","","point","true","","","5"
"6980ff10f40903e69dd2e00a","moritz_train_pointArc_2","22","numericResponse","pointArc","0.45","12521","12521","","","","","point","true","","","5"
"6980ff10f40903e69dd2e00a","moritz_train_pointArc_2","22","windowEvents","pointArc","{""focus"":3,""input"":0,""keydown"":0,""keyup"":0,""mousemove"":74,""mousedown"":4,""mouseup"":4,""resize"":0,""scroll"":0,""visibility"":0}","","","","","","","","","","",""
"6980ff10f40903e69dd2e00a","task2_test_intro","23","","pointArc","","3492","3492","","","","","","","","",""
"6980ff10f40903e69dd2e00a","task2_test_intro","23","windowEvents","pointArc","{""focus"":1,""input"":0,""keydown"":0,""keyup"":0,""mousemove"":11,""mousedown"":1,""mouseup"":1,""resize"":0,""scroll"":0,""visibility"":0}","","","","","","","","","","",""
"6980ff10f40903e69dd2e00a","pointArc_task_13","24","pixelResponse","pointArc","100","15554","15554","","","","","pointArc","","","","44"
"6980ff10f40903e69dd2e00a","pointArc_task_13","24","numericResponse","pointArc","0.5","15554","15554","","","","","pointArc","","","","44"
"6980ff10f40903e69dd2e00a","pointArc_task_13","24","windowEvents","pointArc","{""focus"":2,""input"":0,""keydown"":0,""keyup"":0,""mousemove"":109,""mousedown"":3,""mouseup"":3,""resize"":0,""scroll"":0,""visibility"":0}","","","","","","","","","","",""
"6980ff10f40903e69dd2e00a","pointArc_task_38","25","pixelResponse","pointArc","92","12708","12708","","","","","pointArc","","","","117"
"6980ff10f40903e69dd2e00a","pointArc_task_38","25","numericResponse","pointArc","0.54","12708","12708","","","","","pointArc","","","","117"
"6980ff10f40903e69dd2e00a","pointArc_task_38","25","windowEvents","pointArc","{""focus"":2,""input"":0,""keydown"":0,""keyup"":0,""mousemove"":76,""mousedown"":2,""mouseup"":2,""resize"":0,""scroll"":0,""visibility"":0}","","","","","","","","","","",""
"6980ff10f40903e69dd2e00a","pointArc_task_33","26","pixelResponse","pointArc","108","7474","7474","","","","","pointArc","","","","104"
"6980ff10f40903e69dd2e00a","pointArc_task_33","26","numericResponse","pointArc","0.46","7474","7474","","","","","pointArc","","","","104"
"6980ff10f40903e69dd2e00a","pointArc_task_33","26","windowEvents","pointArc","{""focus"":2,""input"":0,""keydown"":0,""keyup"":0,""mousemove"":49,""mousedown"":2,""mouseup"":2,""resize"":0,""scroll"":0,""visibility"":0}","","","","","","","","","","",""
"6980ff10f40903e69dd2e00a","pointArc_task_12","27","pixelResponse","pointArc","116.00000000000001","12006","12006","","","","","pointArc","","","","35"
"6980ff10f40903e69dd2e00a","pointArc_task_12","27","numericResponse","pointArc","0.42","12006","12006","","","","","pointArc","","","","35"
"6980ff10f40903e69dd2e00a","pointArc_task_12","27","windowEvents","pointArc","{""focus"":2,""input"":0,""keydown"":0,""keyup"":0,""mousemove"":85,""mousedown"":3,""mouseup"":3,""resize"":0,""scroll"":0,""visibility"":0}","","","","","","","","","","",""
"6980ff10f40903e69dd2e00a","pointArc_task_6","28","pixelResponse","pointArc","86","11328","11328","","","","","pointArc","","","","21"
"6980ff10f40903e69dd2e00a","pointArc_task_6","28","numericResponse","pointArc","0.57","11328","11328","","","","","pointArc","","","","21"
"6980ff10f40903e69dd2e00a","pointArc_task_6","28","windowEvents","pointArc","{""focus"":2,""input"":0,""keydown"":0,""keyup"":0,""mousemove"":77,""mousedown"":3,""mouseup"":3,""resize"":0,""scroll"":0,""visibility"":0}","","","","","","","","","","",""
"6980ff10f40903e69dd2e00a","pointArc_task_1","29","pixelResponse","pointArc","112.00000000000001","15651","15651","","","","","pointArc","","","","8"
"6980ff10f40903e69dd2e00a","pointArc_task_1","29","numericResponse","pointArc","0.44","15651","15651","","","","","pointArc","","","","8"
"6980ff10f40903e69dd2e00a","pointArc_task_1","29","windowEvents","pointArc","{""focus"":2,""input"":0,""keydown"":0,""keyup"":0,""mousemove"":47,""mousedown"":2,""mouseup"":2,""resize"":0,""scroll"":0,""visibility"":0}","","","","","","","","","","",""
"6980ff10f40903e69dd2e00a","pointArc_task_32","30","pixelResponse","pointArc","118.00000000000001","59111","59111","","","","","pointArc","","","","95"
"6980ff10f40903e69dd2e00a","pointArc_task_32","30","numericResponse","pointArc","0.41","59111","59111","","","","","pointArc","","","","95"
"6980ff10f40903e69dd2e00a","pointArc_task_32","30","windowEvents","pointArc","{""focus"":2,""input"":0,""keydown"":0,""keyup"":0,""mousemove"":77,""mousedown"":2,""mouseup"":2,""resize"":0,""scroll"":0,""visibility"":0}","","","","","","","","","","",""
"6980ff10f40903e69dd2e00a","pointArc_task_26","31","pixelResponse","pointArc","64","11508","11508","","","","","pointArc","","","","81"
"6980ff10f40903e69dd2e00a","pointArc_task_26","31","numericResponse","pointArc","0.68","11508","11508","","","","","pointArc","","","","81"
"6980ff10f40903e69dd2e00a","pointArc_task_26","31","windowEvents","pointArc","{""focus"":2,""input"":0,""keydown"":0,""keyup"":0,""mousemove"":91,""mousedown"":2,""mouseup"":2,""resize"":0,""scroll"":0,""visibility"":0}","","","","","","","","","","",""
"6980ff10f40903e69dd2e00a","pointArc_task_46","32","pixelResponse","pointArc","62.000000000000014","9171","9171","","","","","pointArc","","","","141"
"6980ff10f40903e69dd2e00a","pointArc_task_46","32","numericResponse","pointArc","0.69","9171","9171","","","","","pointArc","","","","141"
"6980ff10f40903e69dd2e00a","pointArc_task_46","32","windowEvents","pointArc","{""focus"":2,""input"":0,""keydown"":0,""keyup"":0,""mousemove"":63,""mousedown"":3,""mouseup"":3,""resize"":0,""scroll"":0,""visibility"":0}","","","","","","","","","","",""
"6980ff10f40903e69dd2e00a","pointArc_task_2","33","pixelResponse","pointArc","100","40072","13722","","","","","pointArc","","","","9"
"6980ff10f40903e69dd2e00a","pointArc_task_2","33","numericResponse","pointArc","0.5","40072","13722","","","","","pointArc","","","","9"
"6980ff10f40903e69dd2e00a","pointArc_task_2","33","windowEvents","pointArc","{""focus"":3,""input"":0,""keydown"":0,""keyup"":0,""mousemove"":69,""mousedown"":4,""mouseup"":3,""resize"":0,""scroll"":0,""visibility"":2}","","","","","","","","","","",""
"6980ff10f40903e69dd2e00a","pointArc_task_29","34","pixelResponse","pointArc","108","6953","6953","","","","","pointArc","","","","92"
"6980ff10f40903e69dd2e00a","pointArc_task_29","34","numericResponse","pointArc","0.46","6953","6953","","","","","pointArc","","","","92"
"6980ff10f40903e69dd2e00a","pointArc_task_29","34","windowEvents","pointArc","{""focus"":2,""input"":0,""keydown"":0,""keyup"":0,""mousemove"":49,""mousedown"":1,""mouseup"":2,""resize"":0,""scroll"":0,""visibility"":0}","","","","","","","","","","",""
"6980ff10f40903e69dd2e00a","pointArc_task_9","35","pixelResponse","pointArc","120","7288","7288","","","","","pointArc","","","","32"
"6980ff10f40903e69dd2e00a","pointArc_task_9","35","numericResponse","pointArc","0.4","7288","7288","","","","","pointArc","","","","32"
"6980ff10f40903e69dd2e00a","pointArc_task_9","35","windowEvents","pointArc","{""focus"":2,""input"":0,""keydown"":0,""keyup"":0,""mousemove"":47,""mousedown"":3,""mouseup"":3,""resize"":0,""scroll"":0,""visibility"":0}","","","","","","","","","","",""
"6980ff10f40903e69dd2e00a","pointArc_task_8","36","pixelResponse","pointArc","104.00000000000001","8711","8711","","","","","pointArc","","","","23"
"6980ff10f40903e69dd2e00a","pointArc_task_8","36","numericResponse","pointArc","0.48","8711","8711","","","","","pointArc","","","","23"
"6980ff10f40903e69dd2e00a","pointArc_task_8","36","windowEvents","pointArc","{""focus"":2,""input"":0,""keydown"":0,""keyup"":0,""mousemove"":69,""mousedown"":2,""mouseup"":2,""resize"":0,""scroll"":0,""visibility"":0}","","","","","","","","","","",""
"6980ff10f40903e69dd2e00a","pointArc_task_14","37","pixelResponse","pointArc","94","7498","7498","","","","","pointArc","","","","45"
"6980ff10f40903e69dd2e00a","pointArc_task_14","37","numericResponse","pointArc","0.53","7498","7498","","","","","pointArc","","","","45"
"6980ff10f40903e69dd2e00a","pointArc_task_14","37","windowEvents","pointArc","{""focus"":2,""input"":0,""keydown"":0,""keyup"":0,""mousemove"":51,""mousedown"":2,""mouseup"":2,""resize"":0,""scroll"":0,""visibility"":0}","","","","","","","","","","",""
"6980ff10f40903e69dd2e00a","pointArc_task_28","38","pixelResponse","pointArc","56.00000000000001","11089","11089","","","","","pointArc","","","","83"
"6980ff10f40903e69dd2e00a","pointArc_task_28","38","numericResponse","pointArc","0.72","11089","11089","","","","","pointArc","","","","83"
"6980ff10f40903e69dd2e00a","pointArc_task_28","38","windowEvents","pointArc","{""focus"":2,""input"":0,""keydown"":0,""keyup"":0,""mousemove"":70,""mousedown"":2,""mouseup"":2,""resize"":0,""scroll"":0,""visibility"":0}","","","","","","","","","","",""
"6980ff10f40903e69dd2e00a","pointArc_task_30","39","pixelResponse","pointArc","110.00000000000001","7235","7235","","","","","pointArc","","","","93"
"6980ff10f40903e69dd2e00a","pointArc_task_30","39","numericResponse","pointArc","0.45","7235","7235","","","","","pointArc","","","","93"
"6980ff10f40903e69dd2e00a","pointArc_task_30","39","windowEvents","pointArc","{""focus"":2,""input"":0,""keydown"":0,""keyup"":0,""mousemove"":51,""mousedown"":2,""mouseup"":2,""resize"":0,""scroll"":0,""visibility"":0}","","","","","","","","","","",""
"6980ff10f40903e69dd2e00a","pointArc_task_25","40","pixelResponse","pointArc","131.99999999999997","8153","8153","","","","","pointArc","","","","80"
"6980ff10f40903e69dd2e00a","pointArc_task_25","40","numericResponse","pointArc","0.34","8153","8153","","","","","pointArc","","","","80"
"6980ff10f40903e69dd2e00a","pointArc_task_25","40","windowEvents","pointArc","{""focus"":2,""input"":0,""keydown"":0,""keyup"":0,""mousemove"":67,""mousedown"":2,""mouseup"":2,""resize"":0,""scroll"":0,""visibility"":0}","","","","","","","","","","",""
"6980ff10f40903e69dd2e00a","pointArc_task_17","41","pixelResponse","pointArc","92","17981","17981","","","","","pointArc","","","","56"
"6980ff10f40903e69dd2e00a","pointArc_task_17","41","numericResponse","pointArc","0.54","17981","17981","","","","","pointArc","","","","56"
"6980ff10f40903e69dd2e00a","pointArc_task_17","41","windowEvents","pointArc","{""focus"":2,""input"":0,""keydown"":0,""keyup"":0,""mousemove"":107,""mousedown"":2,""mouseup"":2,""resize"":0,""scroll"":0,""visibility"":0}","","","","","","","","","","",""
"6980ff10f40903e69dd2e00a","pointArc_task_22","42","pixelResponse","pointArc","86","17163","17163","","","","","pointArc","","","","69"
"6980ff10f40903e69dd2e00a","pointArc_task_22","42","numericResponse","pointArc","0.57","17163","17163","","","","","pointArc","","","","69"
"6980ff10f40903e69dd2e00a","pointArc_task_22","42","windowEvents","pointArc","{""focus"":2,""input"":0,""keydown"":0,""keyup"":0,""mousemove"":54,""mousedown"":2,""mouseup"":2,""resize"":0,""scroll"":0,""visibility"":0}","","","","","","","","","","",""
"6980ff10f40903e69dd2e00a","pointArc_task_40","43","pixelResponse","pointArc","98","10195","10195","","","","","pointArc","","","","119"
"6980ff10f40903e69dd2e00a","pointArc_task_40","43","numericResponse","pointArc","0.51","10195","10195","","","","","pointArc","","","","119"
"6980ff10f40903e69dd2e00a","pointArc_task_40","43","windowEvents","pointArc","{""focus"":2,""input"":0,""keydown"":0,""keyup"":0,""mousemove"":77,""mousedown"":2,""mouseup"":2,""resize"":0,""scroll"":0,""visibility"":0}","","","","","","","","","","",""
"6980ff10f40903e69dd2e00a","pointArc_task_39","44","pixelResponse","pointArc","64","7420","7420","","","","","pointArc","","","","118"
"6980ff10f40903e69dd2e00a","pointArc_task_39","44","numericResponse","pointArc","0.68","7420","7420","","","","","pointArc","","","","118"
"6980ff10f40903e69dd2e00a","pointArc_task_39","44","windowEvents","pointArc","{""focus"":2,""input"":0,""keydown"":0,""keyup"":0,""mousemove"":49,""mousedown"":3,""mouseup"":3,""resize"":0,""scroll"":0,""visibility"":0}","","","","","","","","","","",""
"6980ff10f40903e69dd2e00a","pointArc_task_44","45","pixelResponse","pointArc","124","10524","10524","","","","","pointArc","","","","131"
"6980ff10f40903e69dd2e00a","pointArc_task_44","45","numericResponse","pointArc","0.38","10524","10524","","","","","pointArc","","","","131"
"6980ff10f40903e69dd2e00a","pointArc_task_44","45","windowEvents","pointArc","{""focus"":2,""input"":0,""keydown"":0,""keyup"":0,""mousemove"":82,""mousedown"":2,""mouseup"":2,""resize"":0,""scroll"":0,""visibility"":0}","","","","","","","","","","",""
"6980ff10f40903e69dd2e00a","pointArc_task_19","46","pixelResponse","pointArc","65.99999999999999","10306","10306","","","","","pointArc","","","","58"
"6980ff10f40903e69dd2e00a","pointArc_task_19","46","numericResponse","pointArc","0.67","10306","10306","","","","","pointArc","","","","58"
"6980ff10f40903e69dd2e00a","pointArc_task_19","46","windowEvents","pointArc","{""focus"":2,""input"":0,""keydown"":0,""keyup"":0,""mousemove"":63,""mousedown"":2,""mouseup"":2,""resize"":0,""scroll"":0,""visibility"":0}","","","","","","","","","","",""
"6980ff10f40903e69dd2e00a","pointArc_task_37","47","pixelResponse","pointArc","116.00000000000001","11841","11841","","","","","pointArc","","","","116"
"6980ff10f40903e69dd2e00a","pointArc_task_37","47","numericResponse","pointArc","0.42","11841","11841","","","","","pointArc","","","","116"
"6980ff10f40903e69dd2e00a","pointArc_task_37","47","windowEvents","pointArc","{""focus"":3,""input"":0,""keydown"":0,""keyup"":0,""mousemove"":88,""mousedown"":6,""mouseup"":6,""resize"":0,""scroll"":0,""visibility"":0}","","","","","","","","","","",""
"6980ff10f40903e69dd2e00a","pointArc_task_48","48","pixelResponse","pointArc","52.00000000000001","7812","7812","","","","","pointArc","","","","143"
"6980ff10f40903e69dd2e00a","pointArc_task_48","48","numericResponse","pointArc","0.74","7812","7812","","","","","pointArc","","","","143"
"6980ff10f40903e69dd2e00a","pointArc_task_48","48","windowEvents","pointArc","{""focus"":2,""input"":0,""keydown"":0,""keyup"":0,""mousemove"":58,""mousedown"":2,""mouseup"":2,""resize"":0,""scroll"":0,""visibility"":0}","","","","","","","","","","",""
"6980ff10f40903e69dd2e00a","pointArc_task_15","49","pixelResponse","pointArc","74","6606","6606","","","","","pointArc","","","","46"
"6980ff10f40903e69dd2e00a","pointArc_task_15","49","numericResponse","pointArc","0.63","6606","6606","","","","","pointArc","","","","46"
"6980ff10f40903e69dd2e00a","pointArc_task_15","49","windowEvents","pointArc","{""focus"":2,""input"":0,""keydown"":0,""keyup"":0,""mousemove"":50,""mousedown"":2,""mouseup"":2,""resize"":0,""scroll"":0,""visibility"":0}","","","","","","","","","","",""
"6980ff10f40903e69dd2e00a","pointArc_task_3","50","pixelResponse","pointArc","92","8411","8411","","","","","pointArc","","","","10"
"6980ff10f40903e69dd2e00a","pointArc_task_3","50","numericResponse","pointArc","0.54","8411","8411","","","","","pointArc","","","","10"
"6980ff10f40903e69dd2e00a","pointArc_task_3","50","windowEvents","pointArc","{""focus"":2,""input"":0,""keydown"":0,""keyup"":0,""mousemove"":55,""mousedown"":2,""mouseup"":2,""resize"":0,""scroll"":0,""visibility"":0}","","","","","","","","","","",""
"6980ff10f40903e69dd2e00a","pointArc_task_34","51","pixelResponse","pointArc","76","5391","5391","","","","","pointArc","","","","105"
"6980ff10f40903e69dd2e00a","pointArc_task_34","51","numericResponse","pointArc","0.62","5391","5391","","","","","pointArc","","","","105"
"6980ff10f40903e69dd2e00a","pointArc_task_34","51","windowEvents","pointArc","{""focus"":2,""input"":0,""keydown"":0,""keyup"":0,""mousemove"":34,""mousedown"":2,""mouseup"":2,""resize"":0,""scroll"":0,""visibility"":0}","","","","","","","","","","",""
"6980ff10f40903e69dd2e00a","pointArc_task_36","52","pixelResponse","pointArc","80","6855","6855","","","","","pointArc","","","","107"
"6980ff10f40903e69dd2e00a","pointArc_task_36","52","numericResponse","pointArc","0.6","6855","6855","","","","","pointArc","","","","107"
"6980ff10f40903e69dd2e00a","pointArc_task_36","52","windowEvents","pointArc","{""focus"":2,""input"":0,""keydown"":0,""keyup"":0,""mousemove"":54,""mousedown"":2,""mouseup"":2,""resize"":0,""scroll"":0,""visibility"":0}","","","","","","","","","","",""
"6980ff10f40903e69dd2e00a","pointArc_task_7","53","pixelResponse","pointArc","92","44781","44781","","","","","pointArc","","","","22"
"6980ff10f40903e69dd2e00a","pointArc_task_7","53","numericResponse","pointArc","0.54","44781","44781","","","","","pointArc","","","","22"
"6980ff10f40903e69dd2e00a","pointArc_task_7","53","windowEvents","pointArc","{""focus"":2,""input"":0,""keydown"":0,""keyup"":0,""mousemove"":82,""mousedown"":2,""mouseup"":2,""resize"":0,""scroll"":0,""visibility"":0}","","","","","","","","","","",""
"6980ff10f40903e69dd2e00a","pointArc_task_16","54","pixelResponse","pointArc","102","7952","7952","","","","","pointArc","","","","47"
"6980ff10f40903e69dd2e00a","pointArc_task_16","54","numericResponse","pointArc","0.49","7952","7952","","","","","pointArc","","","","47"
"6980ff10f40903e69dd2e00a","pointArc_task_16","54","windowEvents","pointArc","{""focus"":2,""input"":0,""keydown"":0,""keyup"":0,""mousemove"":64,""mousedown"":2,""mouseup"":2,""resize"":0,""scroll"":0,""visibility"":0}","","","","","","","","","","",""
"6980ff10f40903e69dd2e00a","pointArc_task_45","55","pixelResponse","pointArc","126","7611","7611","","","","","pointArc","","","","140"
"6980ff10f40903e69dd2e00a","pointArc_task_45","55","numericResponse","pointArc","0.37","7611","7611","","","","","pointArc","","","","140"
"6980ff10f40903e69dd2e00a","pointArc_task_45","55","windowEvents","pointArc","{""focus"":2,""input"":0,""keydown"":0,""keyup"":0,""mousemove"":41,""mousedown"":2,""mouseup"":2,""resize"":0,""scroll"":0,""visibility"":0}","","","","","","","","","","",""
"6980ff10f40903e69dd2e00a","pointArc_task_23","56","pixelResponse","pointArc","86","7019","7019","","","","","pointArc","","","","70"
"6980ff10f40903e69dd2e00a","pointArc_task_23","56","numericResponse","pointArc","0.57","7019","7019","","","","","pointArc","","","","70"
"6980ff10f40903e69dd2e00a","pointArc_task_23","56","windowEvents","pointArc","{""focus"":2,""input"":0,""keydown"":0,""keyup"":0,""mousemove"":55,""mousedown"":2,""mouseup"":2,""resize"":0,""scroll"":0,""visibility"":0}","","","","","","","","","","",""
"6980ff10f40903e69dd2e00a","pointArc_task_24","57","pixelResponse","pointArc","130","5645","5645","","","","","pointArc","","","","71"
"6980ff10f40903e69dd2e00a","pointArc_task_24","57","numericResponse","pointArc","0.35","5645","5645","","","","","pointArc","","","","71"
"6980ff10f40903e69dd2e00a","pointArc_task_24","57","windowEvents","pointArc","{""focus"":2,""input"":0,""keydown"":0,""keyup"":0,""mousemove"":45,""mousedown"":2,""mouseup"":2,""resize"":0,""scroll"":0,""visibility"":0}","","","","","","","","","","",""
"6980ff10f40903e69dd2e00a","pointArc_task_31","58","pixelResponse","pointArc","74","6856","6856","","","","","pointArc","","","","94"
"6980ff10f40903e69dd2e00a","pointArc_task_31","58","numericResponse","pointArc","0.63","6856","6856","","","","","pointArc","","","","94"
"6980ff10f40903e69dd2e00a","pointArc_task_31","58","windowEvents","pointArc","{""focus"":2,""input"":0,""keydown"":0,""keyup"":0,""mousemove"":46,""mousedown"":2,""mouseup"":2,""resize"":0,""scroll"":0,""visibility"":0}","","","","","","","","","","",""
"6980ff10f40903e69dd2e00a","pointArc_task_21","59","pixelResponse","pointArc","102","6763","6763","","","","","pointArc","","","","68"
"6980ff10f40903e69dd2e00a","pointArc_task_21","59","numericResponse","pointArc","0.49","6763","6763","","","","","pointArc","","","","68"
"6980ff10f40903e69dd2e00a","pointArc_task_21","59","windowEvents","pointArc","{""focus"":2,""input"":0,""keydown"":0,""keyup"":0,""mousemove"":49,""mousedown"":2,""mouseup"":2,""resize"":0,""scroll"":0,""visibility"":0}","","","","","","","","","","",""
"6980ff10f40903e69dd2e00a","pointArc_task_35","60","pixelResponse","pointArc","95.99999999999999","5494","5494","","","","","pointArc","","","","106"
"6980ff10f40903e69dd2e00a","pointArc_task_35","60","numericResponse","pointArc","0.52","5494","5494","","","","","pointArc","","","","106"
"6980ff10f40903e69dd2e00a","pointArc_task_35","60","windowEvents","pointArc","{""focus"":2,""input"":0,""keydown"":0,""keyup"":0,""mousemove"":41,""mousedown"":2,""mouseup"":2,""resize"":0,""scroll"":0,""visibility"":0}","","","","","","","","","","",""
"6980ff10f40903e69dd2e00a","pointArc_task_41","61","pixelResponse","pointArc","94","8176","8176","","","","","pointArc","","","","128"
"6980ff10f40903e69dd2e00a","pointArc_task_41","61","numericResponse","pointArc","0.53","8176","8176","","","","","pointArc","","","","128"
"6980ff10f40903e69dd2e00a","pointArc_task_41","61","windowEvents","pointArc","{""focus"":2,""input"":0,""keydown"":0,""keyup"":0,""mousemove"":59,""mousedown"":2,""mouseup"":2,""resize"":0,""scroll"":0,""visibility"":0}","","","","","","","","","","",""
"6980ff10f40903e69dd2e00a","pointArc_task_18","62","pixelResponse","pointArc","110.00000000000001","9354","9354","","","","","pointArc","","","","57"
"6980ff10f40903e69dd2e00a","pointArc_task_18","62","numericResponse","pointArc","0.45","9354","9354","","","","","pointArc","","","","57"
"6980ff10f40903e69dd2e00a","pointArc_task_18","62","windowEvents","pointArc","{""focus"":2,""input"":0,""keydown"":0,""keyup"":0,""mousemove"":71,""mousedown"":2,""mouseup"":2,""resize"":0,""scroll"":0,""visibility"":0}","","","","","","","","","","",""
"6980ff10f40903e69dd2e00a","pointArc_task_20","63","pixelResponse","pointArc","126","7407","7407","","","","","pointArc","","","","59"
"6980ff10f40903e69dd2e00a","pointArc_task_20","63","numericResponse","pointArc","0.37","7407","7407","","","","","pointArc","","","","59"
"6980ff10f40903e69dd2e00a","pointArc_task_20","63","windowEvents","pointArc","{""focus"":2,""input"":0,""keydown"":0,""keyup"":0,""mousemove"":54,""mousedown"":2,""mouseup"":2,""resize"":0,""scroll"":0,""visibility"":0}","","","","","","","","","","",""
"6980ff10f40903e69dd2e00a","pointArc_task_43","64","pixelResponse","pointArc","72","8970","8970","","","","","pointArc","","","","130"
"6980ff10f40903e69dd2e00a","pointArc_task_43","64","numericResponse","pointArc","0.64","8970","8970","","","","","pointArc","","","","130"
"6980ff10f40903e69dd2e00a","pointArc_task_43","64","windowEvents","pointArc","{""focus"":2,""input"":0,""keydown"":0,""keyup"":0,""mousemove"":61,""mousedown"":2,""mouseup"":2,""resize"":0,""scroll"":0,""visibility"":0}","","","","","","","","","","",""
"6980ff10f40903e69dd2e00a","pointArc_task_42","65","pixelResponse","pointArc","114.00000000000001","8862","8862","","","","","pointArc","","","","129"
"6980ff10f40903e69dd2e00a","pointArc_task_42","65","numericResponse","pointArc","0.43","8862","8862","","","","","pointArc","","","","129"
"6980ff10f40903e69dd2e00a","pointArc_task_42","65","windowEvents","pointArc","{""focus"":2,""input"":0,""keydown"":0,""keyup"":0,""mousemove"":47,""mousedown"":5,""mouseup"":5,""resize"":0,""scroll"":0,""visibility"":0}","","","","","","","","","","",""
"6980ff10f40903e69dd2e00a","pointArc_task_27","66","pixelResponse","pointArc","122","6435","6435","","","","","pointArc","","","","82"
"6980ff10f40903e69dd2e00a","pointArc_task_27","66","numericResponse","pointArc","0.39","6435","6435","","","","","pointArc","","","","82"
"6980ff10f40903e69dd2e00a","pointArc_task_27","66","windowEvents","pointArc","{""focus"":2,""input"":0,""keydown"":0,""keyup"":0,""mousemove"":47,""mousedown"":2,""mouseup"":2,""resize"":0,""scroll"":0,""visibility"":0}","","","","","","","","","","",""
"6980ff10f40903e69dd2e00a","pointArc_task_47","67","pixelResponse","pointArc","134","5641","5641","","","","","pointArc","","","","142"
"6980ff10f40903e69dd2e00a","pointArc_task_47","67","numericResponse","pointArc","0.33","5641","5641","","","","","pointArc","","","","142"
"6980ff10f40903e69dd2e00a","pointArc_task_47","67","windowEvents","pointArc","{""focus"":2,""input"":0,""keydown"":0,""keyup"":0,""mousemove"":40,""mousedown"":2,""mouseup"":2,""resize"":0,""scroll"":0,""visibility"":0}","","","","","","","","","","",""
"6980ff10f40903e69dd2e00a","pointArc_task_11","68","pixelResponse","pointArc","110.00000000000001","20995","20995","","","","","pointArc","","","","34"
"6980ff10f40903e69dd2e00a","pointArc_task_11","68","numericResponse","pointArc","0.45","20995","20995","","","","","pointArc","","","","34"
"6980ff10f40903e69dd2e00a","pointArc_task_11","68","windowEvents","pointArc","{""focus"":2,""input"":0,""keydown"":0,""keyup"":0,""mousemove"":85,""mousedown"":2,""mouseup"":2,""resize"":0,""scroll"":0,""visibility"":0}","","","","","","","","","","",""
"6980ff10f40903e69dd2e00a","pointArc_task_10","69","pixelResponse","pointArc","89.99999999999999","11817","11817","","","","","pointArc","","","","33"
"6980ff10f40903e69dd2e00a","pointArc_task_10","69","numericResponse","pointArc","0.55","11817","11817","","","","","pointArc","","","","33"
"6980ff10f40903e69dd2e00a","pointArc_task_10","69","windowEvents","pointArc","{""focus"":2,""input"":0,""keydown"":0,""keyup"":0,""mousemove"":79,""mousedown"":2,""mouseup"":2,""resize"":0,""scroll"":0,""visibility"":0}","","","","","","","","","","",""
"6980ff10f40903e69dd2e00a","pointArc_task_5","70","pixelResponse","pointArc","110.00000000000001","8661","8661","","","","","pointArc","","","","20"
"6980ff10f40903e69dd2e00a","pointArc_task_5","70","numericResponse","pointArc","0.45","8661","8661","","","","","pointArc","","","","20"
"6980ff10f40903e69dd2e00a","pointArc_task_5","70","windowEvents","pointArc","{""focus"":2,""input"":0,""keydown"":0,""keyup"":0,""mousemove"":64,""mousedown"":2,""mouseup"":2,""resize"":0,""scroll"":0,""visibility"":0}","","","","","","","","","","",""
"6980ff10f40903e69dd2e00a","pointArc_task_4","71","pixelResponse","pointArc","95.99999999999999","8703","8703","","","","","pointArc","","","","11"
"6980ff10f40903e69dd2e00a","pointArc_task_4","71","numericResponse","pointArc","0.52","8703","8703","","","","","pointArc","","","","11"
"6980ff10f40903e69dd2e00a","pointArc_task_4","71","windowEvents","pointArc","{""focus"":2,""input"":0,""keydown"":0,""keyup"":0,""mousemove"":55,""mousedown"":2,""mouseup"":2,""resize"":0,""scroll"":0,""visibility"":0}","","","","","","","","","","",""
"6980ff10f40903e69dd2e00a","post_study","72","gender","pointArc","Male","11758","11758","","","","","","","","",""
"6980ff10f40903e69dd2e00a","post_study","72","gender-other","pointArc","","11758","11758","","","","","","","","",""
"6980ff10f40903e69dd2e00a","post_study","72","age","pointArc","24","11758","11758","","","","","","","","",""
"6980ff10f40903e69dd2e00a","post_study","72","feedback","pointArc","No","11758","11758","","","","","","","","",""
"6980ff10f40903e69dd2e00a","post_study","72","feedback-text","pointArc","","11758","11758","","","","","","","","",""
"6980ff10f40903e69dd2e00a","post_study","72","strategy","pointArc","","11758","11758","","","","","","","","",""
"6980ff10f40903e69dd2e00a","post_study","72","windowEvents","pointArc","{""focus"":4,""input"":4,""keydown"":2,""keyup"":2,""mousemove"":49,""mousedown"":5,""mouseup"":4,""resize"":0,""scroll"":0,""visibility"":0}","","","","","","","","","","",""
"6987a0a0d6e08cdbcc9dacdd","participantTags","","participantTags","point","[""virtual-chinrest"",""point""]","","","","","","","","","","",""
"6987a0a0d6e08cdbcc9dacdd","introduction","0","prolificId","point","6987a0a0d6e08cdbcc9dacdd","12141","12141","","","","","","","","",""
"6987a0a0d6e08cdbcc9dacdd","introduction","0","windowEvents","point","{""focus"":0,""input"":0,""keydown"":0,""keyup"":0,""mousemove"":16,""mousedown"":0,""mouseup"":0,""resize"":0,""scroll"":0,""visibility"":0}","","","","","","","","","","",""
"6987a0a0d6e08cdbcc9dacdd","consent","1","consentApproval","point","Accept","29535","29535","","","","","","","","",""
"6987a0a0d6e08cdbcc9dacdd","consent","1","windowEvents","point","{""focus"":2,""input"":1,""keydown"":0,""keyup"":0,""mousemove"":43,""mousedown"":2,""mouseup"":2,""resize"":0,""scroll"":44,""visibility"":0}","","","","","","","","","","",""
"6987a0a0d6e08cdbcc9dacdd","chinrest_intro","2","","point","","11493","11493","","","","","","","","",""
"6987a0a0d6e08cdbcc9dacdd","chinrest_intro","2","windowEvents","point","{""focus"":1,""input"":0,""keydown"":0,""keyup"":0,""mousemove"":50,""mousedown"":2,""mouseup"":2,""resize"":1,""scroll"":1,""visibility"":0}","","","","","","","","","","",""
"6987a0a0d6e08cdbcc9dacdd","$virtual-chinrest.components.card-size","3","pixelsPerMM","point","4.299065420560748","25002","25002","pixelsPerMM","85.6","53.98","","","","","",""
"6987a0a0d6e08cdbcc9dacdd","$virtual-chinrest.components.card-size","3","windowEvents","point","{""focus"":3,""input"":0,""keydown"":0,""keyup"":0,""mousemove"":85,""mousedown"":4,""mouseup"":4,""resize"":0,""scroll"":0,""visibility"":0}","","","","","","","","","","",""
"6987a0a0d6e08cdbcc9dacdd","$virtual-chinrest.components.blindspot-distance","4","dist-calibration-MM","point","635.9734000336077","125219","125219","","","","13.5","","","","",""
"6987a0a0d6e08cdbcc9dacdd","$virtual-chinrest.components.blindspot-distance","4","dist-calibration-CM","point","63.59734000336077","125219","125219","","","","13.5","","","","",""
"6987a0a0d6e08cdbcc9dacdd","$virtual-chinrest.components.blindspot-distance","4","ball-positions","point","[456.3583984375,432.3646545410156,460.35736083984375,494.35986328125,466.35577392578125]","125219","125219","","","","13.5","","","","",""
"6987a0a0d6e08cdbcc9dacdd","$virtual-chinrest.components.blindspot-distance","4","square-position","point","1118.3564453125","125219","125219","","","","13.5","","","","",""
"6987a0a0d6e08cdbcc9dacdd","$virtual-chinrest.components.blindspot-distance","4","windowEvents","point","{""focus"":2,""input"":0,""keydown"":12,""keyup"":12,""mousemove"":37,""mousedown"":2,""mouseup"":2,""resize"":0,""scroll"":0,""visibility"":0}","","","","","","","","","","",""
"6987a0a0d6e08cdbcc9dacdd","study_overview","5","","point","","15846","15846","","","","","","","","",""
"6987a0a0d6e08cdbcc9dacdd","study_overview","5","windowEvents","point","{""focus"":1,""input"":0,""keydown"":0,""keyup"":0,""mousemove"":27,""mousedown"":1,""mouseup"":1,""resize"":0,""scroll"":0,""visibility"":0}","","","","","","","","","","",""
"6987a0a0d6e08cdbcc9dacdd","task1_intro","6","","point","","18930","18930","","","","","","","","",""
"6987a0a0d6e08cdbcc9dacdd","task1_intro","6","windowEvents","point","{""focus"":2,""input"":0,""keydown"":0,""keyup"":0,""mousemove"":22,""mousedown"":1,""mouseup"":1,""resize"":0,""scroll"":0,""visibility"":0}","","","","","","","","","","",""
"6987a0a0d6e08cdbcc9dacdd","block5_train_1","7","location-x","point","0.25","37780","37780","","","","","Block5","true","0.25","4.5",""
"6987a0a0d6e08cdbcc9dacdd","block5_train_1","7","location-y","point","4.5","37780","37780","","","","","Block5","true","0.25","4.5",""
"6987a0a0d6e08cdbcc9dacdd","block5_train_1","7","slider-x","point","0.25","37780","37780","","","","","Block5","true","0.25","4.5",""
"6987a0a0d6e08cdbcc9dacdd","block5_train_1","7","slider-y","point","4.5","37780","37780","","","","","Block5","true","0.25","4.5",""
"6987a0a0d6e08cdbcc9dacdd","block5_train_1","7","px-slider-x","point","330.875","37780","37780","","","","","Block5","true","0.25","4.5",""
"6987a0a0d6e08cdbcc9dacdd","block5_train_1","7","px-slider-y","point","232.25000000000003","37780","37780","","","","","Block5","true","0.25","4.5",""
"6987a0a0d6e08cdbcc9dacdd","block5_train_1","7","px-location-x","point","330.875","37780","37780","","","","","Block5","true","0.25","4.5",""
"6987a0a0d6e08cdbcc9dacdd","block5_train_1","7","px-location-y","point","232.25000000000003","37780","37780","","","","","Block5","true","0.25","4.5",""
"6987a0a0d6e08cdbcc9dacdd","block5_train_1","7","windowEvents","point","{""focus"":8,""input"":0,""keydown"":20,""keyup"":20,""mousemove"":124,""mousedown"":6,""mouseup"":6,""resize"":0,""scroll"":19,""visibility"":0}","","","","","","","","","","",""
"6987a0a0d6e08cdbcc9dacdd","block5_train_2","8","location-x","point","-1.5","28900","28900","","","","","Block5","true","-1.5","7.2",""
"6987a0a0d6e08cdbcc9dacdd","block5_train_2","8","location-y","point","7.2","28900","28900","","","","","Block5","true","-1.5","7.2",""
"6987a0a0d6e08cdbcc9dacdd","block5_train_2","8","slider-x","point","-1.5","28900","28900","","","","","Block5","true","-1.5","7.2",""
"6987a0a0d6e08cdbcc9dacdd","block5_train_2","8","slider-y","point","7.2","28900","28900","","","","","Block5","true","-1.5","7.2",""
"6987a0a0d6e08cdbcc9dacdd","block5_train_2","8","px-slider-x","point","237.25","28900","28900","","","","","Block5","true","-1.5","7.2",""
"6987a0a0d6e08cdbcc9dacdd","block5_train_2","8","px-slider-y","point","125.60000000000001","28900","28900","","","","","Block5","true","-1.5","7.2",""
"6987a0a0d6e08cdbcc9dacdd","block5_train_2","8","px-location-x","point","237.25","28900","28900","","","","","Block5","true","-1.5","7.2",""
"6987a0a0d6e08cdbcc9dacdd","block5_train_2","8","px-location-y","point","125.60000000000001","28900","28900","","","","","Block5","true","-1.5","7.2",""
"6987a0a0d6e08cdbcc9dacdd","block5_train_2","8","windowEvents","point","{""focus"":8,""input"":0,""keydown"":64,""keyup"":34,""mousemove"":69,""mousedown"":6,""mouseup"":6,""resize"":0,""scroll"":4,""visibility"":0}","","","","","","","","","","",""
"6987a0a0d6e08cdbcc9dacdd","task1_test_intro","9","","point","","20661","20661","","","","","","","","",""
"6987a0a0d6e08cdbcc9dacdd","task1_test_intro","9","windowEvents","point","{""focus"":1,""input"":0,""keydown"":0,""keyup"":0,""mousemove"":13,""mousedown"":1,""mouseup"":1,""resize"":0,""scroll"":1,""visibility"":0}","","","","","","","","","","",""
"6987a0a0d6e08cdbcc9dacdd","block5_test_2","10","location-x","point","-2.43","24073","24073","","","","","Block5","false","","",""
"6987a0a0d6e08cdbcc9dacdd","block5_test_2","10","location-y","point","5.01","24073","24073","","","","","Block5","false","","",""
"6987a0a0d6e08cdbcc9dacdd","block5_test_2","10","slider-x","point","-2.5","24073","24073","","","","","Block5","false","","",""
"6987a0a0d6e08cdbcc9dacdd","block5_test_2","10","slider-y","point","5","24073","24073","","","","","Block5","false","","",""
"6987a0a0d6e08cdbcc9dacdd","block5_test_2","10","px-slider-x","point","183.75","24073","24073","","","","","Block5","false","","",""
"6987a0a0d6e08cdbcc9dacdd","block5_test_2","10","px-slider-y","point","212.5","24073","24073","","","","","Block5","false","","",""
"6987a0a0d6e08cdbcc9dacdd","block5_test_2","10","px-location-x","point","187.495","24073","24073","","","","","Block5","false","","",""
"6987a0a0d6e08cdbcc9dacdd","block5_test_2","10","px-location-y","point","212.105","24073","24073","","","","","Block5","false","","",""
"6987a0a0d6e08cdbcc9dacdd","block5_test_2","10","windowEvents","point","{""focus"":6,""input"":0,""keydown"":29,""keyup"":20,""mousemove"":81,""mousedown"":4,""mouseup"":4,""resize"":0,""scroll"":1,""visibility"":0}","","","","","","","","","","",""
"6987a0a0d6e08cdbcc9dacdd","block5_test_8","11","location-x","point","-1.4","29045","29045","","","","","Block5","false","","",""
"6987a0a0d6e08cdbcc9dacdd","block5_test_8","11","location-y","point","8.77","29045","29045","","","","","Block5","false","","",""
"6987a0a0d6e08cdbcc9dacdd","block5_test_8","11","slider-x","point","-1.1","29045","29045","","","","","Block5","false","","",""
"6987a0a0d6e08cdbcc9dacdd","block5_test_8","11","slider-y","point","8.86","29045","29045","","","","","Block5","false","","",""
"6987a0a0d6e08cdbcc9dacdd","block5_test_8","11","px-slider-x","point","258.65","29045","29045","","","","","Block5","false","","",""
"6987a0a0d6e08cdbcc9dacdd","block5_test_8","11","px-slider-y","point","60.030000000000044","29045","29045","","","","","Block5","false","","",""
"6987a0a0d6e08cdbcc9dacdd","block5_test_8","11","px-location-x","point","242.6","29045","29045","","","","","Block5","false","","",""
"6987a0a0d6e08cdbcc9dacdd","block5_test_8","11","px-location-y","point","63.585","29045","29045","","","","","Block5","false","","",""
"6987a0a0d6e08cdbcc9dacdd","block5_test_8","11","windowEvents","point","{""focus"":5,""input"":0,""keydown"":37,""keyup"":37,""mousemove"":71,""mousedown"":5,""mouseup"":5,""resize"":0,""scroll"":2,""visibility"":0}","","","","","","","","","","",""
"6987a0a0d6e08cdbcc9dacdd","block5_test_6","12","location-x","point","0.69","38030","38030","","","","","Block5","false","","",""
"6987a0a0d6e08cdbcc9dacdd","block5_test_6","12","location-y","point","3.71","38030","38030","","","","","Block5","false","","",""
"6987a0a0d6e08cdbcc9dacdd","block5_test_6","12","slider-x","point","0.71","38030","38030","","","","","Block5","false","","",""
"6987a0a0d6e08cdbcc9dacdd","block5_test_6","12","slider-y","point","3.71","38030","38030","","","","","Block5","false","","",""
"6987a0a0d6e08cdbcc9dacdd","block5_test_6","12","px-slider-x","point","355.48499999999996","38030","38030","","","","","Block5","false","","",""
"6987a0a0d6e08cdbcc9dacdd","block5_test_6","12","px-slider-y","point","263.455","38030","38030","","","","","Block5","false","","",""
"6987a0a0d6e08cdbcc9dacdd","block5_test_6","12","px-location-x","point","354.41499999999996","38030","38030","","","","","Block5","false","","",""
"6987a0a0d6e08cdbcc9dacdd","block5_test_6","12","px-location-y","point","263.455","38030","38030","","","","","Block5","false","","",""
"6987a0a0d6e08cdbcc9dacdd","block5_test_6","12","windowEvents","point","{""focus"":5,""input"":0,""keydown"":49,""keyup"":49,""mousemove"":107,""mousedown"":5,""mouseup"":5,""resize"":0,""scroll"":2,""visibility"":0}","","","","","","","","","","",""
"6987a0a0d6e08cdbcc9dacdd","block5_test_1","13","location-x","point","-3.67","77296","77296","","","","","Block5","false","","",""
"6987a0a0d6e08cdbcc9dacdd","block5_test_1","13","location-y","point","8.13","77296","77296","","","","","Block5","false","","",""
"6987a0a0d6e08cdbcc9dacdd","block5_test_1","13","slider-x","point","-3.53","77296","77296","","","","","Block5","false","","",""
"6987a0a0d6e08cdbcc9dacdd","block5_test_1","13","slider-y","point","8.13","77296","77296","","","","","Block5","false","","",""
"6987a0a0d6e08cdbcc9dacdd","block5_test_1","13","px-slider-x","point","128.645","77296","77296","","","","","Block5","false","","",""
"6987a0a0d6e08cdbcc9dacdd","block5_test_1","13","px-slider-y","point","88.86499999999998","77296","77296","","","","","Block5","false","","",""
"6987a0a0d6e08cdbcc9dacdd","block5_test_1","13","px-location-x","point","121.155","77296","77296","","","","","Block5","false","","",""
"6987a0a0d6e08cdbcc9dacdd","block5_test_1","13","px-location-y","point","88.86499999999998","77296","77296","","","","","Block5","false","","",""
"6987a0a0d6e08cdbcc9dacdd","block5_test_1","13","windowEvents","point","{""focus"":7,""input"":0,""keydown"":37,""keyup"":37,""mousemove"":111,""mousedown"":4,""mouseup"":4,""resize"":0,""scroll"":2,""visibility"":0}","","","","","","","","","","",""
"6987a0a0d6e08cdbcc9dacdd","block5_test_10","14","location-x","point","0.66","18034","18034","","","","","Block5","false","","",""
"6987a0a0d6e08cdbcc9dacdd","block5_test_10","14","location-y","point","1.35","18034","18034","","","","","Block5","false","","",""
"6987a0a0d6e08cdbcc9dacdd","block5_test_10","14","slider-x","point","0.7","18034","18034","","","","","Block5","false","","",""
"6987a0a0d6e08cdbcc9dacdd","block5_test_10","14","slider-y","point","1.6","18034","18034","","","","","Block5","false","","",""
"6987a0a0d6e08cdbcc9dacdd","block5_test_10","14","px-slider-x","point","354.95000000000005","18034","18034","","","","","Block5","false","","",""
"6987a0a0d6e08cdbcc9dacdd","block5_test_10","14","px-slider-y","point","346.79999999999995","18034","18034","","","","","Block5","false","","",""
"6987a0a0d6e08cdbcc9dacdd","block5_test_10","14","px-location-x","point","352.81","18034","18034","","","","","Block5","false","","",""
"6987a0a0d6e08cdbcc9dacdd","block5_test_10","14","px-location-y","point","356.67499999999995","18034","18034","","","","","Block5","false","","",""
"6987a0a0d6e08cdbcc9dacdd","block5_test_10","14","windowEvents","point","{""focus"":5,""input"":0,""keydown"":14,""keyup"":15,""mousemove"":69,""mousedown"":3,""mouseup"":3,""resize"":0,""scroll"":0,""visibility"":0}","","","","","","","","","","",""
"6987a0a0d6e08cdbcc9dacdd","block5_test_3","15","location-x","point","3.27","23298","23298","","","","","Block5","false","","",""
"6987a0a0d6e08cdbcc9dacdd","block5_test_3","15","location-y","point","6.91","23298","23298","","","","","Block5","false","","",""
"6987a0a0d6e08cdbcc9dacdd","block5_test_3","15","slider-x","point","3.46","23298","23298","","","","","Block5","false","","",""
"6987a0a0d6e08cdbcc9dacdd","block5_test_3","15","slider-y","point","7.05","23298","23298","","","","","Block5","false","","",""
"6987a0a0d6e08cdbcc9dacdd","block5_test_3","15","px-slider-x","point","502.61","23298","23298","","","","","Block5","false","","",""
"6987a0a0d6e08cdbcc9dacdd","block5_test_3","15","px-slider-y","point","131.525","23298","23298","","","","","Block5","false","","",""
"6987a0a0d6e08cdbcc9dacdd","block5_test_3","15","px-location-x","point","492.44499999999994","23298","23298","","","","","Block5","false","","",""
"6987a0a0d6e08cdbcc9dacdd","block5_test_3","15","px-location-y","point","137.05499999999998","23298","23298","","","","","Block5","false","","",""
"6987a0a0d6e08cdbcc9dacdd","block5_test_3","15","windowEvents","point","{""focus"":6,""input"":0,""keydown"":25,""keyup"":13,""mousemove"":107,""mousedown"":4,""mouseup"":4,""resize"":0,""scroll"":0,""visibility"":0}","","","","","","","","","","",""
"6987a0a0d6e08cdbcc9dacdd","block5_test_9","16","location-x","point","3.13","37065","37065","","","","","Block5","false","","",""
"6987a0a0d6e08cdbcc9dacdd","block5_test_9","16","location-y","point","6.99","37065","37065","","","","","Block5","false","","",""
"6987a0a0d6e08cdbcc9dacdd","block5_test_9","16","slider-x","point","3.16","37065","37065","","","","","Block5","false","","",""
"6987a0a0d6e08cdbcc9dacdd","block5_test_9","16","slider-y","point","7.04","37065","37065","","","","","Block5","false","","",""
"6987a0a0d6e08cdbcc9dacdd","block5_test_9","16","px-slider-x","point","486.56","37065","37065","","","","","Block5","false","","",""
"6987a0a0d6e08cdbcc9dacdd","block5_test_9","16","px-slider-y","point","131.92000000000002","37065","37065","","","","","Block5","false","","",""
"6987a0a0d6e08cdbcc9dacdd","block5_test_9","16","px-location-x","point","484.955","37065","37065","","","","","Block5","false","","",""
"6987a0a0d6e08cdbcc9dacdd","block5_test_9","16","px-location-y","point","133.89499999999998","37065","37065","","","","","Block5","false","","",""
"6987a0a0d6e08cdbcc9dacdd","block5_test_9","16","windowEvents","point","{""focus"":11,""input"":0,""keydown"":15,""keyup"":15,""mousemove"":148,""mousedown"":9,""mouseup"":9,""resize"":0,""scroll"":0,""visibility"":0}","","","","","","","","","","",""
"6987a0a0d6e08cdbcc9dacdd","block5_test_5","17","location-x","point","-2.88","19837","19837","","","","","Block5","false","","",""
"6987a0a0d6e08cdbcc9dacdd","block5_test_5","17","location-y","point","4.79","19837","19837","","","","","Block5","false","","",""
"6987a0a0d6e08cdbcc9dacdd","block5_test_5","17","slider-x","point","-2.94","19837","19837","","","","","Block5","false","","",""
"6987a0a0d6e08cdbcc9dacdd","block5_test_5","17","slider-y","point","4.78","19837","19837","","","","","Block5","false","","",""
"6987a0a0d6e08cdbcc9dacdd","block5_test_5","17","px-slider-x","point","160.21","19837","19837","","","","","Block5","false","","",""
"6987a0a0d6e08cdbcc9dacdd","block5_test_5","17","px-slider-y","point","221.19","19837","19837","","","","","Block5","false","","",""
"6987a0a0d6e08cdbcc9dacdd","block5_test_5","17","px-location-x","point","163.42000000000002","19837","19837","","","","","Block5","false","","",""
"6987a0a0d6e08cdbcc9dacdd","block5_test_5","17","px-location-y","point","220.79500000000002","19837","19837","","","","","Block5","false","","",""
"6987a0a0d6e08cdbcc9dacdd","block5_test_5","17","windowEvents","point","{""focus"":6,""input"":0,""keydown"":20,""keyup"":9,""mousemove"":76,""mousedown"":4,""mouseup"":4,""resize"":0,""scroll"":0,""visibility"":0}","","","","","","","","","","",""
"6987a0a0d6e08cdbcc9dacdd","block5_test_7","18","location-x","point","2.11","13476","13476","","","","","Block5","false","","",""
"6987a0a0d6e08cdbcc9dacdd","block5_test_7","18","location-y","point","1.36","13476","13476","","","","","Block5","false","","",""
"6987a0a0d6e08cdbcc9dacdd","block5_test_7","18","slider-x","point","2.11","13476","13476","","","","","Block5","false","","",""
"6987a0a0d6e08cdbcc9dacdd","block5_test_7","18","slider-y","point","1.55","13476","13476","","","","","Block5","false","","",""
"6987a0a0d6e08cdbcc9dacdd","block5_test_7","18","px-slider-x","point","430.385","13476","13476","","","","","Block5","false","","",""
"6987a0a0d6e08cdbcc9dacdd","block5_test_7","18","px-slider-y","point","348.775","13476","13476","","","","","Block5","false","","",""
"6987a0a0d6e08cdbcc9dacdd","block5_test_7","18","px-location-x","point","430.385","13476","13476","","","","","Block5","false","","",""
"6987a0a0d6e08cdbcc9dacdd","block5_test_7","18","px-location-y","point","356.28000000000003","13476","13476","","","","","Block5","false","","",""
"6987a0a0d6e08cdbcc9dacdd","block5_test_7","18","windowEvents","point","{""focus"":4,""input"":0,""keydown"":1,""keyup"":1,""mousemove"":77,""mousedown"":3,""mouseup"":3,""resize"":0,""scroll"":0,""visibility"":0}","","","","","","","","","","",""
"6987a0a0d6e08cdbcc9dacdd","block5_test_4","19","location-x","point","-0.1","16228","16228","","","","","Block5","false","","",""
"6987a0a0d6e08cdbcc9dacdd","block5_test_4","19","location-y","point","5.17","16228","16228","","","","","Block5","false","","",""
"6987a0a0d6e08cdbcc9dacdd","block5_test_4","19","slider-x","point","-0.06","16228","16228","","","","","Block5","false","","",""
"6987a0a0d6e08cdbcc9dacdd","block5_test_4","19","slider-y","point","5.31","16228","16228","","","","","Block5","false","","",""
"6987a0a0d6e08cdbcc9dacdd","block5_test_4","19","px-slider-x","point","314.29","16228","16228","","","","","Block5","false","","",""
"6987a0a0d6e08cdbcc9dacdd","block5_test_4","19","px-slider-y","point","200.25500000000002","16228","16228","","","","","Block5","false","","",""
"6987a0a0d6e08cdbcc9dacdd","block5_test_4","19","px-location-x","point","312.15000000000003","16228","16228","","","","","Block5","false","","",""
"6987a0a0d6e08cdbcc9dacdd","block5_test_4","19","px-location-y","point","205.785","16228","16228","","","","","Block5","false","","",""
"6987a0a0d6e08cdbcc9dacdd","block5_test_4","19","windowEvents","point","{""focus"":3,""input"":0,""keydown"":0,""keyup"":0,""mousemove"":87,""mousedown"":4,""mouseup"":4,""resize"":0,""scroll"":0,""visibility"":0}","","","","","","","","","","",""
"6987a0a0d6e08cdbcc9dacdd","task2_intro","20","","point","","9738","9738","","","","","","","","",""
"6987a0a0d6e08cdbcc9dacdd","task2_intro","20","windowEvents","point","{""focus"":1,""input"":0,""keydown"":0,""keyup"":0,""mousemove"":12,""mousedown"":1,""mouseup"":1,""resize"":0,""scroll"":1,""visibility"":0}","","","","","","","","","","",""
"6987a0a0d6e08cdbcc9dacdd","moritz_train_point_1","21","pixelResponse","point","100","23427","23427","","","","","pointArc","true","","","8"
"6987a0a0d6e08cdbcc9dacdd","moritz_train_point_1","21","numericResponse","point","0.5","23427","23427","","","","","pointArc","true","","","8"
"6987a0a0d6e08cdbcc9dacdd","moritz_train_point_1","21","windowEvents","point","{""focus"":4,""input"":0,""keydown"":0,""keyup"":0,""mousemove"":98,""mousedown"":4,""mouseup"":4,""resize"":0,""scroll"":1,""visibility"":0}","","","","","","","","","","",""
"6987a0a0d6e08cdbcc9dacdd","moritz_train_point_2","22","pixelResponse","point","100","10838","10838","","","","","pointArc","true","","","9"
"6987a0a0d6e08cdbcc9dacdd","moritz_train_point_2","22","numericResponse","point","0.5","10838","10838","","","","","pointArc","true","","","9"
"6987a0a0d6e08cdbcc9dacdd","moritz_train_point_2","22","windowEvents","point","{""focus"":3,""input"":0,""keydown"":0,""keyup"":0,""mousemove"":61,""mousedown"":4,""mouseup"":4,""resize"":0,""scroll"":2,""visibility"":0}","","","","","","","","","","",""
"6987a0a0d6e08cdbcc9dacdd","task2_test_intro","23","","point","","9511","9511","","","","","","","","",""
"6987a0a0d6e08cdbcc9dacdd","task2_test_intro","23","windowEvents","point","{""focus"":1,""input"":0,""keydown"":0,""keyup"":0,""mousemove"":19,""mousedown"":1,""mouseup"":1,""resize"":0,""scroll"":1,""visibility"":0}","","","","","","","","","","",""
"6987a0a0d6e08cdbcc9dacdd","point_task_34","24","pixelResponse","point","89.99999999999999","9053","9053","","","","","point","","","","101"
"6987a0a0d6e08cdbcc9dacdd","point_task_34","24","numericResponse","point","0.55","9053","9053","","","","","point","","","","101"
"6987a0a0d6e08cdbcc9dacdd","point_task_34","24","windowEvents","point","{""focus"":2,""input"":0,""keydown"":0,""keyup"":0,""mousemove"":40,""mousedown"":3,""mouseup"":2,""resize"":0,""scroll"":0,""visibility"":0}","","","","","","","","","","",""
"6987a0a0d6e08cdbcc9dacdd","point_task_33","25","pixelResponse","point","126","9416","9416","","","","","point","","","","100"
"6987a0a0d6e08cdbcc9dacdd","point_task_33","25","numericResponse","point","0.37","9416","9416","","","","","point","","","","100"
"6987a0a0d6e08cdbcc9dacdd","point_task_33","25","windowEvents","point","{""focus"":2,""input"":0,""keydown"":0,""keyup"":0,""mousemove"":58,""mousedown"":2,""mouseup"":3,""resize"":0,""scroll"":0,""visibility"":0}","","","","","","","","","","",""
"6987a0a0d6e08cdbcc9dacdd","point_task_25","26","pixelResponse","point","144","8778","8778","","","","","point","","","","76"
"6987a0a0d6e08cdbcc9dacdd","point_task_25","26","numericResponse","point","0.28","8778","8778","","","","","point","","","","76"
"6987a0a0d6e08cdbcc9dacdd","point_task_25","26","windowEvents","point","{""focus"":2,""input"":0,""keydown"":0,""keyup"":0,""mousemove"":53,""mousedown"":2,""mouseup"":2,""resize"":0,""scroll"":0,""visibility"":0}","","","","","","","","","","",""
"6987a0a0d6e08cdbcc9dacdd","point_task_32","27","pixelResponse","point","104.00000000000001","6266","6266","","","","","point","","","","91"
"6987a0a0d6e08cdbcc9dacdd","point_task_32","27","numericResponse","point","0.48","6266","6266","","","","","point","","","","91"
"6987a0a0d6e08cdbcc9dacdd","point_task_32","27","windowEvents","point","{""focus"":2,""input"":0,""keydown"":0,""keyup"":0,""mousemove"":40,""mousedown"":3,""mouseup"":3,""resize"":0,""scroll"":0,""visibility"":0}","","","","","","","","","","",""
"6987a0a0d6e08cdbcc9dacdd","point_task_7","28","pixelResponse","point","112.00000000000001","5676","5676","","","","","point","","","","18"
"6987a0a0d6e08cdbcc9dacdd","point_task_7","28","numericResponse","point","0.44","5676","5676","","","","","point","","","","18"
"6987a0a0d6e08cdbcc9dacdd","point_task_7","28","windowEvents","point","{""focus"":2,""input"":0,""keydown"":0,""keyup"":0,""mousemove"":39,""mousedown"":2,""mouseup"":2,""resize"":0,""scroll"":0,""visibility"":0}","","","","","","","","","","",""
"6987a0a0d6e08cdbcc9dacdd","point_task_4","29","pixelResponse","point","112.00000000000001","4056","4056","","","","","point","","","","7"
"6987a0a0d6e08cdbcc9dacdd","point_task_4","29","numericResponse","point","0.44","4056","4056","","","","","point","","","","7"
"6987a0a0d6e08cdbcc9dacdd","point_task_4","29","windowEvents","point","{""focus"":2,""input"":0,""keydown"":0,""keyup"":0,""mousemove"":26,""mousedown"":2,""mouseup"":2,""resize"":0,""scroll"":0,""visibility"":0}","","","","","","","","","","",""
"6987a0a0d6e08cdbcc9dacdd","point_task_20","30","pixelResponse","point","116.00000000000001","6635","6635","","","","","point","","","","55"
"6987a0a0d6e08cdbcc9dacdd","point_task_20","30","numericResponse","point","0.42","6635","6635","","","","","point","","","","55"
"6987a0a0d6e08cdbcc9dacdd","point_task_20","30","windowEvents","point","{""focus"":2,""input"":0,""keydown"":0,""keyup"":0,""mousemove"":30,""mousedown"":2,""mouseup"":2,""resize"":0,""scroll"":0,""visibility"":0}","","","","","","","","","","",""
"6987a0a0d6e08cdbcc9dacdd","point_task_11","31","pixelResponse","point","116.00000000000001","6422","6422","","","","","point","","","","30"
"6987a0a0d6e08cdbcc9dacdd","point_task_11","31","numericResponse","point","0.42","6422","6422","","","","","point","","","","30"
"6987a0a0d6e08cdbcc9dacdd","point_task_11","31","windowEvents","point","{""focus"":2,""input"":0,""keydown"":0,""keyup"":0,""mousemove"":36,""mousedown"":3,""mouseup"":3,""resize"":0,""scroll"":0,""visibility"":0}","","","","","","","","","","",""
"6987a0a0d6e08cdbcc9dacdd","point_task_24","32","pixelResponse","point","106","11224","11224","","","","","point","","","","67"
"6987a0a0d6e08cdbcc9dacdd","point_task_24","32","numericResponse","point","0.47","11224","11224","","","","","point","","","","67"
"6987a0a0d6e08cdbcc9dacdd","point_task_24","32","windowEvents","point","{""focus"":2,""input"":0,""keydown"":0,""keyup"":0,""mousemove"":59,""mousedown"":4,""mouseup"":4,""resize"":0,""scroll"":0,""visibility"":0}","","","","","","","","","","",""
"6987a0a0d6e08cdbcc9dacdd","point_task_17","33","pixelResponse","point","82.00000000000001","14180","14180","","","","","point","","","","52"
"6987a0a0d6e08cdbcc9dacdd","point_task_17","33","numericResponse","point","0.59","14180","14180","","","","","point","","","","52"
"6987a0a0d6e08cdbcc9dacdd","point_task_17","33","windowEvents","point","{""focus"":2,""input"":0,""keydown"":0,""keyup"":0,""mousemove"":76,""mousedown"":4,""mouseup"":4,""resize"":0,""scroll"":0,""visibility"":0}","","","","","","","","","","",""
"6987a0a0d6e08cdbcc9dacdd","point_task_10","34","pixelResponse","point","87.99999999999999","13533","13533","","","","","point","","","","29"
"6987a0a0d6e08cdbcc9dacdd","point_task_10","34","numericResponse","point","0.56","13533","13533","","","","","point","","","","29"
"6987a0a0d6e08cdbcc9dacdd","point_task_10","34","windowEvents","point","{""focus"":2,""input"":0,""keydown"":0,""keyup"":0,""mousemove"":67,""mousedown"":3,""mouseup"":3,""resize"":0,""scroll"":0,""visibility"":0}","","","","","","","","","","",""
"6987a0a0d6e08cdbcc9dacdd","point_task_14","35","pixelResponse","point","82.00000000000001","23575","23575","","","","","point","","","","41"
"6987a0a0d6e08cdbcc9dacdd","point_task_14","35","numericResponse","point","0.59","23575","23575","","","","","point","","","","41"
"6987a0a0d6e08cdbcc9dacdd","point_task_14","35","windowEvents","point","{""focus"":2,""input"":0,""keydown"":0,""keyup"":0,""mousemove"":81,""mousedown"":2,""mouseup"":2,""resize"":0,""scroll"":0,""visibility"":0}","","","","","","","","","","",""
"6987a0a0d6e08cdbcc9dacdd","point_task_8","36","pixelResponse","point","104.00000000000001","16396","16396","","","","","point","","","","19"
"6987a0a0d6e08cdbcc9dacdd","point_task_8","36","numericResponse","point","0.48","16396","16396","","","","","point","","","","19"
"6987a0a0d6e08cdbcc9dacdd","point_task_8","36","windowEvents","point","{""focus"":2,""input"":0,""keydown"":0,""keyup"":0,""mousemove"":69,""mousedown"":3,""mouseup"":3,""resize"":0,""scroll"":0,""visibility"":0}","","","","","","","","","","",""
"6987a0a0d6e08cdbcc9dacdd","point_task_18","37","pixelResponse","point","110.00000000000001","14914","14914","","","","","point","","","","53"
"6987a0a0d6e08cdbcc9dacdd","point_task_18","37","numericResponse","point","0.45","14914","14914","","","","","point","","","","53"
"6987a0a0d6e08cdbcc9dacdd","point_task_18","37","windowEvents","point","{""focus"":2,""input"":0,""keydown"":0,""keyup"":0,""mousemove"":47,""mousedown"":3,""mouseup"":3,""resize"":0,""scroll"":0,""visibility"":0}","","","","","","","","","","",""
"6987a0a0d6e08cdbcc9dacdd","point_task_40","38","pixelResponse","point","87.99999999999999","4307","4307","","","","","point","","","","115"
"6987a0a0d6e08cdbcc9dacdd","point_task_40","38","numericResponse","point","0.56","4307","4307","","","","","point","","","","115"
"6987a0a0d6e08cdbcc9dacdd","point_task_40","38","windowEvents","point","{""focus"":2,""input"":0,""keydown"":0,""keyup"":0,""mousemove"":30,""mousedown"":2,""mouseup"":2,""resize"":0,""scroll"":0,""visibility"":0}","","","","","","","","","","",""
"6987a0a0d6e08cdbcc9dacdd","point_task_37","39","pixelResponse","point","124","9681","9681","","","","","point","","","","112"
"6987a0a0d6e08cdbcc9dacdd","point_task_37","39","numericResponse","point","0.38","9681","9681","","","","","point","","","","112"
"6987a0a0d6e08cdbcc9dacdd","point_task_37","39","windowEvents","point","{""focus"":2,""input"":0,""keydown"":0,""keyup"":0,""mousemove"":50,""mousedown"":3,""mouseup"":3,""resize"":0,""scroll"":0,""visibility"":0}","","","","","","","","","","",""
"6987a0a0d6e08cdbcc9dacdd","point_task_39","40","pixelResponse","point","131.99999999999997","6453","6453","","","","","point","","","","114"
"6987a0a0d6e08cdbcc9dacdd","point_task_39","40","numericResponse","point","0.34","6453","6453","","","","","point","","","","114"
"6987a0a0d6e08cdbcc9dacdd","point_task_39","40","windowEvents","point","{""focus"":2,""input"":0,""keydown"":0,""keyup"":0,""mousemove"":39,""mousedown"":2,""mouseup"":2,""resize"":0,""scroll"":0,""visibility"":0}","","","","","","","","","","",""
"6987a0a0d6e08cdbcc9dacdd","point_task_5","41","pixelResponse","point","108","4768","4768","","","","","point","","","","16"
"6987a0a0d6e08cdbcc9dacdd","point_task_5","41","numericResponse","point","0.46","4768","4768","","","","","point","","","","16"
"6987a0a0d6e08cdbcc9dacdd","point_task_5","41","windowEvents","point","{""focus"":2,""input"":0,""keydown"":0,""keyup"":0,""mousemove"":30,""mousedown"":2,""mouseup"":2,""resize"":0,""scroll"":0,""visibility"":0}","","","","","","","","","","",""
"6987a0a0d6e08cdbcc9dacdd","point_task_12","42","pixelResponse","point","72","15590","15590","","","","","point","","","","31"
"6987a0a0d6e08cdbcc9dacdd","point_task_12","42","numericResponse","point","0.64","15590","15590","","","","","point","","","","31"
"6987a0a0d6e08cdbcc9dacdd","point_task_12","42","windowEvents","point","{""focus"":3,""input"":0,""keydown"":1,""keyup"":1,""mousemove"":78,""mousedown"":3,""mouseup"":3,""resize"":0,""scroll"":0,""visibility"":0}","","","","","","","","","","",""
"6987a0a0d6e08cdbcc9dacdd","point_task_38","43","pixelResponse","point","80","10528","10528","","","","","point","","","","113"
"6987a0a0d6e08cdbcc9dacdd","point_task_38","43","numericResponse","point","0.6","10528","10528","","","","","point","","","","113"
"6987a0a0d6e08cdbcc9dacdd","point_task_38","43","windowEvents","point","{""focus"":3,""input"":0,""keydown"":7,""keyup"":5,""mousemove"":39,""mousedown"":2,""mouseup"":2,""resize"":0,""scroll"":0,""visibility"":0}","","","","","","","","","","",""
"6987a0a0d6e08cdbcc9dacdd","point_task_47","44","pixelResponse","point","146","15971","15971","","","","","point","","","","138"
"6987a0a0d6e08cdbcc9dacdd","point_task_47","44","numericResponse","point","0.27","15971","15971","","","","","point","","","","138"
"6987a0a0d6e08cdbcc9dacdd","point_task_47","44","windowEvents","point","{""focus"":3,""input"":0,""keydown"":9,""keyup"":8,""mousemove"":62,""mousedown"":2,""mouseup"":2,""resize"":0,""scroll"":0,""visibility"":0}","","","","","","","","","","",""
"6987a0a0d6e08cdbcc9dacdd","point_task_23","45","pixelResponse","point","114.00000000000001","4057","4057","","","","","point","","","","66"
"6987a0a0d6e08cdbcc9dacdd","point_task_23","45","numericResponse","point","0.43","4057","4057","","","","","point","","","","66"
"6987a0a0d6e08cdbcc9dacdd","point_task_23","45","windowEvents","point","{""focus"":2,""input"":0,""keydown"":0,""keyup"":0,""mousemove"":29,""mousedown"":2,""mouseup"":2,""resize"":0,""scroll"":0,""visibility"":0}","","","","","","","","","","",""
"6987a0a0d6e08cdbcc9dacdd","point_task_45","46","pixelResponse","point","160","8664","8664","","","","","point","","","","136"
"6987a0a0d6e08cdbcc9dacdd","point_task_45","46","numericResponse","point","0.2","8664","8664","","","","","point","","","","136"
"6987a0a0d6e08cdbcc9dacdd","point_task_45","46","windowEvents","point","{""focus"":3,""input"":0,""keydown"":3,""keyup"":3,""mousemove"":49,""mousedown"":2,""mouseup"":2,""resize"":0,""scroll"":0,""visibility"":0}","","","","","","","","","","",""
"6987a0a0d6e08cdbcc9dacdd","point_task_13","47","pixelResponse","point","120","9949","9949","","","","","point","","","","40"
"6987a0a0d6e08cdbcc9dacdd","point_task_13","47","numericResponse","point","0.4","9949","9949","","","","","point","","","","40"
"6987a0a0d6e08cdbcc9dacdd","point_task_13","47","windowEvents","point","{""focus"":2,""input"":0,""keydown"":0,""keyup"":0,""mousemove"":44,""mousedown"":2,""mouseup"":2,""resize"":0,""scroll"":0,""visibility"":0}","","","","","","","","","","",""
"6987a0a0d6e08cdbcc9dacdd","point_task_3","48","pixelResponse","point","100","3463","3463","","","","","point","","","","6"
"6987a0a0d6e08cdbcc9dacdd","point_task_3","48","numericResponse","point","0.5","3463","3463","","","","","point","","","","6"
"6987a0a0d6e08cdbcc9dacdd","point_task_3","48","windowEvents","point","{""focus"":2,""input"":0,""keydown"":0,""keyup"":0,""mousemove"":22,""mousedown"":2,""mouseup"":2,""resize"":0,""scroll"":0,""visibility"":0}","","","","","","","","","","",""
"6987a0a0d6e08cdbcc9dacdd","point_task_35","49","pixelResponse","point","158.00000000000003","8643","8643","","","","","point","","","","102"
"6987a0a0d6e08cdbcc9dacdd","point_task_35","49","numericResponse","point","0.21","8643","8643","","","","","point","","","","102"
"6987a0a0d6e08cdbcc9dacdd","point_task_35","49","windowEvents","point","{""focus"":2,""input"":0,""keydown"":0,""keyup"":0,""mousemove"":42,""mousedown"":2,""mouseup"":2,""resize"":0,""scroll"":0,""visibility"":0}","","","","","","","","","","",""
"6987a0a0d6e08cdbcc9dacdd","point_task_31","50","pixelResponse","point","108","13513","13513","","","","","point","","","","90"
"6987a0a0d6e08cdbcc9dacdd","point_task_31","50","numericResponse","point","0.46","13513","13513","","","","","point","","","","90"
"6987a0a0d6e08cdbcc9dacdd","point_task_31","50","windowEvents","point","{""focus"":3,""input"":0,""keydown"":1,""keyup"":1,""mousemove"":58,""mousedown"":4,""mouseup"":4,""resize"":0,""scroll"":0,""visibility"":0}","","","","","","","","","","",""
"6987a0a0d6e08cdbcc9dacdd","point_task_42","51","pixelResponse","point","104.00000000000001","2893","2893","","","","","point","","","","125"
"6987a0a0d6e08cdbcc9dacdd","point_task_42","51","numericResponse","point","0.48","2893","2893","","","","","point","","","","125"
"6987a0a0d6e08cdbcc9dacdd","point_task_42","51","windowEvents","point","{""focus"":2,""input"":0,""keydown"":0,""keyup"":0,""mousemove"":20,""mousedown"":2,""mouseup"":2,""resize"":0,""scroll"":0,""visibility"":0}","","","","","","","","","","",""
"6987a0a0d6e08cdbcc9dacdd","point_task_9","52","pixelResponse","point","116.00000000000001","4210","4210","","","","","point","","","","28"
"6987a0a0d6e08cdbcc9dacdd","point_task_9","52","numericResponse","point","0.42","4210","4210","","","","","point","","","","28"
"6987a0a0d6e08cdbcc9dacdd","point_task_9","52","windowEvents","point","{""focus"":2,""input"":0,""keydown"":0,""keyup"":0,""mousemove"":32,""mousedown"":2,""mouseup"":2,""resize"":0,""scroll"":0,""visibility"":0}","","","","","","","","","","",""
"6987a0a0d6e08cdbcc9dacdd","point_task_43","53","pixelResponse","point","87.99999999999999","8624","8624","","","","","point","","","","126"
"6987a0a0d6e08cdbcc9dacdd","point_task_43","53","numericResponse","point","0.56","8624","8624","","","","","point","","","","126"
"6987a0a0d6e08cdbcc9dacdd","point_task_43","53","windowEvents","point","{""focus"":3,""input"":0,""keydown"":4,""keyup"":4,""mousemove"":47,""mousedown"":2,""mouseup"":2,""resize"":0,""scroll"":0,""visibility"":0}","","","","","","","","","","",""
"6987a0a0d6e08cdbcc9dacdd","point_task_22","54","pixelResponse","point","84.00000000000001","11383","11383","","","","","point","","","","65"
"6987a0a0d6e08cdbcc9dacdd","point_task_22","54","numericResponse","point","0.58","11383","11383","","","","","point","","","","65"
"6987a0a0d6e08cdbcc9dacdd","point_task_22","54","windowEvents","point","{""focus"":3,""input"":0,""keydown"":9,""keyup"":9,""mousemove"":45,""mousedown"":2,""mouseup"":2,""resize"":0,""scroll"":0,""visibility"":0}","","","","","","","","","","",""
"6987a0a0d6e08cdbcc9dacdd","point_task_15","55","pixelResponse","point","120","4101","4101","","","","","point","","","","42"
"6987a0a0d6e08cdbcc9dacdd","point_task_15","55","numericResponse","point","0.4","4101","4101","","","","","point","","","","42"
"6987a0a0d6e08cdbcc9dacdd","point_task_15","55","windowEvents","point","{""focus"":2,""input"":0,""keydown"":0,""keyup"":0,""mousemove"":23,""mousedown"":2,""mouseup"":2,""resize"":0,""scroll"":0,""visibility"":0}","","","","","","","","","","",""
"6987a0a0d6e08cdbcc9dacdd","point_task_21","56","pixelResponse","point","114.00000000000001","4223","4223","","","","","point","","","","64"
"6987a0a0d6e08cdbcc9dacdd","point_task_21","56","numericResponse","point","0.43","4223","4223","","","","","point","","","","64"
"6987a0a0d6e08cdbcc9dacdd","point_task_21","56","windowEvents","point","{""focus"":2,""input"":0,""keydown"":0,""keyup"":0,""mousemove"":30,""mousedown"":2,""mouseup"":2,""resize"":0,""scroll"":0,""visibility"":0}","","","","","","","","","","",""
"6987a0a0d6e08cdbcc9dacdd","point_task_1","57","pixelResponse","point","116.00000000000001","3785","3785","","","","","point","","","","4"
"6987a0a0d6e08cdbcc9dacdd","point_task_1","57","numericResponse","point","0.42","3785","3785","","","","","point","","","","4"
"6987a0a0d6e08cdbcc9dacdd","point_task_1","57","windowEvents","point","{""focus"":2,""input"":0,""keydown"":0,""keyup"":0,""mousemove"":27,""mousedown"":2,""mouseup"":2,""resize"":0,""scroll"":0,""visibility"":0}","","","","","","","","","","",""
"6987a0a0d6e08cdbcc9dacdd","point_task_41","58","pixelResponse","point","76","11509","11509","","","","","point","","","","124"
"6987a0a0d6e08cdbcc9dacdd","point_task_41","58","numericResponse","point","0.62","11509","11509","","","","","point","","","","124"
"6987a0a0d6e08cdbcc9dacdd","point_task_41","58","windowEvents","point","{""focus"":3,""input"":0,""keydown"":2,""keyup"":2,""mousemove"":53,""mousedown"":2,""mouseup"":2,""resize"":0,""scroll"":0,""visibility"":0}","","","","","","","","","","",""
"6987a0a0d6e08cdbcc9dacdd","point_task_36","59","pixelResponse","point","47.99999999999999","10418","10418","","","","","point","","","","103"
"6987a0a0d6e08cdbcc9dacdd","point_task_36","59","numericResponse","point","0.76","10418","10418","","","","","point","","","","103"
"6987a0a0d6e08cdbcc9dacdd","point_task_36","59","windowEvents","point","{""focus"":3,""input"":0,""keydown"":3,""keyup"":3,""mousemove"":45,""mousedown"":3,""mouseup"":3,""resize"":0,""scroll"":0,""visibility"":0}","","","","","","","","","","",""
"6987a0a0d6e08cdbcc9dacdd","point_task_30","60","pixelResponse","point","102","8533","8533","","","","","point","","","","89"
"6987a0a0d6e08cdbcc9dacdd","point_task_30","60","numericResponse","point","0.49","8533","8533","","","","","point","","","","89"
"6987a0a0d6e08cdbcc9dacdd","point_task_30","60","windowEvents","point","{""focus"":3,""input"":0,""keydown"":9,""keyup"":6,""mousemove"":28,""mousedown"":3,""mouseup"":3,""resize"":0,""scroll"":0,""visibility"":0}","","","","","","","","","","",""
"6987a0a0d6e08cdbcc9dacdd","point_task_2","61","pixelResponse","point","92","2979","2979","","","","","point","","","","5"
"6987a0a0d6e08cdbcc9dacdd","point_task_2","61","numericResponse","point","0.54","2979","2979","","","","","point","","","","5"
"6987a0a0d6e08cdbcc9dacdd","point_task_2","61","windowEvents","point","{""focus"":2,""input"":0,""keydown"":0,""keyup"":0,""mousemove"":21,""mousedown"":2,""mouseup"":2,""resize"":0,""scroll"":0,""visibility"":0}","","","","","","","","","","",""
"6987a0a0d6e08cdbcc9dacdd","point_task_28","62","pixelResponse","point","41.99999999999999","10154","10154","","","","","point","","","","79"
"6987a0a0d6e08cdbcc9dacdd","point_task_28","62","numericResponse","point","0.79","10154","10154","","","","","point","","","","79"
"6987a0a0d6e08cdbcc9dacdd","point_task_28","62","windowEvents","point","{""focus"":3,""input"":0,""keydown"":12,""keyup"":12,""mousemove"":37,""mousedown"":2,""mouseup"":2,""resize"":0,""scroll"":0,""visibility"":0}","","","","","","","","","","",""
"6987a0a0d6e08cdbcc9dacdd","point_task_6","63","pixelResponse","point","87.99999999999999","4605","4605","","","","","point","","","","17"
"6987a0a0d6e08cdbcc9dacdd","point_task_6","63","numericResponse","point","0.56","4605","4605","","","","","point","","","","17"
"6987a0a0d6e08cdbcc9dacdd","point_task_6","63","windowEvents","point","{""focus"":3,""input"":0,""keydown"":4,""keyup"":4,""mousemove"":21,""mousedown"":2,""mouseup"":2,""resize"":0,""scroll"":0,""visibility"":0}","","","","","","","","","","",""
"6987a0a0d6e08cdbcc9dacdd","point_task_16","64","pixelResponse","point","95.99999999999999","6552","6552","","","","","point","","","","43"
"6987a0a0d6e08cdbcc9dacdd","point_task_16","64","numericResponse","point","0.52","6552","6552","","","","","point","","","","43"
"6987a0a0d6e08cdbcc9dacdd","point_task_16","64","windowEvents","point","{""focus"":3,""input"":0,""keydown"":4,""keyup"":4,""mousemove"":30,""mousedown"":2,""mouseup"":2,""resize"":0,""scroll"":0,""visibility"":0}","","","","","","","","","","",""
"6987a0a0d6e08cdbcc9dacdd","point_task_46","65","pixelResponse","point","58.00000000000001","11480","11480","","","","","point","","","","137"
"6987a0a0d6e08cdbcc9dacdd","point_task_46","65","numericResponse","point","0.71","11480","11480","","","","","point","","","","137"
"6987a0a0d6e08cdbcc9dacdd","point_task_46","65","windowEvents","point","{""focus"":2,""input"":0,""keydown"":0,""keyup"":0,""mousemove"":55,""mousedown"":2,""mouseup"":2,""resize"":0,""scroll"":0,""visibility"":0}","","","","","","","","","","",""
"6987a0a0d6e08cdbcc9dacdd","point_task_19","66","pixelResponse","point","86","7327","7327","","","","","point","","","","54"
"6987a0a0d6e08cdbcc9dacdd","point_task_19","66","numericResponse","point","0.57","7327","7327","","","","","point","","","","54"
"6987a0a0d6e08cdbcc9dacdd","point_task_19","66","windowEvents","point","{""focus"":3,""input"":0,""keydown"":5,""keyup"":5,""mousemove"":39,""mousedown"":3,""mouseup"":3,""resize"":0,""scroll"":0,""visibility"":0}","","","","","","","","","","",""
"6987a0a0d6e08cdbcc9dacdd","point_task_27","67","pixelResponse","point","162","11897","11897","","","","","point","","","","78"
"6987a0a0d6e08cdbcc9dacdd","point_task_27","67","numericResponse","point","0.19","11897","11897","","","","","point","","","","78"
"6987a0a0d6e08cdbcc9dacdd","point_task_27","67","windowEvents","point","{""focus"":3,""input"":0,""keydown"":8,""keyup"":8,""mousemove"":57,""mousedown"":2,""mouseup"":2,""resize"":0,""scroll"":0,""visibility"":0}","","","","","","","","","","",""
"6987a0a0d6e08cdbcc9dacdd","point_task_48","68","pixelResponse","point","43.99999999999999","15785","15785","","","","","point","","","","139"
"6987a0a0d6e08cdbcc9dacdd","point_task_48","68","numericResponse","point","0.78","15785","15785","","","","","point","","","","139"
"6987a0a0d6e08cdbcc9dacdd","point_task_48","68","windowEvents","point","{""focus"":3,""input"":0,""keydown"":22,""keyup"":20,""mousemove"":38,""mousedown"":2,""mouseup"":2,""resize"":0,""scroll"":0,""visibility"":0}","","","","","","","","","","",""
"6987a0a0d6e08cdbcc9dacdd","point_task_26","69","pixelResponse","point","43.99999999999999","9430","9430","","","","","point","","","","77"
"6987a0a0d6e08cdbcc9dacdd","point_task_26","69","numericResponse","point","0.78","9430","9430","","","","","point","","","","77"
"6987a0a0d6e08cdbcc9dacdd","point_task_26","69","windowEvents","point","{""focus"":3,""input"":0,""keydown"":6,""keyup"":6,""mousemove"":39,""mousedown"":3,""mouseup"":3,""resize"":0,""scroll"":0,""visibility"":0}","","","","","","","","","","",""
"6987a0a0d6e08cdbcc9dacdd","point_task_44","70","pixelResponse","point","156","3995","3995","","","","","point","","","","127"
"6987a0a0d6e08cdbcc9dacdd","point_task_44","70","numericResponse","point","0.22","3995","3995","","","","","point","","","","127"
"6987a0a0d6e08cdbcc9dacdd","point_task_44","70","windowEvents","point","{""focus"":2,""input"":0,""keydown"":0,""keyup"":0,""mousemove"":30,""mousedown"":2,""mouseup"":2,""resize"":0,""scroll"":0,""visibility"":0}","","","","","","","","","","",""
"6987a0a0d6e08cdbcc9dacdd","point_task_29","71","pixelResponse","point","95.99999999999999","14220","14220","","","","","point","","","","88"
"6987a0a0d6e08cdbcc9dacdd","point_task_29","71","numericResponse","point","0.52","14220","14220","","","","","point","","","","88"
"6987a0a0d6e08cdbcc9dacdd","point_task_29","71","windowEvents","point","{""focus"":3,""input"":0,""keydown"":1,""keyup"":1,""mousemove"":39,""mousedown"":2,""mouseup"":2,""resize"":0,""scroll"":0,""visibility"":0}","","","","","","","","","","",""
"6987a0a0d6e08cdbcc9dacdd","post_study","72","gender","point","Male","33543","33543","","","","","","","","",""
"6987a0a0d6e08cdbcc9dacdd","post_study","72","gender-other","point","","33543","33543","","","","","","","","",""
"6987a0a0d6e08cdbcc9dacdd","post_study","72","age","point","20","33543","33543","","","","","","","","",""
"6987a0a0d6e08cdbcc9dacdd","post_study","72","feedback","point","No","33543","33543","","","","","","","","",""
"6987a0a0d6e08cdbcc9dacdd","post_study","72","feedback-text","point","","33543","33543","","","","","","","","",""
"6987a0a0d6e08cdbcc9dacdd","post_study","72","strategy","point","for the averages one, the number of dots above and below the line had to be equal or as close to it as possible. ","33543","33543","","","","","","","","",""
"6987a0a0d6e08cdbcc9dacdd","post_study","72","windowEvents","point","{""focus"":6,""input"":84,""keydown"":87,""keyup"":87,""mousemove"":72,""mousedown"":7,""mouseup"":7,""resize"":0,""scroll"":3,""visibility"":0}","","","","","","","","","","",""
"6993a8f8d63073ac0203d4f5","participantTags","","participantTags","default","[""virtual-chinrest""]","","","","","","","","","","",""
"6993a8f8d63073ac0203d4f5","introduction","0","prolificId","default","6993a8f8d63073ac0203d4f5","9147","9147","","","","","","","","",""
"6993a8f8d63073ac0203d4f5","introduction","0","windowEvents","default","{""focus"":0,""input"":0,""keydown"":0,""keyup"":0,""mousemove"":0,""mousedown"":0,""mouseup"":0,""resize"":0,""scroll"":0,""visibility"":0}","","","","","","","","","","",""
"6993a8f8d63073ac0203d4f5","consent","1","consentApproval","default","Accept","98830","98830","","","","","","","","",""
"6993a8f8d63073ac0203d4f5","consent","1","windowEvents","default","{""focus"":3,""input"":1,""keydown"":0,""keyup"":0,""mousemove"":34,""mousedown"":3,""mouseup"":2,""resize"":0,""scroll"":53,""visibility"":0}","","","","","","","","","","",""
"6993a8f8d63073ac0203d4f5","chinrest_intro","2","","default","","38288","38288","","","","","","","","",""
"6993a8f8d63073ac0203d4f5","chinrest_intro","2","windowEvents","default","{""focus"":1,""input"":0,""keydown"":0,""keyup"":0,""mousemove"":11,""mousedown"":1,""mouseup"":1,""resize"":0,""scroll"":1,""visibility"":0}","","","","","","","","","","",""
"6993a8f8d63073ac0203d4f5","$virtual-chinrest.components.card-size","3","pixelsPerMM","default","9.49766355140187","119279","119279","pixelsPerMM","85.6","53.98","","","","","",""
"6993a8f8d63073ac0203d4f5","$virtual-chinrest.components.card-size","3","windowEvents","default","{""focus"":5,""input"":0,""keydown"":0,""keyup"":0,""mousemove"":207,""mousedown"":20,""mouseup"":20,""resize"":0,""scroll"":127,""visibility"":0}","","","","","","","","","","",""
"6993a8f8d63073ac0203d4f5","$virtual-chinrest.components.blindspot-distance","4","dist-calibration-MM","default","307.8694483941664","172750","172750","","","","13.5","","","","",""
"6993a8f8d63073ac0203d4f5","$virtual-chinrest.components.blindspot-distance","4","dist-calibration-CM","default","30.78694483941664","172750","172750","","","","13.5","","","","",""
"6993a8f8d63073ac0203d4f5","$virtual-chinrest.components.blindspot-distance","4","ball-positions","default","[396,342,362,354,336]","172750","172750","","","","13.5","","","","",""
"6993a8f8d63073ac0203d4f5","$virtual-chinrest.components.blindspot-distance","4","square-position","default","1052.3333740234375","172750","172750","","","","13.5","","","","",""
"6993a8f8d63073ac0203d4f5","$virtual-chinrest.components.blindspot-distance","4","windowEvents","default","{""focus"":2,""input"":0,""keydown"":12,""keyup"":12,""mousemove"":57,""mousedown"":2,""mouseup"":2,""resize"":0,""scroll"":3,""visibility"":0}","","","","","","","","","","",""
"6993a8f8d63073ac0203d4f5","study_overview","5","","default","","40536","40536","","","","","","","","",""
"6993a8f8d63073ac0203d4f5","study_overview","5","windowEvents","default","{""focus"":1,""input"":0,""keydown"":0,""keyup"":0,""mousemove"":10,""mousedown"":1,""mouseup"":1,""resize"":0,""scroll"":1,""visibility"":0}","","","","","","","","","","",""
"6993a8f8d63073ac0203d4f5","task1_intro","6","","default","","57151","57151","","","","","","","","",""
"6993a8f8d63073ac0203d4f5","task1_intro","6","windowEvents","default","{""focus"":3,""input"":0,""keydown"":0,""keyup"":0,""mousemove"":50,""mousedown"":2,""mouseup"":2,""resize"":0,""scroll"":2,""visibility"":0}","","","","","","","","","","",""
"6993a8f8d63073ac0203d4f5","block5_train_1","7","location-x","default","0.25","68498","68498","","","","","Block5","true","0.25","4.5",""
"6993a8f8d63073ac0203d4f5","block5_train_1","7","location-y","default","4.5","68498","68498","","","","","Block5","true","0.25","4.5",""
"6993a8f8d63073ac0203d4f5","block5_train_1","7","slider-x","default","0.25","68498","68498","","","","","Block5","true","0.25","4.5",""
"6993a8f8d63073ac0203d4f5","block5_train_1","7","slider-y","default","4.5","68498","68498","","","","","Block5","true","0.25","4.5",""
"6993a8f8d63073ac0203d4f5","block5_train_1","7","px-slider-x","default","330.875","68498","68498","","","","","Block5","true","0.25","4.5",""
"6993a8f8d63073ac0203d4f5","block5_train_1","7","px-slider-y","default","232.25000000000003","68498","68498","","","","","Block5","true","0.25","4.5",""
"6993a8f8d63073ac0203d4f5","block5_train_1","7","px-location-x","default","330.875","68498","68498","","","","","Block5","true","0.25","4.5",""
"6993a8f8d63073ac0203d4f5","block5_train_1","7","px-location-y","default","232.25000000000003","68498","68498","","","","","Block5","true","0.25","4.5",""
"6993a8f8d63073ac0203d4f5","block5_train_1","7","windowEvents","default","{""focus"":3,""input"":0,""keydown"":0,""keyup"":0,""mousemove"":144,""mousedown"":10,""mouseup"":11,""resize"":0,""scroll"":41,""visibility"":0}","","","","","","","","","","",""
"6993a8f8d63073ac0203d4f5","block5_train_2","8","location-x","default","-1.5","99767","99767","","","","","Block5","true","-1.5","7.2",""
"6993a8f8d63073ac0203d4f5","block5_train_2","8","location-y","default","7.2","99767","99767","","","","","Block5","true","-1.5","7.2",""
"6993a8f8d63073ac0203d4f5","block5_train_2","8","slider-x","default","-1.5","99767","99767","","","","","Block5","true","-1.5","7.2",""
"6993a8f8d63073ac0203d4f5","block5_train_2","8","slider-y","default","7.2","99767","99767","","","","","Block5","true","-1.5","7.2",""
"6993a8f8d63073ac0203d4f5","block5_train_2","8","px-slider-x","default","237.25","99767","99767","","","","","Block5","true","-1.5","7.2",""
"6993a8f8d63073ac0203d4f5","block5_train_2","8","px-slider-y","default","125.60000000000001","99767","99767","","","","","Block5","true","-1.5","7.2",""
"6993a8f8d63073ac0203d4f5","block5_train_2","8","px-location-x","default","237.25","99767","99767","","","","","Block5","true","-1.5","7.2",""
"6993a8f8d63073ac0203d4f5","block5_train_2","8","px-location-y","default","125.60000000000001","99767","99767","","","","","Block5","true","-1.5","7.2",""
"6993a8f8d63073ac0203d4f5","block5_train_2","8","windowEvents","default","{""focus"":2,""input"":0,""keydown"":0,""keyup"":0,""mousemove"":5,""mousedown"":4,""mouseup"":4,""resize"":0,""scroll"":97,""visibility"":0}","","","","","","","","","","",""
"6993a8f8d63073ac0203d4f5","task1_test_intro","9","","default","","78359","78359","","","","","","","","",""
"6993a8f8d63073ac0203d4f5","task1_test_intro","9","windowEvents","default","{""focus"":1,""input"":0,""keydown"":0,""keyup"":0,""mousemove"":10,""mousedown"":1,""mouseup"":1,""resize"":0,""scroll"":1,""visibility"":0}","","","","","","","","","","",""
"6993a8f8d63073ac0203d4f5","block5_test_1","10","location-x","default","-4.38","37203","37203","","","","","Block5","false","","",""
"6993a8f8d63073ac0203d4f5","block5_test_1","10","location-y","default","3.62","37203","37203","","","","","Block5","false","","",""
"6993a8f8d63073ac0203d4f5","block5_test_1","10","slider-x","default","-4.29","37203","37203","","","","","Block5","false","","",""
"6993a8f8d63073ac0203d4f5","block5_test_1","10","slider-y","default","3.63","37203","37203","","","","","Block5","false","","",""
"6993a8f8d63073ac0203d4f5","block5_test_1","10","px-slider-x","default","87.985","37203","37203","","","","","Block5","false","","",""
"6993a8f8d63073ac0203d4f5","block5_test_1","10","px-slider-y","default","266.615","37203","37203","","","","","Block5","false","","",""
"6993a8f8d63073ac0203d4f5","block5_test_1","10","px-location-x","default","83.17000000000002","37203","37203","","","","","Block5","false","","",""
"6993a8f8d63073ac0203d4f5","block5_test_1","10","px-location-y","default","267.01","37203","37203","","","","","Block5","false","","",""
"6993a8f8d63073ac0203d4f5","block5_test_1","10","windowEvents","default","{""focus"":1,""input"":0,""keydown"":0,""keyup"":0,""mousemove"":1,""mousedown"":1,""mouseup"":1,""resize"":0,""scroll"":33,""visibility"":0}","","","","","","","","","","",""
"6993a8f8d63073ac0203d4f5","block5_test_9","11","location-x","default","-2.27","54522","54522","","","","","Block5","false","","",""
"6993a8f8d63073ac0203d4f5","block5_test_9","11","location-y","default","3.72","54522","54522","","","","","Block5","false","","",""
"6993a8f8d63073ac0203d4f5","block5_test_9","11","slider-x","default","-2.21","54522","54522","","","","","Block5","false","","",""
"6993a8f8d63073ac0203d4f5","block5_test_9","11","slider-y","default","3.69","54522","54522","","","","","Block5","false","","",""
"6993a8f8d63073ac0203d4f5","block5_test_9","11","px-slider-x","default","199.265","54522","54522","","","","","Block5","false","","",""
"6993a8f8d63073ac0203d4f5","block5_test_9","11","px-slider-y","default","264.245","54522","54522","","","","","Block5","false","","",""
"6993a8f8d63073ac0203d4f5","block5_test_9","11","px-location-x","default","196.055","54522","54522","","","","","Block5","false","","",""
"6993a8f8d63073ac0203d4f5","block5_test_9","11","px-location-y","default","263.06","54522","54522","","","","","Block5","false","","",""
"6993a8f8d63073ac0203d4f5","block5_test_9","11","windowEvents","default","{""focus"":3,""input"":0,""keydown"":0,""keyup"":0,""mousemove"":3,""mousedown"":2,""mouseup"":2,""resize"":0,""scroll"":21,""visibility"":0}","","","","","","","","","","",""
"6993a8f8d63073ac0203d4f5","block5_test_7","12","location-x","default","0.17","18237","18237","","","","","Block5","false","","",""
"6993a8f8d63073ac0203d4f5","block5_test_7","12","location-y","default","3.1","18237","18237","","","","","Block5","false","","",""
"6993a8f8d63073ac0203d4f5","block5_test_7","12","slider-x","default","0.26","18237","18237","","","","","Block5","false","","",""
"6993a8f8d63073ac0203d4f5","block5_test_7","12","slider-y","default","3.03","18237","18237","","","","","Block5","false","","",""
"6993a8f8d63073ac0203d4f5","block5_test_7","12","px-slider-x","default","331.41","18237","18237","","","","","Block5","false","","",""
"6993a8f8d63073ac0203d4f5","block5_test_7","12","px-slider-y","default","290.31500000000005","18237","18237","","","","","Block5","false","","",""
"6993a8f8d63073ac0203d4f5","block5_test_7","12","px-location-x","default","326.59499999999997","18237","18237","","","","","Block5","false","","",""
"6993a8f8d63073ac0203d4f5","block5_test_7","12","px-location-y","default","287.54999999999995","18237","18237","","","","","Block5","false","","",""
"6993a8f8d63073ac0203d4f5","block5_test_7","12","windowEvents","default","{""focus"":1,""input"":0,""keydown"":0,""keyup"":0,""mousemove"":1,""mousedown"":1,""mouseup"":1,""resize"":0,""scroll"":12,""visibility"":0}","","","","","","","","","","",""
"6993a8f8d63073ac0203d4f5","block5_test_5","13","location-x","default","-1.49","32665","32665","","","","","Block5","false","","",""
"6993a8f8d63073ac0203d4f5","block5_test_5","13","location-y","default","5.94","32665","32665","","","","","Block5","false","","",""
"6993a8f8d63073ac0203d4f5","block5_test_5","13","slider-x","default","-1.36","32665","32665","","","","","Block5","false","","",""
"6993a8f8d63073ac0203d4f5","block5_test_5","13","slider-y","default","5.89","32665","32665","","","","","Block5","false","","",""
"6993a8f8d63073ac0203d4f5","block5_test_5","13","px-slider-x","default","244.74","32665","32665","","","","","Block5","false","","",""
"6993a8f8d63073ac0203d4f5","block5_test_5","13","px-slider-y","default","177.34500000000003","32665","32665","","","","","Block5","false","","",""
"6993a8f8d63073ac0203d4f5","block5_test_5","13","px-location-x","default","237.78499999999997","32665","32665","","","","","Block5","false","","",""
"6993a8f8d63073ac0203d4f5","block5_test_5","13","px-location-y","default","175.36999999999998","32665","32665","","","","","Block5","false","","",""
"6993a8f8d63073ac0203d4f5","block5_test_5","13","windowEvents","default","{""focus"":1,""input"":0,""keydown"":0,""keyup"":0,""mousemove"":1,""mousedown"":1,""mouseup"":1,""resize"":0,""scroll"":10,""visibility"":0}","","","","","","","","","","",""
"6993a8f8d63073ac0203d4f5","block5_test_4","14","location-x","default","3.28","19966","19966","","","","","Block5","false","","",""
"6993a8f8d63073ac0203d4f5","block5_test_4","14","location-y","default","6.94","19966","19966","","","","","Block5","false","","",""
"6993a8f8d63073ac0203d4f5","block5_test_4","14","slider-x","default","3.47","19966","19966","","","","","Block5","false","","",""
"6993a8f8d63073ac0203d4f5","block5_test_4","14","slider-y","default","7.01","19966","19966","","","","","Block5","false","","",""
"6993a8f8d63073ac0203d4f5","block5_test_4","14","px-slider-x","default","503.14500000000004","19966","19966","","","","","Block5","false","","",""
"6993a8f8d63073ac0203d4f5","block5_test_4","14","px-slider-y","default","133.10500000000002","19966","19966","","","","","Block5","false","","",""
"6993a8f8d63073ac0203d4f5","block5_test_4","14","px-location-x","default","492.98","19966","19966","","","","","Block5","false","","",""
"6993a8f8d63073ac0203d4f5","block5_test_4","14","px-location-y","default","135.86999999999998","19966","19966","","","","","Block5","false","","",""
"6993a8f8d63073ac0203d4f5","block5_test_4","14","windowEvents","default","{""focus"":1,""input"":0,""keydown"":0,""keyup"":0,""mousemove"":1,""mousedown"":1,""mouseup"":1,""resize"":0,""scroll"":9,""visibility"":0}","","","","","","","","","","",""
"6993a8f8d63073ac0203d4f5","block5_test_3","15","location-x","default","-0.36","85850","85850","","","","","Block5","false","","",""
"6993a8f8d63073ac0203d4f5","block5_test_3","15","location-y","default","1.36","85850","85850","","","","","Block5","false","","",""
"6993a8f8d63073ac0203d4f5","block5_test_3","15","slider-x","default","-0.33","85850","85850","","","","","Block5","false","","",""
"6993a8f8d63073ac0203d4f5","block5_test_3","15","slider-y","default","1.34","85850","85850","","","","","Block5","false","","",""
"6993a8f8d63073ac0203d4f5","block5_test_3","15","px-slider-x","default","299.84499999999997","85850","85850","","","","","Block5","false","","",""
"6993a8f8d63073ac0203d4f5","block5_test_3","15","px-slider-y","default","357.07","85850","85850","","","","","Block5","false","","",""
"6993a8f8d63073ac0203d4f5","block5_test_3","15","px-location-x","default","298.24","85850","85850","","","","","Block5","false","","",""
"6993a8f8d63073ac0203d4f5","block5_test_3","15","px-location-y","default","356.28000000000003","85850","85850","","","","","Block5","false","","",""
"6993a8f8d63073ac0203d4f5","block5_test_3","15","windowEvents","default","{""focus"":1,""input"":0,""keydown"":0,""keyup"":0,""mousemove"":2,""mousedown"":1,""mouseup"":1,""resize"":0,""scroll"":19,""visibility"":0}","","","","","","","","","","",""
"6993a8f8d63073ac0203d4f5","block5_test_8","16","location-x","default","3.6","25944","25944","","","","","Block5","false","","",""
"6993a8f8d63073ac0203d4f5","block5_test_8","16","location-y","default","0.74","25944","25944","","","","","Block5","false","","",""
"6993a8f8d63073ac0203d4f5","block5_test_8","16","slider-x","default","3.63","25944","25944","","","","","Block5","false","","",""
"6993a8f8d63073ac0203d4f5","block5_test_8","16","slider-y","default","0.71","25944","25944","","","","","Block5","false","","",""
"6993a8f8d63073ac0203d4f5","block5_test_8","16","px-slider-x","default","511.7049999999999","25944","25944","","","","","Block5","false","","",""
"6993a8f8d63073ac0203d4f5","block5_test_8","16","px-slider-y","default","381.95500000000004","25944","25944","","","","","Block5","false","","",""
"6993a8f8d63073ac0203d4f5","block5_test_8","16","px-location-x","default","510.09999999999997","25944","25944","","","","","Block5","false","","",""
"6993a8f8d63073ac0203d4f5","block5_test_8","16","px-location-y","default","380.77000000000004","25944","25944","","","","","Block5","false","","",""
"6993a8f8d63073ac0203d4f5","block5_test_8","16","windowEvents","default","{""focus"":1,""input"":0,""keydown"":0,""keyup"":0,""mousemove"":1,""mousedown"":1,""mouseup"":1,""resize"":0,""scroll"":6,""visibility"":0}","","","","","","","","","","",""
"6993a8f8d63073ac0203d4f5","block5_test_2","17","location-x","default","-3.3","39459","39459","","","","","Block5","false","","",""
"6993a8f8d63073ac0203d4f5","block5_test_2","17","location-y","default","9.91","39459","39459","","","","","Block5","false","","",""
"6993a8f8d63073ac0203d4f5","block5_test_2","17","slider-x","default","-2.99","39459","39459","","","","","Block5","false","","",""
"6993a8f8d63073ac0203d4f5","block5_test_2","17","slider-y","default","9.9","39459","39459","","","","","Block5","false","","",""
"6993a8f8d63073ac0203d4f5","block5_test_2","17","px-slider-x","default","157.535","39459","39459","","","","","Block5","false","","",""
"6993a8f8d63073ac0203d4f5","block5_test_2","17","px-slider-y","default","18.950000000000003","39459","39459","","","","","Block5","false","","",""
"6993a8f8d63073ac0203d4f5","block5_test_2","17","px-location-x","default","140.95","39459","39459","","","","","Block5","false","","",""
"6993a8f8d63073ac0203d4f5","block5_test_2","17","px-location-y","default","18.555000000000003","39459","39459","","","","","Block5","false","","",""
"6993a8f8d63073ac0203d4f5","block5_test_2","17","windowEvents","default","{""focus"":1,""input"":0,""keydown"":0,""keyup"":0,""mousemove"":2,""mousedown"":1,""mouseup"":1,""resize"":0,""scroll"":13,""visibility"":0}","","","","","","","","","","",""
"6993a8f8d63073ac0203d4f5","block5_test_6","18","location-x","default","-3.94","53446","53446","","","","","Block5","false","","",""
"6993a8f8d63073ac0203d4f5","block5_test_6","18","location-y","default","8","53446","53446","","","","","Block5","false","","",""
"6993a8f8d63073ac0203d4f5","block5_test_6","18","slider-x","default","-3.7","53446","53446","","","","","Block5","false","","",""
"6993a8f8d63073ac0203d4f5","block5_test_6","18","slider-y","default","7.97","53446","53446","","","","","Block5","false","","",""
"6993a8f8d63073ac0203d4f5","block5_test_6","18","px-slider-x","default","119.54999999999998","53446","53446","","","","","Block5","false","","",""
"6993a8f8d63073ac0203d4f5","block5_test_6","18","px-slider-y","default","95.18500000000003","53446","53446","","","","","Block5","false","","",""
"6993a8f8d63073ac0203d4f5","block5_test_6","18","px-location-x","default","106.71000000000001","53446","53446","","","","","Block5","false","","",""
"6993a8f8d63073ac0203d4f5","block5_test_6","18","px-location-y","default","93.99999999999999","53446","53446","","","","","Block5","false","","",""
"6993a8f8d63073ac0203d4f5","block5_test_6","18","windowEvents","default","{""focus"":1,""input"":0,""keydown"":0,""keyup"":0,""mousemove"":1,""mousedown"":1,""mouseup"":1,""resize"":0,""scroll"":25,""visibility"":0}","","","","","","","","","","",""
"6993a8f8d63073ac0203d4f5","block5_test_10","19","location-x","default","-3.96","22335","22335","","","","","Block5","false","","",""
"6993a8f8d63073ac0203d4f5","block5_test_10","19","location-y","default","9.5","22335","22335","","","","","Block5","false","","",""
"6993a8f8d63073ac0203d4f5","block5_test_10","19","slider-x","default","-3.85","22335","22335","","","","","Block5","false","","",""
"6993a8f8d63073ac0203d4f5","block5_test_10","19","slider-y","default","9.52","22335","22335","","","","","Block5","false","","",""
"6993a8f8d63073ac0203d4f5","block5_test_10","19","px-slider-x","default","111.52499999999999","22335","22335","","","","","Block5","false","","",""
"6993a8f8d63073ac0203d4f5","block5_test_10","19","px-slider-y","default","33.960000000000015","22335","22335","","","","","Block5","false","","",""
"6993a8f8d63073ac0203d4f5","block5_test_10","19","px-location-x","default","105.64000000000001","22335","22335","","","","","Block5","false","","",""
"6993a8f8d63073ac0203d4f5","block5_test_10","19","px-location-y","default","34.750000000000014","22335","22335","","","","","Block5","false","","",""
"6993a8f8d63073ac0203d4f5","block5_test_10","19","windowEvents","default","{""focus"":1,""input"":0,""keydown"":0,""keyup"":0,""mousemove"":1,""mousedown"":1,""mouseup"":1,""resize"":0,""scroll"":20,""visibility"":0}","","","","","","","","","","",""
"6993a8f8d63073ac0203d4f5","task2_intro","20","","default","","56701","56701","","","","","","","","",""
"6993a8f8d63073ac0203d4f5","task2_intro","20","windowEvents","default","{""focus"":1,""input"":0,""keydown"":0,""keyup"":0,""mousemove"":2,""mousedown"":1,""mouseup"":1,""resize"":0,""scroll"":1,""visibility"":0}","","","","","","","","","","",""
"6993a8f8d63073ac0203d4f5","moritz_train_pointArc_1","21","pixelResponse","default","92","98554","98554","","","","","point","true","","","4"
"6993a8f8d63073ac0203d4f5","moritz_train_pointArc_1","21","numericResponse","default","0.54","98554","98554","","","","","point","true","","","4"
"6993a8f8d63073ac0203d4f5","moritz_train_pointArc_1","21","windowEvents","default","{""focus"":2,""input"":0,""keydown"":0,""keyup"":0,""mousemove"":2,""mousedown"":2,""mouseup"":2,""resize"":0,""scroll"":62,""visibility"":0}","","","","","","","","","","",""
"6993a8f8d63073ac0203d4f5","moritz_train_pointArc_2","22","pixelResponse","default","92","19801","19801","","","","","point","true","","","5"
"6993a8f8d63073ac0203d4f5","moritz_train_pointArc_2","22","numericResponse","default","0.54","19801","19801","","","","","point","true","","","5"
"6993a8f8d63073ac0203d4f5","moritz_train_pointArc_2","22","windowEvents","default","{""focus"":2,""input"":0,""keydown"":0,""keyup"":0,""mousemove"":3,""mousedown"":2,""mouseup"":2,""resize"":0,""scroll"":35,""visibility"":0}","","","","","","","","","","",""
"6993a8f8d63073ac0203d4f5","task2_test_intro","23","","default","","7702","7702","","","","","","","","",""
"6993a8f8d63073ac0203d4f5","task2_test_intro","23","windowEvents","default","{""focus"":1,""input"":0,""keydown"":0,""keyup"":0,""mousemove"":1,""mousedown"":1,""mouseup"":1,""resize"":0,""scroll"":1,""visibility"":0}","","","","","","","","","","",""
"6993a8f8d63073ac0203d4f5","pointArc_task_46","24","pixelResponse","default","47.99999999999999","36661","36661","","","","","pointArc","","","","141"
"6993a8f8d63073ac0203d4f5","pointArc_task_46","24","numericResponse","default","0.76","36661","36661","","","","","pointArc","","","","141"
"6993a8f8d63073ac0203d4f5","pointArc_task_46","24","windowEvents","default","{""focus"":1,""input"":0,""keydown"":0,""keyup"":0,""mousemove"":1,""mousedown"":1,""mouseup"":1,""resize"":0,""scroll"":5,""visibility"":0}","","","","","","","","","","",""
"6993a8f8d63073ac0203d4f5","pointArc_task_16","25","pixelResponse","default","100","19347","19347","","","","","pointArc","","","","47"
"6993a8f8d63073ac0203d4f5","pointArc_task_16","25","numericResponse","default","0.5","19347","19347","","","","","pointArc","","","","47"
"6993a8f8d63073ac0203d4f5","pointArc_task_16","25","windowEvents","default","{""focus"":1,""input"":0,""keydown"":0,""keyup"":0,""mousemove"":2,""mousedown"":1,""mouseup"":1,""resize"":0,""scroll"":0,""visibility"":0}","","","","","","","","","","",""
"6993a8f8d63073ac0203d4f5","pointArc_task_36","26","pixelResponse","default","82.00000000000001","12692","12692","","","","","pointArc","","","","107"
"6993a8f8d63073ac0203d4f5","pointArc_task_36","26","numericResponse","default","0.59","12692","12692","","","","","pointArc","","","","107"
"6993a8f8d63073ac0203d4f5","pointArc_task_36","26","windowEvents","default","{""focus"":1,""input"":0,""keydown"":0,""keyup"":0,""mousemove"":1,""mousedown"":1,""mouseup"":1,""resize"":0,""scroll"":0,""visibility"":0}","","","","","","","","","","",""
"6993a8f8d63073ac0203d4f5","pointArc_task_10","27","pixelResponse","default","92","6781","6781","","","","","pointArc","","","","33"
"6993a8f8d63073ac0203d4f5","pointArc_task_10","27","numericResponse","default","0.54","6781","6781","","","","","pointArc","","","","33"
"6993a8f8d63073ac0203d4f5","pointArc_task_10","27","windowEvents","default","{""focus"":1,""input"":0,""keydown"":0,""keyup"":0,""mousemove"":1,""mousedown"":1,""mouseup"":1,""resize"":0,""scroll"":0,""visibility"":0}","","","","","","","","","","",""
"6993a8f8d63073ac0203d4f5","pointArc_task_18","28","pixelResponse","default","104.00000000000001","21509","21509","","","","","pointArc","","","","57"
"6993a8f8d63073ac0203d4f5","pointArc_task_18","28","numericResponse","default","0.48","21509","21509","","","","","pointArc","","","","57"
"6993a8f8d63073ac0203d4f5","pointArc_task_18","28","windowEvents","default","{""focus"":1,""input"":0,""keydown"":0,""keyup"":0,""mousemove"":1,""mousedown"":1,""mouseup"":1,""resize"":0,""scroll"":0,""visibility"":0}","","","","","","","","","","",""
"6993a8f8d63073ac0203d4f5","pointArc_task_14","29","pixelResponse","default","89.99999999999999","6789","6789","","","","","pointArc","","","","45"
"6993a8f8d63073ac0203d4f5","pointArc_task_14","29","numericResponse","default","0.55","6789","6789","","","","","pointArc","","","","45"
"6993a8f8d63073ac0203d4f5","pointArc_task_14","29","windowEvents","default","{""focus"":1,""input"":0,""keydown"":0,""keyup"":0,""mousemove"":1,""mousedown"":1,""mouseup"":1,""resize"":0,""scroll"":0,""visibility"":0}","","","","","","","","","","",""
"6993a8f8d63073ac0203d4f5","pointArc_task_41","30","pixelResponse","default","106","11072","11072","","","","","pointArc","","","","128"
"6993a8f8d63073ac0203d4f5","pointArc_task_41","30","numericResponse","default","0.47","11072","11072","","","","","pointArc","","","","128"
"6993a8f8d63073ac0203d4f5","pointArc_task_41","30","windowEvents","default","{""focus"":1,""input"":0,""keydown"":0,""keyup"":0,""mousemove"":1,""mousedown"":1,""mouseup"":1,""resize"":0,""scroll"":0,""visibility"":0}","","","","","","","","","","",""
"6993a8f8d63073ac0203d4f5","pointArc_task_7","31","pixelResponse","default","98","6648","6648","","","","","pointArc","","","","22"
"6993a8f8d63073ac0203d4f5","pointArc_task_7","31","numericResponse","default","0.51","6648","6648","","","","","pointArc","","","","22"
"6993a8f8d63073ac0203d4f5","pointArc_task_7","31","windowEvents","default","{""focus"":1,""input"":0,""keydown"":0,""keyup"":0,""mousemove"":1,""mousedown"":1,""mouseup"":1,""resize"":0,""scroll"":0,""visibility"":0}","","","","","","","","","","",""
"6993a8f8d63073ac0203d4f5","pointArc_task_35","32","pixelResponse","default","100","20111","20111","","","","","pointArc","","","","106"
"6993a8f8d63073ac0203d4f5","pointArc_task_35","32","numericResponse","default","0.5","20111","20111","","","","","pointArc","","","","106"
"6993a8f8d63073ac0203d4f5","pointArc_task_35","32","windowEvents","default","{""focus"":1,""input"":0,""keydown"":0,""keyup"":0,""mousemove"":1,""mousedown"":1,""mouseup"":1,""resize"":0,""scroll"":0,""visibility"":0}","","","","","","","","","","",""
"6993a8f8d63073ac0203d4f5","pointArc_task_45","33","pixelResponse","default","146","13620","13620","","","","","pointArc","","","","140"
"6993a8f8d63073ac0203d4f5","pointArc_task_45","33","numericResponse","default","0.27","13620","13620","","","","","pointArc","","","","140"
"6993a8f8d63073ac0203d4f5","pointArc_task_45","33","windowEvents","default","{""focus"":1,""input"":0,""keydown"":0,""keyup"":0,""mousemove"":1,""mousedown"":1,""mouseup"":1,""resize"":0,""scroll"":0,""visibility"":0}","","","","","","","","","","",""
"6993a8f8d63073ac0203d4f5","pointArc_task_38","34","pixelResponse","default","94","3967","3967","","","","","pointArc","","","","117"
"6993a8f8d63073ac0203d4f5","pointArc_task_38","34","numericResponse","default","0.53","3967","3967","","","","","pointArc","","","","117"
"6993a8f8d63073ac0203d4f5","pointArc_task_38","34","windowEvents","default","{""focus"":1,""input"":0,""keydown"":0,""keyup"":0,""mousemove"":1,""mousedown"":1,""mouseup"":1,""resize"":0,""scroll"":0,""visibility"":0}","","","","","","","","","","",""
"6993a8f8d63073ac0203d4f5","pointArc_task_44","35","pixelResponse","default","112.00000000000001","9514","9514","","","","","pointArc","","","","131"
"6993a8f8d63073ac0203d4f5","pointArc_task_44","35","numericResponse","default","0.44","9514","9514","","","","","pointArc","","","","131"
"6993a8f8d63073ac0203d4f5","pointArc_task_44","35","windowEvents","default","{""focus"":1,""input"":0,""keydown"":0,""keyup"":0,""mousemove"":1,""mousedown"":1,""mouseup"":1,""resize"":0,""scroll"":0,""visibility"":0}","","","","","","","","","","",""
"6993a8f8d63073ac0203d4f5","pointArc_task_26","36","pixelResponse","default","52.00000000000001","10061","10061","","","","","pointArc","","","","81"
"6993a8f8d63073ac0203d4f5","pointArc_task_26","36","numericResponse","default","0.74","10061","10061","","","","","pointArc","","","","81"
"6993a8f8d63073ac0203d4f5","pointArc_task_26","36","windowEvents","default","{""focus"":1,""input"":0,""keydown"":0,""keyup"":0,""mousemove"":1,""mousedown"":1,""mouseup"":1,""resize"":0,""scroll"":0,""visibility"":0}","","","","","","","","","","",""
"6993a8f8d63073ac0203d4f5","pointArc_task_15","37","pixelResponse","default","100","4973","4973","","","","","pointArc","","","","46"
"6993a8f8d63073ac0203d4f5","pointArc_task_15","37","numericResponse","default","0.5","4973","4973","","","","","pointArc","","","","46"
"6993a8f8d63073ac0203d4f5","pointArc_task_15","37","windowEvents","default","{""focus"":1,""input"":0,""keydown"":0,""keyup"":0,""mousemove"":1,""mousedown"":1,""mouseup"":1,""resize"":0,""scroll"":0,""visibility"":0}","","","","","","","","","","",""
"6993a8f8d63073ac0203d4f5","pointArc_task_37","38","pixelResponse","default","104.00000000000001","5076","5076","","","","","pointArc","","","","116"
"6993a8f8d63073ac0203d4f5","pointArc_task_37","38","numericResponse","default","0.48","5076","5076","","","","","pointArc","","","","116"
"6993a8f8d63073ac0203d4f5","pointArc_task_37","38","windowEvents","default","{""focus"":1,""input"":0,""keydown"":0,""keyup"":0,""mousemove"":1,""mousedown"":1,""mouseup"":1,""resize"":0,""scroll"":0,""visibility"":0}","","","","","","","","","","",""
"6993a8f8d63073ac0203d4f5","pointArc_task_20","39","pixelResponse","default","112.00000000000001","20421","20421","","","","","pointArc","","","","59"
"6993a8f8d63073ac0203d4f5","pointArc_task_20","39","numericResponse","default","0.44","20421","20421","","","","","pointArc","","","","59"
"6993a8f8d63073ac0203d4f5","pointArc_task_20","39","windowEvents","default","{""focus"":2,""input"":0,""keydown"":0,""keyup"":0,""mousemove"":51,""mousedown"":3,""mouseup"":3,""resize"":0,""scroll"":0,""visibility"":0}","","","","","","","","","","",""
"6993a8f8d63073ac0203d4f5","pointArc_task_8","40","pixelResponse","default","104.00000000000001","11357","11357","","","","","pointArc","","","","23"
"6993a8f8d63073ac0203d4f5","pointArc_task_8","40","numericResponse","default","0.48","11357","11357","","","","","pointArc","","","","23"
"6993a8f8d63073ac0203d4f5","pointArc_task_8","40","windowEvents","default","{""focus"":2,""input"":0,""keydown"":0,""keyup"":0,""mousemove"":35,""mousedown"":3,""mouseup"":3,""resize"":0,""scroll"":0,""visibility"":0}","","","","","","","","","","",""
"6993a8f8d63073ac0203d4f5","pointArc_task_27","41","pixelResponse","default","100","37117","37117","","","","","pointArc","","","","82"
"6993a8f8d63073ac0203d4f5","pointArc_task_27","41","numericResponse","default","0.5","37117","37117","","","","","pointArc","","","","82"
"6993a8f8d63073ac0203d4f5","pointArc_task_27","41","windowEvents","default","{""focus"":4,""input"":0,""keydown"":0,""keyup"":0,""mousemove"":94,""mousedown"":10,""mouseup"":9,""resize"":0,""scroll"":0,""visibility"":0}","","","","","","","","","","",""
"6993a8f8d63073ac0203d4f5","pointArc_task_6","42","pixelResponse","default","95.99999999999999","8014","8014","","","","","pointArc","","","","21"
"6993a8f8d63073ac0203d4f5","pointArc_task_6","42","numericResponse","default","0.52","8014","8014","","","","","pointArc","","","","21"
"6993a8f8d63073ac0203d4f5","pointArc_task_6","42","windowEvents","default","{""focus"":2,""input"":0,""keydown"":0,""keyup"":0,""mousemove"":34,""mousedown"":2,""mouseup"":2,""resize"":0,""scroll"":0,""visibility"":0}","","","","","","","","","","",""
"6993a8f8d63073ac0203d4f5","pointArc_task_21","43","pixelResponse","default","114.00000000000001","18900","18900","","","","","pointArc","","","","68"
"6993a8f8d63073ac0203d4f5","pointArc_task_21","43","numericResponse","default","0.43","18900","18900","","","","","pointArc","","","","68"
"6993a8f8d63073ac0203d4f5","pointArc_task_21","43","windowEvents","default","{""focus"":2,""input"":0,""keydown"":0,""keyup"":0,""mousemove"":79,""mousedown"":2,""mouseup"":2,""resize"":0,""scroll"":0,""visibility"":0}","","","","","","","","","","",""
"6993a8f8d63073ac0203d4f5","pointArc_task_31","44","pixelResponse","default","100","8261","8261","","","","","pointArc","","","","94"
"6993a8f8d63073ac0203d4f5","pointArc_task_31","44","numericResponse","default","0.5","8261","8261","","","","","pointArc","","","","94"
"6993a8f8d63073ac0203d4f5","pointArc_task_31","44","windowEvents","default","{""focus"":2,""input"":0,""keydown"":0,""keyup"":0,""mousemove"":39,""mousedown"":2,""mouseup"":2,""resize"":0,""scroll"":0,""visibility"":0}","","","","","","","","","","",""
"6993a8f8d63073ac0203d4f5","pointArc_task_33","45","pixelResponse","default","116.00000000000001","17274","17274","","","","","pointArc","","","","104"
"6993a8f8d63073ac0203d4f5","pointArc_task_33","45","numericResponse","default","0.42","17274","17274","","","","","pointArc","","","","104"
"6993a8f8d63073ac0203d4f5","pointArc_task_33","45","windowEvents","default","{""focus"":2,""input"":0,""keydown"":0,""keyup"":0,""mousemove"":70,""mousedown"":2,""mouseup"":2,""resize"":0,""scroll"":0,""visibility"":0}","","","","","","","","","","",""
"6993a8f8d63073ac0203d4f5","pointArc_task_3","46","pixelResponse","default","100","11559","11559","","","","","pointArc","","","","10"
"6993a8f8d63073ac0203d4f5","pointArc_task_3","46","numericResponse","default","0.5","11559","11559","","","","","pointArc","","","","10"
"6993a8f8d63073ac0203d4f5","pointArc_task_3","46","windowEvents","default","{""focus"":2,""input"":0,""keydown"":0,""keyup"":0,""mousemove"":65,""mousedown"":2,""mouseup"":2,""resize"":0,""scroll"":0,""visibility"":0}","","","","","","","","","","",""
"6993a8f8d63073ac0203d4f5","pointArc_task_9","47","pixelResponse","default","112.00000000000001","11897","11897","","","","","pointArc","","","","32"
"6993a8f8d63073ac0203d4f5","pointArc_task_9","47","numericResponse","default","0.44","11897","11897","","","","","pointArc","","","","32"
"6993a8f8d63073ac0203d4f5","pointArc_task_9","47","windowEvents","default","{""focus"":2,""input"":0,""keydown"":0,""keyup"":0,""mousemove"":52,""mousedown"":3,""mouseup"":3,""resize"":0,""scroll"":0,""visibility"":0}","","","","","","","","","","",""
"6993a8f8d63073ac0203d4f5","pointArc_task_2","48","pixelResponse","default","100","6867","6867","","","","","pointArc","","","","9"
"6993a8f8d63073ac0203d4f5","pointArc_task_2","48","numericResponse","default","0.5","6867","6867","","","","","pointArc","","","","9"
"6993a8f8d63073ac0203d4f5","pointArc_task_2","48","windowEvents","default","{""focus"":2,""input"":0,""keydown"":0,""keyup"":0,""mousemove"":25,""mousedown"":3,""mouseup"":3,""resize"":0,""scroll"":0,""visibility"":0}","","","","","","","","","","",""
"6993a8f8d63073ac0203d4f5","pointArc_task_13","49","pixelResponse","default","108","16168","16168","","","","","pointArc","","","","44"
"6993a8f8d63073ac0203d4f5","pointArc_task_13","49","numericResponse","default","0.46","16168","16168","","","","","pointArc","","","","44"
"6993a8f8d63073ac0203d4f5","pointArc_task_13","49","windowEvents","default","{""focus"":2,""input"":0,""keydown"":0,""keyup"":0,""mousemove"":94,""mousedown"":3,""mouseup"":3,""resize"":0,""scroll"":0,""visibility"":0}","","","","","","","","","","",""
"6993a8f8d63073ac0203d4f5","pointArc_task_34","50","pixelResponse","default","106","20320","20320","","","","","pointArc","","","","105"
"6993a8f8d63073ac0203d4f5","pointArc_task_34","50","numericResponse","default","0.47","20320","20320","","","","","pointArc","","","","105"
"6993a8f8d63073ac0203d4f5","pointArc_task_34","50","windowEvents","default","{""focus"":2,""input"":0,""keydown"":0,""keyup"":0,""mousemove"":75,""mousedown"":2,""mouseup"":2,""resize"":0,""scroll"":0,""visibility"":0}","","","","","","","","","","",""
"6993a8f8d63073ac0203d4f5","pointArc_task_28","51","pixelResponse","default","100","8258","8258","","","","","pointArc","","","","83"
"6993a8f8d63073ac0203d4f5","pointArc_task_28","51","numericResponse","default","0.5","8258","8258","","","","","pointArc","","","","83"
"6993a8f8d63073ac0203d4f5","pointArc_task_28","51","windowEvents","default","{""focus"":2,""input"":0,""keydown"":0,""keyup"":0,""mousemove"":42,""mousedown"":2,""mouseup"":2,""resize"":0,""scroll"":0,""visibility"":0}","","","","","","","","","","",""
"6993a8f8d63073ac0203d4f5","pointArc_task_5","52","pixelResponse","default","112.00000000000001","10472","10472","","","","","pointArc","","","","20"
"6993a8f8d63073ac0203d4f5","pointArc_task_5","52","numericResponse","default","0.44","10472","10472","","","","","pointArc","","","","20"
"6993a8f8d63073ac0203d4f5","pointArc_task_5","52","windowEvents","default","{""focus"":2,""input"":0,""keydown"":0,""keyup"":0,""mousemove"":41,""mousedown"":2,""mouseup"":2,""resize"":0,""scroll"":0,""visibility"":0}","","","","","","","","","","",""
"6993a8f8d63073ac0203d4f5","pointArc_task_4","53","pixelResponse","default","100","6972","6972","","","","","pointArc","","","","11"
"6993a8f8d63073ac0203d4f5","pointArc_task_4","53","numericResponse","default","0.5","6972","6972","","","","","pointArc","","","","11"
"6993a8f8d63073ac0203d4f5","pointArc_task_4","53","windowEvents","default","{""focus"":2,""input"":0,""keydown"":0,""keyup"":0,""mousemove"":37,""mousedown"":2,""mouseup"":2,""resize"":0,""scroll"":0,""visibility"":0}","","","","","","","","","","",""
"6993a8f8d63073ac0203d4f5","pointArc_task_1","54","pixelResponse","default","118.00000000000001","13909","13909","","","","","pointArc","","","","8"
"6993a8f8d63073ac0203d4f5","pointArc_task_1","54","numericResponse","default","0.41","13909","13909","","","","","pointArc","","","","8"
"6993a8f8d63073ac0203d4f5","pointArc_task_1","54","windowEvents","default","{""focus"":2,""input"":0,""keydown"":0,""keyup"":0,""mousemove"":69,""mousedown"":2,""mouseup"":2,""resize"":0,""scroll"":0,""visibility"":0}","","","","","","","","","","",""
"6993a8f8d63073ac0203d4f5","pointArc_task_17","55","pixelResponse","default","114.00000000000001","13667","13667","","","","","pointArc","","","","56"
"6993a8f8d63073ac0203d4f5","pointArc_task_17","55","numericResponse","default","0.43","13667","13667","","","","","pointArc","","","","56"
"6993a8f8d63073ac0203d4f5","pointArc_task_17","55","windowEvents","default","{""focus"":2,""input"":0,""keydown"":0,""keyup"":0,""mousemove"":69,""mousedown"":2,""mouseup"":2,""resize"":0,""scroll"":0,""visibility"":0}","","","","","","","","","","",""
"6993a8f8d63073ac0203d4f5","pointArc_task_25","56","pixelResponse","default","112.00000000000001","11832","11832","","","","","pointArc","","","","80"
"6993a8f8d63073ac0203d4f5","pointArc_task_25","56","numericResponse","default","0.44","11832","11832","","","","","pointArc","","","","80"
"6993a8f8d63073ac0203d4f5","pointArc_task_25","56","windowEvents","default","{""focus"":2,""input"":0,""keydown"":0,""keyup"":0,""mousemove"":49,""mousedown"":2,""mouseup"":2,""resize"":0,""scroll"":0,""visibility"":0}","","","","","","","","","","",""
"6993a8f8d63073ac0203d4f5","pointArc_task_19","57","pixelResponse","default","104.00000000000001","17187","17187","","","","","pointArc","","","","58"
"6993a8f8d63073ac0203d4f5","pointArc_task_19","57","numericResponse","default","0.48","17187","17187","","","","","pointArc","","","","58"
"6993a8f8d63073ac0203d4f5","pointArc_task_19","57","windowEvents","default","{""focus"":2,""input"":0,""keydown"":0,""keyup"":0,""mousemove"":83,""mousedown"":2,""mouseup"":2,""resize"":0,""scroll"":0,""visibility"":0}","","","","","","","","","","",""
"6993a8f8d63073ac0203d4f5","pointArc_task_48","58","pixelResponse","default","100","10016","10016","","","","","pointArc","","","","143"
"6993a8f8d63073ac0203d4f5","pointArc_task_48","58","numericResponse","default","0.5","10016","10016","","","","","pointArc","","","","143"
"6993a8f8d63073ac0203d4f5","pointArc_task_48","58","windowEvents","default","{""focus"":2,""input"":0,""keydown"":0,""keyup"":0,""mousemove"":39,""mousedown"":3,""mouseup"":3,""resize"":0,""scroll"":0,""visibility"":0}","","","","","","","","","","",""
"6993a8f8d63073ac0203d4f5","pointArc_task_12","59","pixelResponse","default","100","7231","7231","","","","","pointArc","","","","35"
"6993a8f8d63073ac0203d4f5","pointArc_task_12","59","numericResponse","default","0.5","7231","7231","","","","","pointArc","","","","35"
"6993a8f8d63073ac0203d4f5","pointArc_task_12","59","windowEvents","default","{""focus"":2,""input"":0,""keydown"":0,""keyup"":0,""mousemove"":33,""mousedown"":2,""mouseup"":2,""resize"":0,""scroll"":0,""visibility"":0}","","","","","","","","","","",""
"6993a8f8d63073ac0203d4f5","pointArc_task_22","60","pixelResponse","default","100","6321","6321","","","","","pointArc","","","","69"
"6993a8f8d63073ac0203d4f5","pointArc_task_22","60","numericResponse","default","0.5","6321","6321","","","","","pointArc","","","","69"
"6993a8f8d63073ac0203d4f5","pointArc_task_22","60","windowEvents","default","{""focus"":2,""input"":0,""keydown"":0,""keyup"":0,""mousemove"":28,""mousedown"":2,""mouseup"":2,""resize"":0,""scroll"":0,""visibility"":0}","","","","","","","","","","",""
"6993a8f8d63073ac0203d4f5","pointArc_task_42","61","pixelResponse","default","100","10978","10978","","","","","pointArc","","","","129"
"6993a8f8d63073ac0203d4f5","pointArc_task_42","61","numericResponse","default","0.5","10978","10978","","","","","pointArc","","","","129"
"6993a8f8d63073ac0203d4f5","pointArc_task_42","61","windowEvents","default","{""focus"":2,""input"":0,""keydown"":0,""keyup"":0,""mousemove"":45,""mousedown"":3,""mouseup"":3,""resize"":0,""scroll"":0,""visibility"":0}","","","","","","","","","","",""
"6993a8f8d63073ac0203d4f5","pointArc_task_24","62","pixelResponse","default","98","8606","8606","","","","","pointArc","","","","71"
"6993a8f8d63073ac0203d4f5","pointArc_task_24","62","numericResponse","default","0.51","8606","8606","","","","","pointArc","","","","71"
"6993a8f8d63073ac0203d4f5","pointArc_task_24","62","windowEvents","default","{""focus"":2,""input"":0,""keydown"":0,""keyup"":0,""mousemove"":32,""mousedown"":3,""mouseup"":3,""resize"":0,""scroll"":0,""visibility"":0}","","","","","","","","","","",""
"6993a8f8d63073ac0203d4f5","pointArc_task_29","63","pixelResponse","default","114.00000000000001","17763","17763","","","","","pointArc","","","","92"
"6993a8f8d63073ac0203d4f5","pointArc_task_29","63","numericResponse","default","0.43","17763","17763","","","","","pointArc","","","","92"
"6993a8f8d63073ac0203d4f5","pointArc_task_29","63","windowEvents","default","{""focus"":2,""input"":0,""keydown"":0,""keyup"":0,""mousemove"":82,""mousedown"":3,""mouseup"":3,""resize"":0,""scroll"":0,""visibility"":0}","","","","","","","","","","",""
"6993a8f8d63073ac0203d4f5","pointArc_task_32","64","pixelResponse","default","106","14897","14897","","","","","pointArc","","","","95"
"6993a8f8d63073ac0203d4f5","pointArc_task_32","64","numericResponse","default","0.47","14897","14897","","","","","pointArc","","","","95"
"6993a8f8d63073ac0203d4f5","pointArc_task_32","64","windowEvents","default","{""focus"":2,""input"":0,""keydown"":0,""keyup"":0,""mousemove"":58,""mousedown"":2,""mouseup"":2,""resize"":0,""scroll"":0,""visibility"":0}","","","","","","","","","","",""
"6993a8f8d63073ac0203d4f5","pointArc_task_47","65","pixelResponse","default","108","14262","14262","","","","","pointArc","","","","142"
"6993a8f8d63073ac0203d4f5","pointArc_task_47","65","numericResponse","default","0.46","14262","14262","","","","","pointArc","","","","142"
"6993a8f8d63073ac0203d4f5","pointArc_task_47","65","windowEvents","default","{""focus"":2,""input"":0,""keydown"":0,""keyup"":0,""mousemove"":53,""mousedown"":2,""mouseup"":2,""resize"":0,""scroll"":0,""visibility"":0}","","","","","","","","","","",""
"6993a8f8d63073ac0203d4f5","pointArc_task_23","66","pixelResponse","default","100","18432","18432","","","","","pointArc","","","","70"
"6993a8f8d63073ac0203d4f5","pointArc_task_23","66","numericResponse","default","0.5","18432","18432","","","","","pointArc","","","","70"
"6993a8f8d63073ac0203d4f5","pointArc_task_23","66","windowEvents","default","{""focus"":2,""input"":0,""keydown"":0,""keyup"":0,""mousemove"":65,""mousedown"":3,""mouseup"":3,""resize"":0,""scroll"":0,""visibility"":0}","","","","","","","","","","",""
"6993a8f8d63073ac0203d4f5","pointArc_task_40","67","pixelResponse","default","100","10264","10264","","","","","pointArc","","","","119"
"6993a8f8d63073ac0203d4f5","pointArc_task_40","67","numericResponse","default","0.5","10264","10264","","","","","pointArc","","","","119"
"6993a8f8d63073ac0203d4f5","pointArc_task_40","67","windowEvents","default","{""focus"":2,""input"":0,""keydown"":0,""keyup"":0,""mousemove"":54,""mousedown"":3,""mouseup"":3,""resize"":0,""scroll"":0,""visibility"":0}","","","","","","","","","","",""
"6993a8f8d63073ac0203d4f5","pointArc_task_39","68","pixelResponse","default","100","8098","8098","","","","","pointArc","","","","118"
"6993a8f8d63073ac0203d4f5","pointArc_task_39","68","numericResponse","default","0.5","8098","8098","","","","","pointArc","","","","118"
"6993a8f8d63073ac0203d4f5","pointArc_task_39","68","windowEvents","default","{""focus"":2,""input"":0,""keydown"":0,""keyup"":0,""mousemove"":37,""mousedown"":2,""mouseup"":2,""resize"":0,""scroll"":0,""visibility"":0}","","","","","","","","","","",""
"6993a8f8d63073ac0203d4f5","pointArc_task_43","69","pixelResponse","default","100","10291","10291","","","","","pointArc","","","","130"
"6993a8f8d63073ac0203d4f5","pointArc_task_43","69","numericResponse","default","0.5","10291","10291","","","","","pointArc","","","","130"
"6993a8f8d63073ac0203d4f5","pointArc_task_43","69","windowEvents","default","{""focus"":2,""input"":0,""keydown"":0,""keyup"":0,""mousemove"":50,""mousedown"":3,""mouseup"":3,""resize"":0,""scroll"":0,""visibility"":0}","","","","","","","","","","",""
"6993a8f8d63073ac0203d4f5","pointArc_task_11","70","pixelResponse","default","108","25344","25344","","","","","pointArc","","","","34"
"6993a8f8d63073ac0203d4f5","pointArc_task_11","70","numericResponse","default","0.46","25344","25344","","","","","pointArc","","","","34"
"6993a8f8d63073ac0203d4f5","pointArc_task_11","70","windowEvents","default","{""focus"":2,""input"":0,""keydown"":0,""keyup"":0,""mousemove"":95,""mousedown"":3,""mouseup"":3,""resize"":0,""scroll"":0,""visibility"":0}","","","","","","","","","","",""
"6993a8f8d63073ac0203d4f5","pointArc_task_30","71","pixelResponse","default","104.00000000000001","22015","22015","","","","","pointArc","","","","93"
"6993a8f8d63073ac0203d4f5","pointArc_task_30","71","numericResponse","default","0.48","22015","22015","","","","","pointArc","","","","93"
"6993a8f8d63073ac0203d4f5","pointArc_task_30","71","windowEvents","default","{""focus"":2,""input"":0,""keydown"":0,""keyup"":0,""mousemove"":79,""mousedown"":2,""mouseup"":2,""resize"":0,""scroll"":0,""visibility"":0}","","","","","","","","","","",""
"6993a8f8d63073ac0203d4f5","post_study","72","gender","default","Male","28366","28366","","","","","","","","",""
"6993a8f8d63073ac0203d4f5","post_study","72","gender-other","default","","28366","28366","","","","","","","","",""
"6993a8f8d63073ac0203d4f5","post_study","72","age","default","21","28366","28366","","","","","","","","",""
"6993a8f8d63073ac0203d4f5","post_study","72","feedback","default","No","28366","28366","","","","","","","","",""
"6993a8f8d63073ac0203d4f5","post_study","72","feedback-text","default","","28366","28366","","","","","","","","",""
"6993a8f8d63073ac0203d4f5","post_study","72","strategy","default","","28366","28366","","","","","","","","",""
"6993a8f8d63073ac0203d4f5","post_study","72","windowEvents","default","{""focus"":3,""input"":4,""keydown"":2,""keyup"":2,""mousemove"":20,""mousedown"":4,""mouseup"":5,""resize"":0,""scroll"":10,""visibility"":0}","","","","","","","","","","",""
"69a7a4b14701d7b678dea5ca","participantTags","","participantTags","pointArc","[""virtual-chinrest"",""pointArc""]","","","","","","","","","","",""
"69a7a4b14701d7b678dea5ca","introduction","0","prolificId","pointArc","69a7a4b14701d7b678dea5ca","2203","2203","","","","","","","","",""
"69a7a4b14701d7b678dea5ca","introduction","0","windowEvents","pointArc","{""focus"":0,""input"":0,""keydown"":0,""keyup"":0,""mousemove"":15,""mousedown"":0,""mouseup"":0,""resize"":0,""scroll"":0,""visibility"":0}","","","","","","","","","","",""
"69a7a4b14701d7b678dea5ca","consent","1","consentApproval","pointArc","Accept","8504","8504","","","","","","","","",""
"69a7a4b14701d7b678dea5ca","consent","1","windowEvents","pointArc","{""focus"":3,""input"":1,""keydown"":0,""keyup"":0,""mousemove"":49,""mousedown"":3,""mouseup"":2,""resize"":0,""scroll"":8,""visibility"":0}","","","","","","","","","","",""
"69a7a4b14701d7b678dea5ca","chinrest_intro","2","","pointArc","","15610","15610","","","","","","","","",""
"69a7a4b14701d7b678dea5ca","chinrest_intro","2","windowEvents","pointArc","{""focus"":0,""input"":0,""keydown"":1,""keyup"":1,""mousemove"":83,""mousedown"":0,""mouseup"":1,""resize"":1,""scroll"":1,""visibility"":0}","","","","","","","","","","",""
"69a7a4b14701d7b678dea5ca","$virtual-chinrest.components.card-size","3","pixelsPerMM","pointArc","4.100467289719626","21808","21808","pixelsPerMM","85.6","53.98","","","","","",""
"69a7a4b14701d7b678dea5ca","$virtual-chinrest.components.card-size","3","windowEvents","pointArc","{""focus"":4,""input"":0,""keydown"":0,""keyup"":0,""mousemove"":127,""mousedown"":5,""mouseup"":4,""resize"":0,""scroll"":0,""visibility"":0}","","","","","","","","","","",""
"69a7a4b14701d7b678dea5ca","$virtual-chinrest.components.blindspot-distance","4","dist-calibration-MM","pointArc","503.43593063949567","105575","105575","","","","13.5","","","","",""
"69a7a4b14701d7b678dea5ca","$virtual-chinrest.components.blindspot-distance","4","dist-calibration-CM","pointArc","50.34359306394957","105575","105575","","","","13.5","","","","",""
"69a7a4b14701d7b678dea5ca","$virtual-chinrest.components.blindspot-distance","4","ball-positions","pointArc","[1188,1308,1148,1182,1196]","105575","105575","","","","13.5","","","","",""
"69a7a4b14701d7b678dea5ca","$virtual-chinrest.components.blindspot-distance","4","square-position","pointArc","1700","105575","105575","","","","13.5","","","","",""
"69a7a4b14701d7b678dea5ca","$virtual-chinrest.components.blindspot-distance","4","windowEvents","pointArc","{""focus"":3,""input"":0,""keydown"":14,""keyup"":14,""mousemove"":175,""mousedown"":4,""mouseup"":4,""resize"":0,""scroll"":0,""visibility"":0}","","","","","","","","","","",""
"69a7a4b14701d7b678dea5ca","study_overview","5","","pointArc","","8615","8615","","","","","","","","",""
"69a7a4b14701d7b678dea5ca","study_overview","5","windowEvents","pointArc","{""focus"":1,""input"":0,""keydown"":0,""keyup"":0,""mousemove"":43,""mousedown"":1,""mouseup"":1,""resize"":0,""scroll"":0,""visibility"":0}","","","","","","","","","","",""
"69a7a4b14701d7b678dea5ca","task1_intro","6","","pointArc","","18613","18613","","","","","","","","",""
"69a7a4b14701d7b678dea5ca","task1_intro","6","windowEvents","pointArc","{""focus"":1,""input"":0,""keydown"":0,""keyup"":0,""mousemove"":54,""mousedown"":0,""mouseup"":1,""resize"":0,""scroll"":0,""visibility"":0}","","","","","","","","","","",""
"69a7a4b14701d7b678dea5ca","block5_train_1","7","location-x","pointArc","0.25","52816","52816","","","","","Block5","true","0.25","4.5",""
"69a7a4b14701d7b678dea5ca","block5_train_1","7","location-y","pointArc","4.5","52816","52816","","","","","Block5","true","0.25","4.5",""
"69a7a4b14701d7b678dea5ca","block5_train_1","7","slider-x","pointArc","0.25","52816","52816","","","","","Block5","true","0.25","4.5",""
"69a7a4b14701d7b678dea5ca","block5_train_1","7","slider-y","pointArc","4.5","52816","52816","","","","","Block5","true","0.25","4.5",""
"69a7a4b14701d7b678dea5ca","block5_train_1","7","px-slider-x","pointArc","330.875","52816","52816","","","","","Block5","true","0.25","4.5",""
"69a7a4b14701d7b678dea5ca","block5_train_1","7","px-slider-y","pointArc","232.25000000000003","52816","52816","","","","","Block5","true","0.25","4.5",""
"69a7a4b14701d7b678dea5ca","block5_train_1","7","px-location-x","pointArc","330.875","52816","52816","","","","","Block5","true","0.25","4.5",""
"69a7a4b14701d7b678dea5ca","block5_train_1","7","px-location-y","pointArc","232.25000000000003","52816","52816","","","","","Block5","true","0.25","4.5",""
"69a7a4b14701d7b678dea5ca","block5_train_1","7","windowEvents","pointArc","{""focus"":10,""input"":0,""keydown"":14,""keyup"":14,""mousemove"":230,""mousedown"":8,""mouseup"":7,""resize"":0,""scroll"":0,""visibility"":0}","","","","","","","","","","",""
"69a7a4b14701d7b678dea5ca","block5_train_2","8","location-x","pointArc","-1.5","24532","24532","","","","","Block5","true","-1.5","7.2",""
"69a7a4b14701d7b678dea5ca","block5_train_2","8","location-y","pointArc","7.2","24532","24532","","","","","Block5","true","-1.5","7.2",""
"69a7a4b14701d7b678dea5ca","block5_train_2","8","slider-x","pointArc","-1.5","24532","24532","","","","","Block5","true","-1.5","7.2",""
"69a7a4b14701d7b678dea5ca","block5_train_2","8","slider-y","pointArc","7.2","24532","24532","","","","","Block5","true","-1.5","7.2",""
"69a7a4b14701d7b678dea5ca","block5_train_2","8","px-slider-x","pointArc","237.25","24532","24532","","","","","Block5","true","-1.5","7.2",""
"69a7a4b14701d7b678dea5ca","block5_train_2","8","px-slider-y","pointArc","125.60000000000001","24532","24532","","","","","Block5","true","-1.5","7.2",""
"69a7a4b14701d7b678dea5ca","block5_train_2","8","px-location-x","pointArc","237.25","24532","24532","","","","","Block5","true","-1.5","7.2",""
"69a7a4b14701d7b678dea5ca","block5_train_2","8","px-location-y","pointArc","125.60000000000001","24532","24532","","","","","Block5","true","-1.5","7.2",""
"69a7a4b14701d7b678dea5ca","block5_train_2","8","windowEvents","pointArc","{""focus"":6,""input"":0,""keydown"":11,""keyup"":9,""mousemove"":107,""mousedown"":5,""mouseup"":6,""resize"":0,""scroll"":0,""visibility"":0}","","","","","","","","","","",""
"69a7a4b14701d7b678dea5ca","task1_test_intro","9","","pointArc","","7120","7120","","","","","","","","",""
"69a7a4b14701d7b678dea5ca","task1_test_intro","9","windowEvents","pointArc","{""focus"":2,""input"":0,""keydown"":0,""keyup"":0,""mousemove"":57,""mousedown"":2,""mouseup"":1,""resize"":0,""scroll"":0,""visibility"":0}","","","","","","","","","","",""
"69a7a4b14701d7b678dea5ca","block5_test_10","10","location-x","pointArc","4.37","24819","24819","","","","","Block5","false","","",""
"69a7a4b14701d7b678dea5ca","block5_test_10","10","location-y","pointArc","5.09","24819","24819","","","","","Block5","false","","",""
"69a7a4b14701d7b678dea5ca","block5_test_10","10","slider-x","pointArc","4.4","24819","24819","","","","","Block5","false","","",""
"69a7a4b14701d7b678dea5ca","block5_test_10","10","slider-y","pointArc","5.4","24819","24819","","","","","Block5","false","","",""
"69a7a4b14701d7b678dea5ca","block5_test_10","10","px-slider-x","pointArc","552.9","24819","24819","","","","","Block5","false","","",""
"69a7a4b14701d7b678dea5ca","block5_test_10","10","px-slider-y","pointArc","196.7","24819","24819","","","","","Block5","false","","",""
"69a7a4b14701d7b678dea5ca","block5_test_10","10","px-location-x","pointArc","551.295","24819","24819","","","","","Block5","false","","",""
"69a7a4b14701d7b678dea5ca","block5_test_10","10","px-location-y","pointArc","208.945","24819","24819","","","","","Block5","false","","",""
"69a7a4b14701d7b678dea5ca","block5_test_10","10","windowEvents","pointArc","{""focus"":4,""input"":0,""keydown"":11,""keyup"":11,""mousemove"":93,""mousedown"":3,""mouseup"":4,""resize"":0,""scroll"":0,""visibility"":0}","","","","","","","","","","",""
"69a7a4b14701d7b678dea5ca","block5_test_6","11","location-x","pointArc","-2.94","45430","45430","","","","","Block5","false","","",""
"69a7a4b14701d7b678dea5ca","block5_test_6","11","location-y","pointArc","5.87","45430","45430","","","","","Block5","false","","",""
"69a7a4b14701d7b678dea5ca","block5_test_6","11","slider-x","pointArc","-2.9","45430","45430","","","","","Block5","false","","",""
"69a7a4b14701d7b678dea5ca","block5_test_6","11","slider-y","pointArc","5.9","45430","45430","","","","","Block5","false","","",""
"69a7a4b14701d7b678dea5ca","block5_test_6","11","px-slider-x","pointArc","162.35000000000002","45430","45430","","","","","Block5","false","","",""
"69a7a4b14701d7b678dea5ca","block5_test_6","11","px-slider-y","pointArc","176.94999999999996","45430","45430","","","","","Block5","false","","",""
"69a7a4b14701d7b678dea5ca","block5_test_6","11","px-location-x","pointArc","160.21","45430","45430","","","","","Block5","false","","",""
"69a7a4b14701d7b678dea5ca","block5_test_6","11","px-location-y","pointArc","178.13500000000002","45430","45430","","","","","Block5","false","","",""
"69a7a4b14701d7b678dea5ca","block5_test_6","11","windowEvents","pointArc","{""focus"":8,""input"":0,""keydown"":41,""keyup"":41,""mousemove"":108,""mousedown"":5,""mouseup"":4,""resize"":0,""scroll"":0,""visibility"":0}","","","","","","","","","","",""
"69a7a4b14701d7b678dea5ca","block5_test_2","12","location-x","pointArc","-1.98","27123","27123","","","","","Block5","false","","",""
"69a7a4b14701d7b678dea5ca","block5_test_2","12","location-y","pointArc","9.73","27123","27123","","","","","Block5","false","","",""
"69a7a4b14701d7b678dea5ca","block5_test_2","12","slider-x","pointArc","-1.8","27123","27123","","","","","Block5","false","","",""
"69a7a4b14701d7b678dea5ca","block5_test_2","12","slider-y","pointArc","9.7","27123","27123","","","","","Block5","false","","",""
"69a7a4b14701d7b678dea5ca","block5_test_2","12","px-slider-x","pointArc","221.20000000000002","27123","27123","","","","","Block5","false","","",""
"69a7a4b14701d7b678dea5ca","block5_test_2","12","px-slider-y","pointArc","26.85000000000001","27123","27123","","","","","Block5","false","","",""
"69a7a4b14701d7b678dea5ca","block5_test_2","12","px-location-x","pointArc","211.57","27123","27123","","","","","Block5","false","","",""
"69a7a4b14701d7b678dea5ca","block5_test_2","12","px-location-y","pointArc","25.664999999999964","27123","27123","","","","","Block5","false","","",""
"69a7a4b14701d7b678dea5ca","block5_test_2","12","windowEvents","pointArc","{""focus"":4,""input"":0,""keydown"":20,""keyup"":20,""mousemove"":131,""mousedown"":3,""mouseup"":4,""resize"":0,""scroll"":0,""visibility"":0}","","","","","","","","","","",""
"69a7a4b14701d7b678dea5ca","block5_test_9","13","location-x","pointArc","0.59","29137","29137","","","","","Block5","false","","",""
"69a7a4b14701d7b678dea5ca","block5_test_9","13","location-y","pointArc","8.81","29137","29137","","","","","Block5","false","","",""
"69a7a4b14701d7b678dea5ca","block5_test_9","13","slider-x","pointArc","0.8","29137","29137","","","","","Block5","false","","",""
"69a7a4b14701d7b678dea5ca","block5_test_9","13","slider-y","pointArc","8.7","29137","29137","","","","","Block5","false","","",""
"69a7a4b14701d7b678dea5ca","block5_test_9","13","px-slider-x","pointArc","360.29999999999995","29137","29137","","","","","Block5","false","","",""
"69a7a4b14701d7b678dea5ca","block5_test_9","13","px-slider-y","pointArc","66.35000000000005","29137","29137","","","","","Block5","false","","",""
"69a7a4b14701d7b678dea5ca","block5_test_9","13","px-location-x","pointArc","349.065","29137","29137","","","","","Block5","false","","",""
"69a7a4b14701d7b678dea5ca","block5_test_9","13","px-location-y","pointArc","62.004999999999995","29137","29137","","","","","Block5","false","","",""
"69a7a4b14701d7b678dea5ca","block5_test_9","13","windowEvents","pointArc","{""focus"":5,""input"":0,""keydown"":21,""keyup"":19,""mousemove"":100,""mousedown"":3,""mouseup"":3,""resize"":0,""scroll"":0,""visibility"":0}","","","","","","","","","","",""
"69a7a4b14701d7b678dea5ca","block5_test_1","14","location-x","pointArc","-4.15","35606","35606","","","","","Block5","false","","",""
"69a7a4b14701d7b678dea5ca","block5_test_1","14","location-y","pointArc","4.01","35606","35606","","","","","Block5","false","","",""
"69a7a4b14701d7b678dea5ca","block5_test_1","14","slider-x","pointArc","-4.2","35606","35606","","","","","Block5","false","","",""
"69a7a4b14701d7b678dea5ca","block5_test_1","14","slider-y","pointArc","4","35606","35606","","","","","Block5","false","","",""
"69a7a4b14701d7b678dea5ca","block5_test_1","14","px-slider-x","pointArc","92.79999999999998","35606","35606","","","","","Block5","false","","",""
"69a7a4b14701d7b678dea5ca","block5_test_1","14","px-slider-y","pointArc","252","35606","35606","","","","","Block5","false","","",""
"69a7a4b14701d7b678dea5ca","block5_test_1","14","px-location-x","pointArc","95.47499999999998","35606","35606","","","","","Block5","false","","",""
"69a7a4b14701d7b678dea5ca","block5_test_1","14","px-location-y","pointArc","251.605","35606","35606","","","","","Block5","false","","",""
"69a7a4b14701d7b678dea5ca","block5_test_1","14","windowEvents","pointArc","{""focus"":7,""input"":0,""keydown"":29,""keyup"":24,""mousemove"":91,""mousedown"":4,""mouseup"":4,""resize"":0,""scroll"":0,""visibility"":0}","","","","","","","","","","",""
"69a7a4b14701d7b678dea5ca","block5_test_8","15","location-x","pointArc","2.18","20738","20738","","","","","Block5","false","","",""
"69a7a4b14701d7b678dea5ca","block5_test_8","15","location-y","pointArc","8.57","20738","20738","","","","","Block5","false","","",""
"69a7a4b14701d7b678dea5ca","block5_test_8","15","slider-x","pointArc","2.4","20738","20738","","","","","Block5","false","","",""
"69a7a4b14701d7b678dea5ca","block5_test_8","15","slider-y","pointArc","8.5","20738","20738","","","","","Block5","false","","",""
"69a7a4b14701d7b678dea5ca","block5_test_8","15","px-slider-x","pointArc","445.9","20738","20738","","","","","Block5","false","","",""
"69a7a4b14701d7b678dea5ca","block5_test_8","15","px-slider-y","pointArc","74.25","20738","20738","","","","","Block5","false","","",""
"69a7a4b14701d7b678dea5ca","block5_test_8","15","px-location-x","pointArc","434.13","20738","20738","","","","","Block5","false","","",""
"69a7a4b14701d7b678dea5ca","block5_test_8","15","px-location-y","pointArc","71.48500000000001","20738","20738","","","","","Block5","false","","",""
"69a7a4b14701d7b678dea5ca","block5_test_8","15","windowEvents","pointArc","{""focus"":6,""input"":0,""keydown"":8,""keyup"":8,""mousemove"":90,""mousedown"":4,""mouseup"":3,""resize"":0,""scroll"":0,""visibility"":0}","","","","","","","","","","",""
"69a7a4b14701d7b678dea5ca","block5_test_4","16","location-x","pointArc","-0.84","56016","56016","","","","","Block5","false","","",""
"69a7a4b14701d7b678dea5ca","block5_test_4","16","location-y","pointArc","0.83","56016","56016","","","","","Block5","false","","",""
"69a7a4b14701d7b678dea5ca","block5_test_4","16","slider-x","pointArc","-0.84","56016","56016","","","","","Block5","false","","",""
"69a7a4b14701d7b678dea5ca","block5_test_4","16","slider-y","pointArc","0.85","56016","56016","","","","","Block5","false","","",""
"69a7a4b14701d7b678dea5ca","block5_test_4","16","px-slider-x","pointArc","272.56","56016","56016","","","","","Block5","false","","",""
"69a7a4b14701d7b678dea5ca","block5_test_4","16","px-slider-y","pointArc","376.425","56016","56016","","","","","Block5","false","","",""
"69a7a4b14701d7b678dea5ca","block5_test_4","16","px-location-x","pointArc","272.56","56016","56016","","","","","Block5","false","","",""
"69a7a4b14701d7b678dea5ca","block5_test_4","16","px-location-y","pointArc","377.21500000000003","56016","56016","","","","","Block5","false","","",""
"69a7a4b14701d7b678dea5ca","block5_test_4","16","windowEvents","pointArc","{""focus"":7,""input"":0,""keydown"":49,""keyup"":46,""mousemove"":117,""mousedown"":4,""mouseup"":4,""resize"":0,""scroll"":0,""visibility"":0}","","","","","","","","","","",""
"69a7a4b14701d7b678dea5ca","block5_test_3","17","location-x","pointArc","-0.36","60813","60813","","","","","Block5","false","","",""
"69a7a4b14701d7b678dea5ca","block5_test_3","17","location-y","pointArc","1.02","60813","60813","","","","","Block5","false","","",""
"69a7a4b14701d7b678dea5ca","block5_test_3","17","slider-x","pointArc","-0.35","60813","60813","","","","","Block5","false","","",""
"69a7a4b14701d7b678dea5ca","block5_test_3","17","slider-y","pointArc","1","60813","60813","","","","","Block5","false","","",""
"69a7a4b14701d7b678dea5ca","block5_test_3","17","px-slider-x","pointArc","298.77500000000003","60813","60813","","","","","Block5","false","","",""
"69a7a4b14701d7b678dea5ca","block5_test_3","17","px-slider-y","pointArc","370.5","60813","60813","","","","","Block5","false","","",""
"69a7a4b14701d7b678dea5ca","block5_test_3","17","px-location-x","pointArc","298.24","60813","60813","","","","","Block5","false","","",""
"69a7a4b14701d7b678dea5ca","block5_test_3","17","px-location-y","pointArc","369.71","60813","60813","","","","","Block5","false","","",""
"69a7a4b14701d7b678dea5ca","block5_test_3","17","windowEvents","pointArc","{""focus"":7,""input"":0,""keydown"":47,""keyup"":43,""mousemove"":152,""mousedown"":3,""mouseup"":4,""resize"":0,""scroll"":0,""visibility"":0}","","","","","","","","","","",""
"69a7a4b14701d7b678dea5ca","block5_test_5","18","location-x","pointArc","-3.45","25298","25298","","","","","Block5","false","","",""
"69a7a4b14701d7b678dea5ca","block5_test_5","18","location-y","pointArc","1.57","25298","25298","","","","","Block5","false","","",""
"69a7a4b14701d7b678dea5ca","block5_test_5","18","slider-x","pointArc","-3.45","25298","25298","","","","","Block5","false","","",""
"69a7a4b14701d7b678dea5ca","block5_test_5","18","slider-y","pointArc","1.6","25298","25298","","","","","Block5","false","","",""
"69a7a4b14701d7b678dea5ca","block5_test_5","18","px-slider-x","pointArc","132.92499999999998","25298","25298","","","","","Block5","false","","",""
"69a7a4b14701d7b678dea5ca","block5_test_5","18","px-slider-y","pointArc","346.79999999999995","25298","25298","","","","","Block5","false","","",""
"69a7a4b14701d7b678dea5ca","block5_test_5","18","px-location-x","pointArc","132.92499999999998","25298","25298","","","","","Block5","false","","",""
"69a7a4b14701d7b678dea5ca","block5_test_5","18","px-location-y","pointArc","347.985","25298","25298","","","","","Block5","false","","",""
"69a7a4b14701d7b678dea5ca","block5_test_5","18","windowEvents","pointArc","{""focus"":5,""input"":0,""keydown"":35,""keyup"":32,""mousemove"":67,""mousedown"":3,""mouseup"":3,""resize"":0,""scroll"":0,""visibility"":0}","","","","","","","","","","",""
"69a7a4b14701d7b678dea5ca","block5_test_7","19","location-x","pointArc","1.29","41379","41379","","","","","Block5","false","","",""
"69a7a4b14701d7b678dea5ca","block5_test_7","19","location-y","pointArc","2.94","41379","41379","","","","","Block5","false","","",""
"69a7a4b14701d7b678dea5ca","block5_test_7","19","slider-x","pointArc","1.3","41379","41379","","","","","Block5","false","","",""
"69a7a4b14701d7b678dea5ca","block5_test_7","19","slider-y","pointArc","2.9","41379","41379","","","","","Block5","false","","",""
"69a7a4b14701d7b678dea5ca","block5_test_7","19","px-slider-x","pointArc","387.05","41379","41379","","","","","Block5","false","","",""
"69a7a4b14701d7b678dea5ca","block5_test_7","19","px-slider-y","pointArc","295.45","41379","41379","","","","","Block5","false","","",""
"69a7a4b14701d7b678dea5ca","block5_test_7","19","px-location-x","pointArc","386.515","41379","41379","","","","","Block5","false","","",""
"69a7a4b14701d7b678dea5ca","block5_test_7","19","px-location-y","pointArc","293.87","41379","41379","","","","","Block5","false","","",""
"69a7a4b14701d7b678dea5ca","block5_test_7","19","windowEvents","pointArc","{""focus"":7,""input"":0,""keydown"":30,""keyup"":29,""mousemove"":143,""mousedown"":4,""mouseup"":4,""resize"":0,""scroll"":0,""visibility"":0}","","","","","","","","","","",""
"69a7a4b14701d7b678dea5ca","task2_intro","20","","pointArc","","16919","16919","","","","","","","","",""
"69a7a4b14701d7b678dea5ca","task2_intro","20","windowEvents","pointArc","{""focus"":2,""input"":0,""keydown"":0,""keyup"":0,""mousemove"":95,""mousedown"":2,""mouseup"":1,""resize"":0,""scroll"":0,""visibility"":0}","","","","","","","","","","",""
"69a7a4b14701d7b678dea5ca","moritz_train_pointArc_1","21","pixelResponse","pointArc","98","33447","33447","","","","","point","true","","","4"
"69a7a4b14701d7b678dea5ca","moritz_train_pointArc_1","21","numericResponse","pointArc","0.51","33447","33447","","","","","point","true","","","4"
"69a7a4b14701d7b678dea5ca","moritz_train_pointArc_1","21","windowEvents","pointArc","{""focus"":5,""input"":0,""keydown"":0,""keyup"":0,""mousemove"":148,""mousedown"":7,""mouseup"":7,""resize"":0,""scroll"":0,""visibility"":0}","","","","","","","","","","",""
"69a7a4b14701d7b678dea5ca","moritz_train_pointArc_2","22","pixelResponse","pointArc","102","17859","17859","","","","","point","true","","","5"
"69a7a4b14701d7b678dea5ca","moritz_train_pointArc_2","22","numericResponse","pointArc","0.49","17859","17859","","","","","point","true","","","5"
"69a7a4b14701d7b678dea5ca","moritz_train_pointArc_2","22","windowEvents","pointArc","{""focus"":3,""input"":0,""keydown"":0,""keyup"":0,""mousemove"":85,""mousedown"":3,""mouseup"":4,""resize"":0,""scroll"":0,""visibility"":0}","","","","","","","","","","",""
"69a7a4b14701d7b678dea5ca","task2_test_intro","23","","pointArc","","9311","9311","","","","","","","","",""
"69a7a4b14701d7b678dea5ca","task2_test_intro","23","windowEvents","pointArc","{""focus"":1,""input"":0,""keydown"":0,""keyup"":0,""mousemove"":60,""mousedown"":1,""mouseup"":1,""resize"":0,""scroll"":0,""visibility"":0}","","","","","","","","","","",""
"69a7a4b14701d7b678dea5ca","pointArc_task_36","24","pixelResponse","pointArc","84.00000000000001","14684","14684","","","","","pointArc","","","","107"
"69a7a4b14701d7b678dea5ca","pointArc_task_36","24","numericResponse","pointArc","0.58","14684","14684","","","","","pointArc","","","","107"
"69a7a4b14701d7b678dea5ca","pointArc_task_36","24","windowEvents","pointArc","{""focus"":3,""input"":0,""keydown"":0,""keyup"":0,""mousemove"":57,""mousedown"":3,""mouseup"":2,""resize"":0,""scroll"":0,""visibility"":0}","","","","","","","","","","",""
"69a7a4b14701d7b678dea5ca","pointArc_task_29","25","pixelResponse","pointArc","122","9888","9888","","","","","pointArc","","","","92"
"69a7a4b14701d7b678dea5ca","pointArc_task_29","25","numericResponse","pointArc","0.39","9888","9888","","","","","pointArc","","","","92"
"69a7a4b14701d7b678dea5ca","pointArc_task_29","25","windowEvents","pointArc","{""focus"":2,""input"":0,""keydown"":0,""keyup"":0,""mousemove"":44,""mousedown"":2,""mouseup"":2,""resize"":0,""scroll"":0,""visibility"":0}","","","","","","","","","","",""
"69a7a4b14701d7b678dea5ca","pointArc_task_19","26","pixelResponse","pointArc","86","22002","22002","","","","","pointArc","","","","58"
"69a7a4b14701d7b678dea5ca","pointArc_task_19","26","numericResponse","pointArc","0.57","22002","22002","","","","","pointArc","","","","58"
"69a7a4b14701d7b678dea5ca","pointArc_task_19","26","windowEvents","pointArc","{""focus"":3,""input"":0,""keydown"":0,""keyup"":0,""mousemove"":121,""mousedown"":4,""mouseup"":5,""resize"":0,""scroll"":0,""visibility"":0}","","","","","","","","","","",""
"69a7a4b14701d7b678dea5ca","pointArc_task_26","27","pixelResponse","pointArc","60","9138","9138","","","","","pointArc","","","","81"
"69a7a4b14701d7b678dea5ca","pointArc_task_26","27","numericResponse","pointArc","0.7","9138","9138","","","","","pointArc","","","","81"
"69a7a4b14701d7b678dea5ca","pointArc_task_26","27","windowEvents","pointArc","{""focus"":3,""input"":0,""keydown"":0,""keyup"":0,""mousemove"":57,""mousedown"":3,""mouseup"":2,""resize"":0,""scroll"":0,""visibility"":0}","","","","","","","","","","",""
"69a7a4b14701d7b678dea5ca","pointArc_task_38","28","pixelResponse","pointArc","80","11748","11748","","","","","pointArc","","","","117"
"69a7a4b14701d7b678dea5ca","pointArc_task_38","28","numericResponse","pointArc","0.6","11748","11748","","","","","pointArc","","","","117"
"69a7a4b14701d7b678dea5ca","pointArc_task_38","28","windowEvents","pointArc","{""focus"":2,""input"":0,""keydown"":0,""keyup"":0,""mousemove"":74,""mousedown"":3,""mouseup"":3,""resize"":0,""scroll"":0,""visibility"":0}","","","","","","","","","","",""
"69a7a4b14701d7b678dea5ca","pointArc_task_11","29","pixelResponse","pointArc","102","11021","11021","","","","","pointArc","","","","34"
"69a7a4b14701d7b678dea5ca","pointArc_task_11","29","numericResponse","pointArc","0.49","11021","11021","","","","","pointArc","","","","34"
"69a7a4b14701d7b678dea5ca","pointArc_task_11","29","windowEvents","pointArc","{""focus"":3,""input"":0,""keydown"":5,""keyup"":5,""mousemove"":52,""mousedown"":2,""mouseup"":2,""resize"":0,""scroll"":0,""visibility"":0}","","","","","","","","","","",""
"69a7a4b14701d7b678dea5ca","pointArc_task_2","30","pixelResponse","pointArc","89.99999999999999","8094","8094","","","","","pointArc","","","","9"
"69a7a4b14701d7b678dea5ca","pointArc_task_2","30","numericResponse","pointArc","0.55","8094","8094","","","","","pointArc","","","","9"
"69a7a4b14701d7b678dea5ca","pointArc_task_2","30","windowEvents","pointArc","{""focus"":3,""input"":0,""keydown"":6,""keyup"":6,""mousemove"":36,""mousedown"":2,""mouseup"":2,""resize"":0,""scroll"":0,""visibility"":0}","","","","","","","","","","",""
"69a7a4b14701d7b678dea5ca","pointArc_task_6","31","pixelResponse","pointArc","78","6635","6635","","","","","pointArc","","","","21"
"69a7a4b14701d7b678dea5ca","pointArc_task_6","31","numericResponse","pointArc","0.61","6635","6635","","","","","pointArc","","","","21"
"69a7a4b14701d7b678dea5ca","pointArc_task_6","31","windowEvents","pointArc","{""focus"":2,""input"":0,""keydown"":5,""keyup"":5,""mousemove"":43,""mousedown"":1,""mouseup"":2,""resize"":0,""scroll"":0,""visibility"":0}","","","","","","","","","","",""
"69a7a4b14701d7b678dea5ca","pointArc_task_35","32","pixelResponse","pointArc","108","8748","8748","","","","","pointArc","","","","106"
"69a7a4b14701d7b678dea5ca","pointArc_task_35","32","numericResponse","pointArc","0.46","8748","8748","","","","","pointArc","","","","106"
"69a7a4b14701d7b678dea5ca","pointArc_task_35","32","windowEvents","pointArc","{""focus"":3,""input"":0,""keydown"":7,""keyup"":7,""mousemove"":48,""mousedown"":3,""mouseup"":2,""resize"":0,""scroll"":0,""visibility"":0}","","","","","","","","","","",""
"69a7a4b14701d7b678dea5ca","pointArc_task_31","33","pixelResponse","pointArc","98","7527","7527","","","","","pointArc","","","","94"
"69a7a4b14701d7b678dea5ca","pointArc_task_31","33","numericResponse","pointArc","0.51","7527","7527","","","","","pointArc","","","","94"
"69a7a4b14701d7b678dea5ca","pointArc_task_31","33","windowEvents","pointArc","{""focus"":4,""input"":0,""keydown"":3,""keyup"":3,""mousemove"":38,""mousedown"":2,""mouseup"":2,""resize"":0,""scroll"":0,""visibility"":0}","","","","","","","","","","",""
"69a7a4b14701d7b678dea5ca","pointArc_task_46","34","pixelResponse","pointArc","72","5903","5903","","","","","pointArc","","","","141"
"69a7a4b14701d7b678dea5ca","pointArc_task_46","34","numericResponse","pointArc","0.64","5903","5903","","","","","pointArc","","","","141"
"69a7a4b14701d7b678dea5ca","pointArc_task_46","34","windowEvents","pointArc","{""focus"":2,""input"":0,""keydown"":1,""keyup"":1,""mousemove"":31,""mousedown"":2,""mouseup"":3,""resize"":0,""scroll"":0,""visibility"":0}","","","","","","","","","","",""
"69a7a4b14701d7b678dea5ca","pointArc_task_5","35","pixelResponse","pointArc","114.00000000000001","7362","7362","","","","","pointArc","","","","20"
"69a7a4b14701d7b678dea5ca","pointArc_task_5","35","numericResponse","pointArc","0.43","7362","7362","","","","","pointArc","","","","20"
"69a7a4b14701d7b678dea5ca","pointArc_task_5","35","windowEvents","pointArc","{""focus"":4,""input"":0,""keydown"":5,""keyup"":5,""mousemove"":51,""mousedown"":3,""mouseup"":2,""resize"":0,""scroll"":0,""visibility"":0}","","","","","","","","","","",""
"69a7a4b14701d7b678dea5ca","pointArc_task_27","36","pixelResponse","pointArc","106","9563","9563","","","","","pointArc","","","","82"
"69a7a4b14701d7b678dea5ca","pointArc_task_27","36","numericResponse","pointArc","0.47","9563","9563","","","","","pointArc","","","","82"
"69a7a4b14701d7b678dea5ca","pointArc_task_27","36","windowEvents","pointArc","{""focus"":3,""input"":0,""keydown"":3,""keyup"":3,""mousemove"":54,""mousedown"":2,""mouseup"":2,""resize"":0,""scroll"":0,""visibility"":0}","","","","","","","","","","",""
"69a7a4b14701d7b678dea5ca","pointArc_task_12","37","pixelResponse","pointArc","98","5663","5663","","","","","pointArc","","","","35"
"69a7a4b14701d7b678dea5ca","pointArc_task_12","37","numericResponse","pointArc","0.51","5663","5663","","","","","pointArc","","","","35"
"69a7a4b14701d7b678dea5ca","pointArc_task_12","37","windowEvents","pointArc","{""focus"":3,""input"":0,""keydown"":1,""keyup"":1,""mousemove"":38,""mousedown"":2,""mouseup"":2,""resize"":0,""scroll"":0,""visibility"":0}","","","","","","","","","","",""
"69a7a4b14701d7b678dea5ca","pointArc_task_23","38","pixelResponse","pointArc","114.00000000000001","5644","5644","","","","","pointArc","","","","70"
"69a7a4b14701d7b678dea5ca","pointArc_task_23","38","numericResponse","pointArc","0.43","5644","5644","","","","","pointArc","","","","70"
"69a7a4b14701d7b678dea5ca","pointArc_task_23","38","windowEvents","pointArc","{""focus"":2,""input"":0,""keydown"":5,""keyup"":5,""mousemove"":41,""mousedown"":1,""mouseup"":2,""resize"":0,""scroll"":0,""visibility"":0}","","","","","","","","","","",""
"69a7a4b14701d7b678dea5ca","pointArc_task_13","39","pixelResponse","pointArc","106","3407","3407","","","","","pointArc","","","","44"
"69a7a4b14701d7b678dea5ca","pointArc_task_13","39","numericResponse","pointArc","0.47","3407","3407","","","","","pointArc","","","","44"
"69a7a4b14701d7b678dea5ca","pointArc_task_13","39","windowEvents","pointArc","{""focus"":2,""input"":0,""keydown"":0,""keyup"":0,""mousemove"":26,""mousedown"":2,""mouseup"":2,""resize"":0,""scroll"":0,""visibility"":0}","","","","","","","","","","",""
"69a7a4b14701d7b678dea5ca","pointArc_task_16","40","pixelResponse","pointArc","104.00000000000001","9386","9386","","","","","pointArc","","","","47"
"69a7a4b14701d7b678dea5ca","pointArc_task_16","40","numericResponse","pointArc","0.48","9386","9386","","","","","pointArc","","","","47"
"69a7a4b14701d7b678dea5ca","pointArc_task_16","40","windowEvents","pointArc","{""focus"":4,""input"":0,""keydown"":6,""keyup"":6,""mousemove"":48,""mousedown"":4,""mouseup"":3,""resize"":0,""scroll"":0,""visibility"":0}","","","","","","","","","","",""
"69a7a4b14701d7b678dea5ca","pointArc_task_15","41","pixelResponse","pointArc","95.99999999999999","4005","4005","","","","","pointArc","","","","46"
"69a7a4b14701d7b678dea5ca","pointArc_task_15","41","numericResponse","pointArc","0.52","4005","4005","","","","","pointArc","","","","46"
"69a7a4b14701d7b678dea5ca","pointArc_task_15","41","windowEvents","pointArc","{""focus"":2,""input"":0,""keydown"":2,""keyup"":2,""mousemove"":32,""mousedown"":1,""mouseup"":2,""resize"":0,""scroll"":0,""visibility"":0}","","","","","","","","","","",""
"69a7a4b14701d7b678dea5ca","pointArc_task_44","42","pixelResponse","pointArc","110.00000000000001","8070","8070","","","","","pointArc","","","","131"
"69a7a4b14701d7b678dea5ca","pointArc_task_44","42","numericResponse","pointArc","0.45","8070","8070","","","","","pointArc","","","","131"
"69a7a4b14701d7b678dea5ca","pointArc_task_44","42","windowEvents","pointArc","{""focus"":4,""input"":0,""keydown"":1,""keyup"":1,""mousemove"":50,""mousedown"":3,""mouseup"":2,""resize"":0,""scroll"":0,""visibility"":0}","","","","","","","","","","",""
"69a7a4b14701d7b678dea5ca","pointArc_task_33","43","pixelResponse","pointArc","124","29190","28170","","","","","pointArc","","","","104"
"69a7a4b14701d7b678dea5ca","pointArc_task_33","43","numericResponse","pointArc","0.38","29190","28170","","","","","pointArc","","","","104"
"69a7a4b14701d7b678dea5ca","pointArc_task_33","43","windowEvents","pointArc","{""focus"":5,""input"":0,""keydown"":8,""keyup"":8,""mousemove"":86,""mousedown"":4,""mouseup"":5,""resize"":0,""scroll"":0,""visibility"":2}","","","","","","","","","","",""
"69a7a4b14701d7b678dea5ca","pointArc_task_40","44","pixelResponse","pointArc","98","9606","9606","","","","","pointArc","","","","119"
"69a7a4b14701d7b678dea5ca","pointArc_task_40","44","numericResponse","pointArc","0.51","9606","9606","","","","","pointArc","","","","119"
"69a7a4b14701d7b678dea5ca","pointArc_task_40","44","windowEvents","pointArc","{""focus"":3,""input"":0,""keydown"":8,""keyup"":8,""mousemove"":39,""mousedown"":2,""mouseup"":2,""resize"":0,""scroll"":0,""visibility"":0}","","","","","","","","","","",""
"69a7a4b14701d7b678dea5ca","pointArc_task_21","45","pixelResponse","pointArc","128","5001","5001","","","","","pointArc","","","","68"
"69a7a4b14701d7b678dea5ca","pointArc_task_21","45","numericResponse","pointArc","0.36","5001","5001","","","","","pointArc","","","","68"
"69a7a4b14701d7b678dea5ca","pointArc_task_21","45","windowEvents","pointArc","{""focus"":4,""input"":0,""keydown"":1,""keyup"":1,""mousemove"":39,""mousedown"":3,""mouseup"":2,""resize"":0,""scroll"":0,""visibility"":0}","","","","","","","","","","",""
"69a7a4b14701d7b678dea5ca","pointArc_task_10","46","pixelResponse","pointArc","94","6279","6279","","","","","pointArc","","","","33"
"69a7a4b14701d7b678dea5ca","pointArc_task_10","46","numericResponse","pointArc","0.53","6279","6279","","","","","pointArc","","","","33"
"69a7a4b14701d7b678dea5ca","pointArc_task_10","46","windowEvents","pointArc","{""focus"":2,""input"":0,""keydown"":5,""keyup"":5,""mousemove"":45,""mousedown"":4,""mouseup"":5,""resize"":0,""scroll"":0,""visibility"":0}","","","","","","","","","","",""
"69a7a4b14701d7b678dea5ca","pointArc_task_24","47","pixelResponse","pointArc","87.99999999999999","6050","6050","","","","","pointArc","","","","71"
"69a7a4b14701d7b678dea5ca","pointArc_task_24","47","numericResponse","pointArc","0.56","6050","6050","","","","","pointArc","","","","71"
"69a7a4b14701d7b678dea5ca","pointArc_task_24","47","windowEvents","pointArc","{""focus"":3,""input"":0,""keydown"":3,""keyup"":3,""mousemove"":41,""mousedown"":3,""mouseup"":3,""resize"":0,""scroll"":0,""visibility"":0}","","","","","","","","","","",""
"69a7a4b14701d7b678dea5ca","pointArc_task_48","48","pixelResponse","pointArc","82.00000000000001","9115","9115","","","","","pointArc","","","","143"
"69a7a4b14701d7b678dea5ca","pointArc_task_48","48","numericResponse","pointArc","0.59","9115","9115","","","","","pointArc","","","","143"
"69a7a4b14701d7b678dea5ca","pointArc_task_48","48","windowEvents","pointArc","{""focus"":4,""input"":0,""keydown"":8,""keyup"":8,""mousemove"":47,""mousedown"":4,""mouseup"":3,""resize"":0,""scroll"":0,""visibility"":0}","","","","","","","","","","",""
"69a7a4b14701d7b678dea5ca","pointArc_task_18","49","pixelResponse","pointArc","100","7127","7127","","","","","pointArc","","","","57"
"69a7a4b14701d7b678dea5ca","pointArc_task_18","49","numericResponse","pointArc","0.5","7127","7127","","","","","pointArc","","","","57"
"69a7a4b14701d7b678dea5ca","pointArc_task_18","49","windowEvents","pointArc","{""focus"":2,""input"":0,""keydown"":4,""keyup"":4,""mousemove"":48,""mousedown"":1,""mouseup"":2,""resize"":0,""scroll"":0,""visibility"":0}","","","","","","","","","","",""
"69a7a4b14701d7b678dea5ca","pointArc_task_45","50","pixelResponse","pointArc","140","3906","3906","","","","","pointArc","","","","140"
"69a7a4b14701d7b678dea5ca","pointArc_task_45","50","numericResponse","pointArc","0.3","3906","3906","","","","","pointArc","","","","140"
"69a7a4b14701d7b678dea5ca","pointArc_task_45","50","windowEvents","pointArc","{""focus"":3,""input"":0,""keydown"":1,""keyup"":1,""mousemove"":34,""mousedown"":2,""mouseup"":2,""resize"":0,""scroll"":0,""visibility"":0}","","","","","","","","","","",""
"69a7a4b14701d7b678dea5ca","pointArc_task_3","51","pixelResponse","pointArc","112.00000000000001","11089","11089","","","","","pointArc","","","","10"
"69a7a4b14701d7b678dea5ca","pointArc_task_3","51","numericResponse","pointArc","0.44","11089","11089","","","","","pointArc","","","","10"
"69a7a4b14701d7b678dea5ca","pointArc_task_3","51","windowEvents","pointArc","{""focus"":4,""input"":0,""keydown"":15,""keyup"":15,""mousemove"":57,""mousedown"":3,""mouseup"":2,""resize"":0,""scroll"":0,""visibility"":0}","","","","","","","","","","",""
"69a7a4b14701d7b678dea5ca","pointArc_task_8","52","pixelResponse","pointArc","116.00000000000001","5184","5184","","","","","pointArc","","","","23"
"69a7a4b14701d7b678dea5ca","pointArc_task_8","52","numericResponse","pointArc","0.42","5184","5184","","","","","pointArc","","","","23"
"69a7a4b14701d7b678dea5ca","pointArc_task_8","52","windowEvents","pointArc","{""focus"":3,""input"":0,""keydown"":4,""keyup"":4,""mousemove"":28,""mousedown"":2,""mouseup"":2,""resize"":0,""scroll"":0,""visibility"":0}","","","","","","","","","","",""
"69a7a4b14701d7b678dea5ca","pointArc_task_30","53","pixelResponse","pointArc","102","5024","5024","","","","","pointArc","","","","93"
"69a7a4b14701d7b678dea5ca","pointArc_task_30","53","numericResponse","pointArc","0.49","5024","5024","","","","","pointArc","","","","93"
"69a7a4b14701d7b678dea5ca","pointArc_task_30","53","windowEvents","pointArc","{""focus"":3,""input"":0,""keydown"":1,""keyup"":1,""mousemove"":39,""mousedown"":2,""mouseup"":2,""resize"":0,""scroll"":0,""visibility"":0}","","","","","","","","","","",""
"69a7a4b14701d7b678dea5ca","pointArc_task_7","54","pixelResponse","pointArc","98","6037","6037","","","","","pointArc","","","","22"
"69a7a4b14701d7b678dea5ca","pointArc_task_7","54","numericResponse","pointArc","0.51","6037","6037","","","","","pointArc","","","","22"
"69a7a4b14701d7b678dea5ca","pointArc_task_7","54","windowEvents","pointArc","{""focus"":2,""input"":0,""keydown"":4,""keyup"":4,""mousemove"":44,""mousedown"":1,""mouseup"":2,""resize"":0,""scroll"":0,""visibility"":0}","","","","","","","","","","",""
"69a7a4b14701d7b678dea5ca","pointArc_task_14","55","pixelResponse","pointArc","87.99999999999999","7042","7042","","","","","pointArc","","","","45"
"69a7a4b14701d7b678dea5ca","pointArc_task_14","55","numericResponse","pointArc","0.56","7042","7042","","","","","pointArc","","","","45"
"69a7a4b14701d7b678dea5ca","pointArc_task_14","55","windowEvents","pointArc","{""focus"":4,""input"":0,""keydown"":4,""keyup"":4,""mousemove"":41,""mousedown"":3,""mouseup"":2,""resize"":0,""scroll"":0,""visibility"":0}","","","","","","","","","","",""
"69a7a4b14701d7b678dea5ca","pointArc_task_42","56","pixelResponse","pointArc","104.00000000000001","5033","5033","","","","","pointArc","","","","129"
"69a7a4b14701d7b678dea5ca","pointArc_task_42","56","numericResponse","pointArc","0.48","5033","5033","","","","","pointArc","","","","129"
"69a7a4b14701d7b678dea5ca","pointArc_task_42","56","windowEvents","pointArc","{""focus"":3,""input"":0,""keydown"":4,""keyup"":4,""mousemove"":35,""mousedown"":2,""mouseup"":2,""resize"":0,""scroll"":0,""visibility"":0}","","","","","","","","","","",""
"69a7a4b14701d7b678dea5ca","pointArc_task_17","57","pixelResponse","pointArc","100","9942","9942","","","","","pointArc","","","","56"
"69a7a4b14701d7b678dea5ca","pointArc_task_17","57","numericResponse","pointArc","0.5","9942","9942","","","","","pointArc","","","","56"
"69a7a4b14701d7b678dea5ca","pointArc_task_17","57","windowEvents","pointArc","{""focus"":3,""input"":0,""keydown"":9,""keyup"":9,""mousemove"":51,""mousedown"":3,""mouseup"":3,""resize"":0,""scroll"":0,""visibility"":0}","","","","","","","","","","",""
"69a7a4b14701d7b678dea5ca","pointArc_task_9","58","pixelResponse","pointArc","104.00000000000001","7816","7816","","","","","pointArc","","","","32"
"69a7a4b14701d7b678dea5ca","pointArc_task_9","58","numericResponse","pointArc","0.48","7816","7816","","","","","pointArc","","","","32"
"69a7a4b14701d7b678dea5ca","pointArc_task_9","58","windowEvents","pointArc","{""focus"":3,""input"":0,""keydown"":4,""keyup"":4,""mousemove"":29,""mousedown"":2,""mouseup"":2,""resize"":0,""scroll"":0,""visibility"":0}","","","","","","","","","","",""
"69a7a4b14701d7b678dea5ca","pointArc_task_34","59","pixelResponse","pointArc","76","10234","10234","","","","","pointArc","","","","105"
"69a7a4b14701d7b678dea5ca","pointArc_task_34","59","numericResponse","pointArc","0.62","10234","10234","","","","","pointArc","","","","105"
"69a7a4b14701d7b678dea5ca","pointArc_task_34","59","windowEvents","pointArc","{""focus"":3,""input"":0,""keydown"":2,""keyup"":2,""mousemove"":70,""mousedown"":2,""mouseup"":2,""resize"":0,""scroll"":0,""visibility"":0}","","","","","","","","","","",""
"69a7a4b14701d7b678dea5ca","pointArc_task_43","60","pixelResponse","pointArc","78","7296","7296","","","","","pointArc","","","","130"
"69a7a4b14701d7b678dea5ca","pointArc_task_43","60","numericResponse","pointArc","0.61","7296","7296","","","","","pointArc","","","","130"
"69a7a4b14701d7b678dea5ca","pointArc_task_43","60","windowEvents","pointArc","{""focus"":2,""input"":0,""keydown"":8,""keyup"":8,""mousemove"":45,""mousedown"":1,""mouseup"":2,""resize"":0,""scroll"":0,""visibility"":0}","","","","","","","","","","",""
"69a7a4b14701d7b678dea5ca","pointArc_task_1","61","pixelResponse","pointArc","104.00000000000001","5130","5130","","","","","pointArc","","","","8"
"69a7a4b14701d7b678dea5ca","pointArc_task_1","61","numericResponse","pointArc","0.48","5130","5130","","","","","pointArc","","","","8"
"69a7a4b14701d7b678dea5ca","pointArc_task_1","61","windowEvents","pointArc","{""focus"":4,""input"":0,""keydown"":3,""keyup"":3,""mousemove"":39,""mousedown"":4,""mouseup"":3,""resize"":0,""scroll"":0,""visibility"":0}","","","","","","","","","","",""
"69a7a4b14701d7b678dea5ca","pointArc_task_37","62","pixelResponse","pointArc","104.00000000000001","10948","10948","","","","","pointArc","","","","116"
"69a7a4b14701d7b678dea5ca","pointArc_task_37","62","numericResponse","pointArc","0.48","10948","10948","","","","","pointArc","","","","116"
"69a7a4b14701d7b678dea5ca","pointArc_task_37","62","windowEvents","pointArc","{""focus"":3,""input"":0,""keydown"":2,""keyup"":2,""mousemove"":54,""mousedown"":3,""mouseup"":3,""resize"":0,""scroll"":0,""visibility"":0}","","","","","","","","","","",""
"69a7a4b14701d7b678dea5ca","pointArc_task_39","63","pixelResponse","pointArc","104.00000000000001","14604","14604","","","","","pointArc","","","","118"
"69a7a4b14701d7b678dea5ca","pointArc_task_39","63","numericResponse","pointArc","0.48","14604","14604","","","","","pointArc","","","","118"
"69a7a4b14701d7b678dea5ca","pointArc_task_39","63","windowEvents","pointArc","{""focus"":2,""input"":0,""keydown"":0,""keyup"":1,""mousemove"":55,""mousedown"":2,""mouseup"":3,""resize"":0,""scroll"":0,""visibility"":0}","","","","","","","","","","",""
"69a7a4b14701d7b678dea5ca","pointArc_task_28","64","pixelResponse","pointArc","116.00000000000001","29568","29568","","","","","pointArc","","","","83"
"69a7a4b14701d7b678dea5ca","pointArc_task_28","64","numericResponse","pointArc","0.42","29568","29568","","","","","pointArc","","","","83"
"69a7a4b14701d7b678dea5ca","pointArc_task_28","64","windowEvents","pointArc","{""focus"":7,""input"":0,""keydown"":9,""keyup"":9,""mousemove"":120,""mousedown"":6,""mouseup"":5,""resize"":0,""scroll"":0,""visibility"":0}","","","","","","","","","","",""
"69a7a4b14701d7b678dea5ca","pointArc_task_41","65","pixelResponse","pointArc","106","31125","31125","","","","","pointArc","","","","128"
"69a7a4b14701d7b678dea5ca","pointArc_task_41","65","numericResponse","pointArc","0.47","31125","31125","","","","","pointArc","","","","128"
"69a7a4b14701d7b678dea5ca","pointArc_task_41","65","windowEvents","pointArc","{""focus"":2,""input"":0,""keydown"":0,""keyup"":0,""mousemove"":51,""mousedown"":2,""mouseup"":2,""resize"":0,""scroll"":0,""visibility"":0}","","","","","","","","","","",""
"69a7a4b14701d7b678dea5ca","pointArc_task_20","66","pixelResponse","pointArc","120","23786","23786","","","","","pointArc","","","","59"
"69a7a4b14701d7b678dea5ca","pointArc_task_20","66","numericResponse","pointArc","0.4","23786","23786","","","","","pointArc","","","","59"
"69a7a4b14701d7b678dea5ca","pointArc_task_20","66","windowEvents","pointArc","{""focus"":5,""input"":0,""keydown"":9,""keyup"":9,""mousemove"":64,""mousedown"":5,""mouseup"":5,""resize"":0,""scroll"":0,""visibility"":0}","","","","","","","","","","",""
"69a7a4b14701d7b678dea5ca","pointArc_task_22","67","pixelResponse","pointArc","86","9045","9045","","","","","pointArc","","","","69"
"69a7a4b14701d7b678dea5ca","pointArc_task_22","67","numericResponse","pointArc","0.57","9045","9045","","","","","pointArc","","","","69"
"69a7a4b14701d7b678dea5ca","pointArc_task_22","67","windowEvents","pointArc","{""focus"":2,""input"":0,""keydown"":10,""keyup"":7,""mousemove"":46,""mousedown"":2,""mouseup"":3,""resize"":0,""scroll"":0,""visibility"":0}","","","","","","","","","","",""
"69a7a4b14701d7b678dea5ca","pointArc_task_4","68","pixelResponse","pointArc","116.00000000000001","7299","7299","","","","","pointArc","","","","11"
"69a7a4b14701d7b678dea5ca","pointArc_task_4","68","numericResponse","pointArc","0.42","7299","7299","","","","","pointArc","","","","11"
"69a7a4b14701d7b678dea5ca","pointArc_task_4","68","windowEvents","pointArc","{""focus"":3,""input"":0,""keydown"":4,""keyup"":4,""mousemove"":36,""mousedown"":4,""mouseup"":4,""resize"":0,""scroll"":0,""visibility"":0}","","","","","","","","","","",""
"69a7a4b14701d7b678dea5ca","pointArc_task_47","69","pixelResponse","pointArc","135.99999999999997","6861","6861","","","","","pointArc","","","","142"
"69a7a4b14701d7b678dea5ca","pointArc_task_47","69","numericResponse","pointArc","0.32","6861","6861","","","","","pointArc","","","","142"
"69a7a4b14701d7b678dea5ca","pointArc_task_47","69","windowEvents","pointArc","{""focus"":3,""input"":0,""keydown"":9,""keyup"":9,""mousemove"":43,""mousedown"":2,""mouseup"":2,""resize"":0,""scroll"":0,""visibility"":0}","","","","","","","","","","",""
"69a7a4b14701d7b678dea5ca","pointArc_task_25","70","pixelResponse","pointArc","131.99999999999997","5742","5742","","","","","pointArc","","","","80"
"69a7a4b14701d7b678dea5ca","pointArc_task_25","70","numericResponse","pointArc","0.34","5742","5742","","","","","pointArc","","","","80"
"69a7a4b14701d7b678dea5ca","pointArc_task_25","70","windowEvents","pointArc","{""focus"":3,""input"":0,""keydown"":5,""keyup"":3,""mousemove"":41,""mousedown"":2,""mouseup"":2,""resize"":0,""scroll"":0,""visibility"":0}","","","","","","","","","","",""
"69a7a4b14701d7b678dea5ca","pointArc_task_32","71","pixelResponse","pointArc","108","6796","6796","","","","","pointArc","","","","95"
"69a7a4b14701d7b678dea5ca","pointArc_task_32","71","numericResponse","pointArc","0.46","6796","6796","","","","","pointArc","","","","95"
"69a7a4b14701d7b678dea5ca","pointArc_task_32","71","windowEvents","pointArc","{""focus"":3,""input"":0,""keydown"":3,""keyup"":3,""mousemove"":48,""mousedown"":2,""mouseup"":2,""resize"":0,""scroll"":0,""visibility"":0}","","","","","","","","","","",""
"69a7a4b14701d7b678dea5ca","post_study","72","gender","pointArc","Male","7325","7325","","","","","","","","",""
"69a7a4b14701d7b678dea5ca","post_study","72","gender-other","pointArc","","7325","7325","","","","","","","","",""
"69a7a4b14701d7b678dea5ca","post_study","72","age","pointArc","34","7325","7325","","","","","","","","",""
"69a7a4b14701d7b678dea5ca","post_study","72","feedback","pointArc","No","7325","7325","","","","","","","","",""
"69a7a4b14701d7b678dea5ca","post_study","72","feedback-text","pointArc","","7325","7325","","","","","","","","",""
"69a7a4b14701d7b678dea5ca","post_study","72","strategy","pointArc","","7325","7325","","","","","","","","",""
"69a7a4b14701d7b678dea5ca","post_study","72","windowEvents","pointArc","{""focus"":5,""input"":4,""keydown"":2,""keyup"":2,""mousemove"":57,""mousedown"":5,""mouseup"":4,""resize"":0,""scroll"":0,""visibility"":0}","","","","","","","","","","",""
"69b1693b2eda15f31fb40cbd","participantTags","","participantTags","default","[""virtual-chinrest""]","","","","","","","","","","",""
"69b1693b2eda15f31fb40cbd","introduction","0","prolificId","default","69b1693b2eda15f31fb40cbd","149908","149908","","","","","","","","",""
"69b1693b2eda15f31fb40cbd","introduction","0","windowEvents","default","{""focus"":1,""input"":0,""keydown"":0,""keyup"":0,""mousemove"":12,""mousedown"":1,""mouseup"":0,""resize"":0,""scroll"":0,""visibility"":0}","","","","","","","","","","",""
"69b1693b2eda15f31fb40cbd","consent","1","consentApproval","default","Accept","7022","7022","","","","","","","","",""
"69b1693b2eda15f31fb40cbd","consent","1","windowEvents","default","{""focus"":2,""input"":1,""keydown"":0,""keyup"":0,""mousemove"":47,""mousedown"":2,""mouseup"":2,""resize"":0,""scroll"":16,""visibility"":0}","","","","","","","","","","",""
"69b1693b2eda15f31fb40cbd","chinrest_intro","2","","default","","5920","5920","","","","","","","","",""
"69b1693b2eda15f31fb40cbd","chinrest_intro","2","windowEvents","default","{""focus"":1,""input"":0,""keydown"":0,""keyup"":0,""mousemove"":23,""mousedown"":1,""mouseup"":1,""resize"":0,""scroll"":1,""visibility"":0}","","","","","","","","","","",""
"69b1693b2eda15f31fb40cbd","$virtual-chinrest.components.card-size","3","pixelsPerMM","default","2.6985981308411215","51571","51571","pixelsPerMM","85.6","53.98","","","","","",""
"69b1693b2eda15f31fb40cbd","$virtual-chinrest.components.card-size","3","windowEvents","default","{""focus"":4,""input"":0,""keydown"":0,""keyup"":0,""mousemove"":225,""mousedown"":10,""mouseup"":11,""resize"":0,""scroll"":0,""visibility"":0}","","","","","","","","","","",""
"69b1693b2eda15f31fb40cbd","$virtual-chinrest.components.blindspot-distance","4","dist-calibration-MM","default","713.7167226486911","70400","70400","","","","13.5","","","","",""
"69b1693b2eda15f31fb40cbd","$virtual-chinrest.components.blindspot-distance","4","dist-calibration-CM","default","71.3716722648691","70400","70400","","","","13.5","","","","",""
"69b1693b2eda15f31fb40cbd","$virtual-chinrest.components.blindspot-distance","4","ball-positions","default","[882,926,906,954,920]","70400","70400","","","","13.5","","","","",""
"69b1693b2eda15f31fb40cbd","$virtual-chinrest.components.blindspot-distance","4","square-position","default","1380","70400","70400","","","","13.5","","","","",""
"69b1693b2eda15f31fb40cbd","$virtual-chinrest.components.blindspot-distance","4","windowEvents","default","{""focus"":1,""input"":0,""keydown"":10,""keyup"":10,""mousemove"":41,""mousedown"":1,""mouseup"":1,""resize"":0,""scroll"":0,""visibility"":0}","","","","","","","","","","",""
"69b1693b2eda15f31fb40cbd","study_overview","5","","default","","10468","10468","","","","","","","","",""
"69b1693b2eda15f31fb40cbd","study_overview","5","windowEvents","default","{""focus"":2,""input"":0,""keydown"":0,""keyup"":0,""mousemove"":76,""mousedown"":21,""mouseup"":19,""resize"":0,""scroll"":0,""visibility"":0}","","","","","","","","","","",""
"69b1693b2eda15f31fb40cbd","task1_intro","6","","default","","20483","20483","","","","","","","","",""
"69b1693b2eda15f31fb40cbd","task1_intro","6","windowEvents","default","{""focus"":2,""input"":0,""keydown"":0,""keyup"":0,""mousemove"":55,""mousedown"":1,""mouseup"":2,""resize"":0,""scroll"":0,""visibility"":0}","","","","","","","","","","",""
"69b1693b2eda15f31fb40cbd","block5_train_1","7","location-x","default","0.25","51489","51489","","","","","Block5","true","0.25","4.5",""
"69b1693b2eda15f31fb40cbd","block5_train_1","7","location-y","default","4.5","51489","51489","","","","","Block5","true","0.25","4.5",""
"69b1693b2eda15f31fb40cbd","block5_train_1","7","slider-x","default","0.25","51489","51489","","","","","Block5","true","0.25","4.5",""
"69b1693b2eda15f31fb40cbd","block5_train_1","7","slider-y","default","4.5","51489","51489","","","","","Block5","true","0.25","4.5",""
"69b1693b2eda15f31fb40cbd","block5_train_1","7","px-slider-x","default","330.875","51489","51489","","","","","Block5","true","0.25","4.5",""
"69b1693b2eda15f31fb40cbd","block5_train_1","7","px-slider-y","default","232.25000000000003","51489","51489","","","","","Block5","true","0.25","4.5",""
"69b1693b2eda15f31fb40cbd","block5_train_1","7","px-location-x","default","330.875","51489","51489","","","","","Block5","true","0.25","4.5",""
"69b1693b2eda15f31fb40cbd","block5_train_1","7","px-location-y","default","232.25000000000003","51489","51489","","","","","Block5","true","0.25","4.5",""
"69b1693b2eda15f31fb40cbd","block5_train_1","7","windowEvents","default","{""focus"":6,""input"":0,""keydown"":0,""keyup"":0,""mousemove"":250,""mousedown"":16,""mouseup"":15,""resize"":0,""scroll"":13,""visibility"":0}","","","","","","","","","","",""
"69b1693b2eda15f31fb40cbd","block5_train_2","8","location-x","default","-1.5","53339","53339","","","","","Block5","true","-1.5","7.2",""
"69b1693b2eda15f31fb40cbd","block5_train_2","8","location-y","default","7.2","53339","53339","","","","","Block5","true","-1.5","7.2",""
"69b1693b2eda15f31fb40cbd","block5_train_2","8","slider-x","default","-1.5","53339","53339","","","","","Block5","true","-1.5","7.2",""
"69b1693b2eda15f31fb40cbd","block5_train_2","8","slider-y","default","7.2","53339","53339","","","","","Block5","true","-1.5","7.2",""
"69b1693b2eda15f31fb40cbd","block5_train_2","8","px-slider-x","default","237.25","53339","53339","","","","","Block5","true","-1.5","7.2",""
"69b1693b2eda15f31fb40cbd","block5_train_2","8","px-slider-y","default","125.60000000000001","53339","53339","","","","","Block5","true","-1.5","7.2",""
"69b1693b2eda15f31fb40cbd","block5_train_2","8","px-location-x","default","237.25","53339","53339","","","","","Block5","true","-1.5","7.2",""
"69b1693b2eda15f31fb40cbd","block5_train_2","8","px-location-y","default","125.60000000000001","53339","53339","","","","","Block5","true","-1.5","7.2",""
"69b1693b2eda15f31fb40cbd","block5_train_2","8","windowEvents","default","{""focus"":7,""input"":0,""keydown"":0,""keyup"":0,""mousemove"":172,""mousedown"":12,""mouseup"":12,""resize"":0,""scroll"":9,""visibility"":0}","","","","","","","","","","",""
"69b1693b2eda15f31fb40cbd","task1_test_intro","9","","default","","6868","6868","","","","","","","","",""
"69b1693b2eda15f31fb40cbd","task1_test_intro","9","windowEvents","default","{""focus"":0,""input"":0,""keydown"":0,""keyup"":0,""mousemove"":23,""mousedown"":0,""mouseup"":1,""resize"":0,""scroll"":1,""visibility"":0}","","","","","","","","","","",""
"69b1693b2eda15f31fb40cbd","block5_test_8","10","location-x","default","4.84","23682","23682","","","","","Block5","false","","",""
"69b1693b2eda15f31fb40cbd","block5_test_8","10","location-y","default","1.01","23682","23682","","","","","Block5","false","","",""
"69b1693b2eda15f31fb40cbd","block5_test_8","10","slider-x","default","4.83","23682","23682","","","","","Block5","false","","",""
"69b1693b2eda15f31fb40cbd","block5_test_8","10","slider-y","default","1","23682","23682","","","","","Block5","false","","",""
"69b1693b2eda15f31fb40cbd","block5_test_8","10","px-slider-x","default","575.905","23682","23682","","","","","Block5","false","","",""
"69b1693b2eda15f31fb40cbd","block5_test_8","10","px-slider-y","default","370.5","23682","23682","","","","","Block5","false","","",""
"69b1693b2eda15f31fb40cbd","block5_test_8","10","px-location-x","default","576.4399999999999","23682","23682","","","","","Block5","false","","",""
"69b1693b2eda15f31fb40cbd","block5_test_8","10","px-location-y","default","370.105","23682","23682","","","","","Block5","false","","",""
"69b1693b2eda15f31fb40cbd","block5_test_8","10","windowEvents","default","{""focus"":5,""input"":0,""keydown"":0,""keyup"":0,""mousemove"":104,""mousedown"":6,""mouseup"":6,""resize"":0,""scroll"":0,""visibility"":0}","","","","","","","","","","",""
"69b1693b2eda15f31fb40cbd","block5_test_7","11","location-x","default","1.89","11389","11389","","","","","Block5","false","","",""
"69b1693b2eda15f31fb40cbd","block5_test_7","11","location-y","default","6.04","11389","11389","","","","","Block5","false","","",""
"69b1693b2eda15f31fb40cbd","block5_test_7","11","slider-x","default","1.94","11389","11389","","","","","Block5","false","","",""
"69b1693b2eda15f31fb40cbd","block5_test_7","11","slider-y","default","5.95","11389","11389","","","","","Block5","false","","",""
"69b1693b2eda15f31fb40cbd","block5_test_7","11","px-slider-x","default","421.28999999999996","11389","11389","","","","","Block5","false","","",""
"69b1693b2eda15f31fb40cbd","block5_test_7","11","px-slider-y","default","174.97500000000002","11389","11389","","","","","Block5","false","","",""
"69b1693b2eda15f31fb40cbd","block5_test_7","11","px-location-x","default","418.61499999999995","11389","11389","","","","","Block5","false","","",""
"69b1693b2eda15f31fb40cbd","block5_test_7","11","px-location-y","default","171.42000000000002","11389","11389","","","","","Block5","false","","",""
"69b1693b2eda15f31fb40cbd","block5_test_7","11","windowEvents","default","{""focus"":3,""input"":0,""keydown"":0,""keyup"":0,""mousemove"":61,""mousedown"":3,""mouseup"":3,""resize"":0,""scroll"":0,""visibility"":0}","","","","","","","","","","",""
"69b1693b2eda15f31fb40cbd","block5_test_4","12","location-x","default","-3.24","28902","28902","","","","","Block5","false","","",""
"69b1693b2eda15f31fb40cbd","block5_test_4","12","location-y","default","5.54","28902","28902","","","","","Block5","false","","",""
"69b1693b2eda15f31fb40cbd","block5_test_4","12","slider-x","default","-3.21","28902","28902","","","","","Block5","false","","",""
"69b1693b2eda15f31fb40cbd","block5_test_4","12","slider-y","default","5.55","28902","28902","","","","","Block5","false","","",""
"69b1693b2eda15f31fb40cbd","block5_test_4","12","px-slider-x","default","145.765","28902","28902","","","","","Block5","false","","",""
"69b1693b2eda15f31fb40cbd","block5_test_4","12","px-slider-y","default","190.775","28902","28902","","","","","Block5","false","","",""
"69b1693b2eda15f31fb40cbd","block5_test_4","12","px-location-x","default","144.16","28902","28902","","","","","Block5","false","","",""
"69b1693b2eda15f31fb40cbd","block5_test_4","12","px-location-y","default","191.17","28902","28902","","","","","Block5","false","","",""
"69b1693b2eda15f31fb40cbd","block5_test_4","12","windowEvents","default","{""focus"":4,""input"":0,""keydown"":0,""keyup"":0,""mousemove"":76,""mousedown"":7,""mouseup"":7,""resize"":0,""scroll"":0,""visibility"":0}","","","","","","","","","","",""
"69b1693b2eda15f31fb40cbd","block5_test_1","13","location-x","default","3.29","12210","12210","","","","","Block5","false","","",""
"69b1693b2eda15f31fb40cbd","block5_test_1","13","location-y","default","9.16","12210","12210","","","","","Block5","false","","",""
"69b1693b2eda15f31fb40cbd","block5_test_1","13","slider-x","default","3.61","12210","12210","","","","","Block5","false","","",""
"69b1693b2eda15f31fb40cbd","block5_test_1","13","slider-y","default","8.9","12210","12210","","","","","Block5","false","","",""
"69b1693b2eda15f31fb40cbd","block5_test_1","13","px-slider-x","default","510.635","12210","12210","","","","","Block5","false","","",""
"69b1693b2eda15f31fb40cbd","block5_test_1","13","px-slider-y","default","58.449999999999996","12210","12210","","","","","Block5","false","","",""
"69b1693b2eda15f31fb40cbd","block5_test_1","13","px-location-x","default","493.515","12210","12210","","","","","Block5","false","","",""
"69b1693b2eda15f31fb40cbd","block5_test_1","13","px-location-y","default","48.179999999999986","12210","12210","","","","","Block5","false","","",""
"69b1693b2eda15f31fb40cbd","block5_test_1","13","windowEvents","default","{""focus"":4,""input"":0,""keydown"":0,""keyup"":0,""mousemove"":65,""mousedown"":4,""mouseup"":3,""resize"":0,""scroll"":0,""visibility"":0}","","","","","","","","","","",""
"69b1693b2eda15f31fb40cbd","block5_test_6","14","location-x","default","-1.05","21017","21017","","","","","Block5","false","","",""
"69b1693b2eda15f31fb40cbd","block5_test_6","14","location-y","default","3.42","21017","21017","","","","","Block5","false","","",""
"69b1693b2eda15f31fb40cbd","block5_test_6","14","slider-x","default","-1.05","21017","21017","","","","","Block5","false","","",""
"69b1693b2eda15f31fb40cbd","block5_test_6","14","slider-y","default","3.31","21017","21017","","","","","Block5","false","","",""
"69b1693b2eda15f31fb40cbd","block5_test_6","14","px-slider-x","default","261.32500000000005","21017","21017","","","","","Block5","false","","",""
"69b1693b2eda15f31fb40cbd","block5_test_6","14","px-slider-y","default","279.255","21017","21017","","","","","Block5","false","","",""
"69b1693b2eda15f31fb40cbd","block5_test_6","14","px-location-x","default","261.32500000000005","21017","21017","","","","","Block5","false","","",""
"69b1693b2eda15f31fb40cbd","block5_test_6","14","px-location-y","default","274.91","21017","21017","","","","","Block5","false","","",""
"69b1693b2eda15f31fb40cbd","block5_test_6","14","windowEvents","default","{""focus"":2,""input"":0,""keydown"":0,""keyup"":0,""mousemove"":47,""mousedown"":2,""mouseup"":3,""resize"":0,""scroll"":0,""visibility"":0}","","","","","","","","","","",""
"69b1693b2eda15f31fb40cbd","block5_test_9","15","location-x","default","4.51","7844","7844","","","","","Block5","false","","",""
"69b1693b2eda15f31fb40cbd","block5_test_9","15","location-y","default","7.44","7844","7844","","","","","Block5","false","","",""
"69b1693b2eda15f31fb40cbd","block5_test_9","15","slider-x","default","4.58","7844","7844","","","","","Block5","false","","",""
"69b1693b2eda15f31fb40cbd","block5_test_9","15","slider-y","default","7.38","7844","7844","","","","","Block5","false","","",""
"69b1693b2eda15f31fb40cbd","block5_test_9","15","px-slider-x","default","562.53","7844","7844","","","","","Block5","false","","",""
"69b1693b2eda15f31fb40cbd","block5_test_9","15","px-slider-y","default","118.49000000000001","7844","7844","","","","","Block5","false","","",""
"69b1693b2eda15f31fb40cbd","block5_test_9","15","px-location-x","default","558.785","7844","7844","","","","","Block5","false","","",""
"69b1693b2eda15f31fb40cbd","block5_test_9","15","px-location-y","default","116.12","7844","7844","","","","","Block5","false","","",""
"69b1693b2eda15f31fb40cbd","block5_test_9","15","windowEvents","default","{""focus"":3,""input"":0,""keydown"":0,""keyup"":0,""mousemove"":48,""mousedown"":3,""mouseup"":3,""resize"":0,""scroll"":0,""visibility"":0}","","","","","","","","","","",""
"69b1693b2eda15f31fb40cbd","block5_test_2","16","location-x","default","-3.79","13611","13611","","","","","Block5","false","","",""
"69b1693b2eda15f31fb40cbd","block5_test_2","16","location-y","default","7.6","13611","13611","","","","","Block5","false","","",""
"69b1693b2eda15f31fb40cbd","block5_test_2","16","slider-x","default","-3.77","13611","13611","","","","","Block5","false","","",""
"69b1693b2eda15f31fb40cbd","block5_test_2","16","slider-y","default","7.53","13611","13611","","","","","Block5","false","","",""
"69b1693b2eda15f31fb40cbd","block5_test_2","16","px-slider-x","default","115.805","13611","13611","","","","","Block5","false","","",""
"69b1693b2eda15f31fb40cbd","block5_test_2","16","px-slider-y","default","112.565","13611","13611","","","","","Block5","false","","",""
"69b1693b2eda15f31fb40cbd","block5_test_2","16","px-location-x","default","114.735","13611","13611","","","","","Block5","false","","",""
"69b1693b2eda15f31fb40cbd","block5_test_2","16","px-location-y","default","109.8","13611","13611","","","","","Block5","false","","",""
"69b1693b2eda15f31fb40cbd","block5_test_2","16","windowEvents","default","{""focus"":3,""input"":0,""keydown"":0,""keyup"":0,""mousemove"":46,""mousedown"":3,""mouseup"":3,""resize"":0,""scroll"":0,""visibility"":0}","","","","","","","","","","",""
"69b1693b2eda15f31fb40cbd","block5_test_3","17","location-x","default","0.33","47285","47285","","","","","Block5","false","","",""
"69b1693b2eda15f31fb40cbd","block5_test_3","17","location-y","default","7.09","47285","47285","","","","","Block5","false","","",""
"69b1693b2eda15f31fb40cbd","block5_test_3","17","slider-x","default","0.41","47285","47285","","","","","Block5","false","","",""
"69b1693b2eda15f31fb40cbd","block5_test_3","17","slider-y","default","6.94","47285","47285","","","","","Block5","false","","",""
"69b1693b2eda15f31fb40cbd","block5_test_3","17","px-slider-x","default","339.435","47285","47285","","","","","Block5","false","","",""
"69b1693b2eda15f31fb40cbd","block5_test_3","17","px-slider-y","default","135.86999999999998","47285","47285","","","","","Block5","false","","",""
"69b1693b2eda15f31fb40cbd","block5_test_3","17","px-location-x","default","335.15500000000003","47285","47285","","","","","Block5","false","","",""
"69b1693b2eda15f31fb40cbd","block5_test_3","17","px-location-y","default","129.94500000000002","47285","47285","","","","","Block5","false","","",""
"69b1693b2eda15f31fb40cbd","block5_test_3","17","windowEvents","default","{""focus"":3,""input"":0,""keydown"":0,""keyup"":0,""mousemove"":80,""mousedown"":3,""mouseup"":3,""resize"":0,""scroll"":0,""visibility"":0}","","","","","","","","","","",""
"69b1693b2eda15f31fb40cbd","block5_test_10","18","location-x","default","0.24","6902","6902","","","","","Block5","false","","",""
"69b1693b2eda15f31fb40cbd","block5_test_10","18","location-y","default","2.02","6902","6902","","","","","Block5","false","","",""
"69b1693b2eda15f31fb40cbd","block5_test_10","18","slider-x","default","0.24","6902","6902","","","","","Block5","false","","",""
"69b1693b2eda15f31fb40cbd","block5_test_10","18","slider-y","default","1.93","6902","6902","","","","","Block5","false","","",""
"69b1693b2eda15f31fb40cbd","block5_test_10","18","px-slider-x","default","330.34000000000003","6902","6902","","","","","Block5","false","","",""
"69b1693b2eda15f31fb40cbd","block5_test_10","18","px-slider-y","default","333.76499999999993","6902","6902","","","","","Block5","false","","",""
"69b1693b2eda15f31fb40cbd","block5_test_10","18","px-location-x","default","330.34000000000003","6902","6902","","","","","Block5","false","","",""
"69b1693b2eda15f31fb40cbd","block5_test_10","18","px-location-y","default","330.21","6902","6902","","","","","Block5","false","","",""
"69b1693b2eda15f31fb40cbd","block5_test_10","18","windowEvents","default","{""focus"":3,""input"":0,""keydown"":0,""keyup"":0,""mousemove"":41,""mousedown"":3,""mouseup"":3,""resize"":0,""scroll"":0,""visibility"":0}","","","","","","","","","","",""
"69b1693b2eda15f31fb40cbd","block5_test_5","19","location-x","default","2.97","7737","7737","","","","","Block5","false","","",""
"69b1693b2eda15f31fb40cbd","block5_test_5","19","location-y","default","1.01","7737","7737","","","","","Block5","false","","",""
"69b1693b2eda15f31fb40cbd","block5_test_5","19","slider-x","default","3","7737","7737","","","","","Block5","false","","",""
"69b1693b2eda15f31fb40cbd","block5_test_5","19","slider-y","default","1","7737","7737","","","","","Block5","false","","",""
"69b1693b2eda15f31fb40cbd","block5_test_5","19","px-slider-x","default","478","7737","7737","","","","","Block5","false","","",""
"69b1693b2eda15f31fb40cbd","block5_test_5","19","px-slider-y","default","370.5","7737","7737","","","","","Block5","false","","",""
"69b1693b2eda15f31fb40cbd","block5_test_5","19","px-location-x","default","476.395","7737","7737","","","","","Block5","false","","",""
"69b1693b2eda15f31fb40cbd","block5_test_5","19","px-location-y","default","370.105","7737","7737","","","","","Block5","false","","",""
"69b1693b2eda15f31fb40cbd","block5_test_5","19","windowEvents","default","{""focus"":3,""input"":0,""keydown"":0,""keyup"":0,""mousemove"":54,""mousedown"":4,""mouseup"":4,""resize"":0,""scroll"":0,""visibility"":0}","","","","","","","","","","",""
"69b1693b2eda15f31fb40cbd","task2_intro","20","","default","","6647","6647","","","","","","","","",""
"69b1693b2eda15f31fb40cbd","task2_intro","20","windowEvents","default","{""focus"":1,""input"":0,""keydown"":0,""keyup"":0,""mousemove"":14,""mousedown"":1,""mouseup"":1,""resize"":0,""scroll"":0,""visibility"":0}","","","","","","","","","","",""
"69b1693b2eda15f31fb40cbd","moritz_train_pointArc_1","21","pixelResponse","default","98","31986","31986","","","","","point","true","","","4"
"69b1693b2eda15f31fb40cbd","moritz_train_pointArc_1","21","numericResponse","default","0.51","31986","31986","","","","","point","true","","","4"
"69b1693b2eda15f31fb40cbd","moritz_train_pointArc_1","21","windowEvents","default","{""focus"":4,""input"":0,""keydown"":0,""keyup"":0,""mousemove"":175,""mousedown"":14,""mouseup"":14,""resize"":0,""scroll"":0,""visibility"":0}","","","","","","","","","","",""
"69b1693b2eda15f31fb40cbd","moritz_train_pointArc_2","22","pixelResponse","default","102","29866","29866","","","","","point","true","","","5"
"69b1693b2eda15f31fb40cbd","moritz_train_pointArc_2","22","numericResponse","default","0.49","29866","29866","","","","","point","true","","","5"
"69b1693b2eda15f31fb40cbd","moritz_train_pointArc_2","22","windowEvents","default","{""focus"":5,""input"":0,""keydown"":25,""keyup"":18,""mousemove"":125,""mousedown"":12,""mouseup"":11,""resize"":0,""scroll"":0,""visibility"":0}","","","","","","","","","","",""
"69b1693b2eda15f31fb40cbd","task2_test_intro","23","","default","","4195","4195","","","","","","","","",""
"69b1693b2eda15f31fb40cbd","task2_test_intro","23","windowEvents","default","{""focus"":0,""input"":0,""keydown"":0,""keyup"":0,""mousemove"":15,""mousedown"":0,""mouseup"":1,""resize"":0,""scroll"":0,""visibility"":0}","","","","","","","","","","",""
"69b1693b2eda15f31fb40cbd","pointArc_task_9","24","pixelResponse","default","114.00000000000001","6761","6761","","","","","pointArc","","","","32"
"69b1693b2eda15f31fb40cbd","pointArc_task_9","24","numericResponse","default","0.43","6761","6761","","","","","pointArc","","","","32"
"69b1693b2eda15f31fb40cbd","pointArc_task_9","24","windowEvents","default","{""focus"":3,""input"":0,""keydown"":5,""keyup"":5,""mousemove"":20,""mousedown"":2,""mouseup"":2,""resize"":0,""scroll"":0,""visibility"":0}","","","","","","","","","","",""
"69b1693b2eda15f31fb40cbd","pointArc_task_40","25","pixelResponse","default","106","16148","16148","","","","","pointArc","","","","119"
"69b1693b2eda15f31fb40cbd","pointArc_task_40","25","numericResponse","default","0.47","16148","16148","","","","","pointArc","","","","119"
"69b1693b2eda15f31fb40cbd","pointArc_task_40","25","windowEvents","default","{""focus"":3,""input"":0,""keydown"":26,""keyup"":20,""mousemove"":14,""mousedown"":2,""mouseup"":2,""resize"":0,""scroll"":0,""visibility"":0}","","","","","","","","","","",""
"69b1693b2eda15f31fb40cbd","pointArc_task_13","26","pixelResponse","default","104.00000000000001","12353","12353","","","","","pointArc","","","","44"
"69b1693b2eda15f31fb40cbd","pointArc_task_13","26","numericResponse","default","0.48","12353","12353","","","","","pointArc","","","","44"
"69b1693b2eda15f31fb40cbd","pointArc_task_13","26","windowEvents","default","{""focus"":3,""input"":0,""keydown"":13,""keyup"":13,""mousemove"":25,""mousedown"":2,""mouseup"":2,""resize"":0,""scroll"":0,""visibility"":0}","","","","","","","","","","",""
"69b1693b2eda15f31fb40cbd","pointArc_task_32","27","pixelResponse","default","108","3027","3027","","","","","pointArc","","","","95"
"69b1693b2eda15f31fb40cbd","pointArc_task_32","27","numericResponse","default","0.46","3027","3027","","","","","pointArc","","","","95"
"69b1693b2eda15f31fb40cbd","pointArc_task_32","27","windowEvents","default","{""focus"":2,""input"":0,""keydown"":0,""keyup"":0,""mousemove"":21,""mousedown"":2,""mouseup"":2,""resize"":0,""scroll"":0,""visibility"":0}","","","","","","","","","","",""
"69b1693b2eda15f31fb40cbd","pointArc_task_33","28","pixelResponse","default","162","16714","16714","","","","","pointArc","","","","104"
"69b1693b2eda15f31fb40cbd","pointArc_task_33","28","numericResponse","default","0.19","16714","16714","","","","","pointArc","","","","104"
"69b1693b2eda15f31fb40cbd","pointArc_task_33","28","windowEvents","default","{""focus"":2,""input"":0,""keydown"":0,""keyup"":0,""mousemove"":53,""mousedown"":2,""mouseup"":2,""resize"":0,""scroll"":0,""visibility"":0}","","","","","","","","","","",""
"69b1693b2eda15f31fb40cbd","pointArc_task_18","29","pixelResponse","default","106","5907","5907","","","","","pointArc","","","","57"
"69b1693b2eda15f31fb40cbd","pointArc_task_18","29","numericResponse","default","0.47","5907","5907","","","","","pointArc","","","","57"
"69b1693b2eda15f31fb40cbd","pointArc_task_18","29","windowEvents","default","{""focus"":2,""input"":0,""keydown"":0,""keyup"":0,""mousemove"":34,""mousedown"":2,""mouseup"":2,""resize"":0,""scroll"":0,""visibility"":0}","","","","","","","","","","",""
"69b1693b2eda15f31fb40cbd","pointArc_task_19","30","pixelResponse","default","84.00000000000001","4871","4871","","","","","pointArc","","","","58"
"69b1693b2eda15f31fb40cbd","pointArc_task_19","30","numericResponse","default","0.58","4871","4871","","","","","pointArc","","","","58"
"69b1693b2eda15f31fb40cbd","pointArc_task_19","30","windowEvents","default","{""focus"":2,""input"":0,""keydown"":0,""keyup"":0,""mousemove"":33,""mousedown"":3,""mouseup"":3,""resize"":0,""scroll"":0,""visibility"":0}","","","","","","","","","","",""
"69b1693b2eda15f31fb40cbd","pointArc_task_27","31","pixelResponse","default","128","4074","4074","","","","","pointArc","","","","82"
"69b1693b2eda15f31fb40cbd","pointArc_task_27","31","numericResponse","default","0.36","4074","4074","","","","","pointArc","","","","82"
"69b1693b2eda15f31fb40cbd","pointArc_task_27","31","windowEvents","default","{""focus"":3,""input"":0,""keydown"":0,""keyup"":0,""mousemove"":30,""mousedown"":4,""mouseup"":3,""resize"":0,""scroll"":0,""visibility"":0}","","","","","","","","","","",""
"69b1693b2eda15f31fb40cbd","pointArc_task_44","32","pixelResponse","default","135.99999999999997","3776","3776","","","","","pointArc","","","","131"
"69b1693b2eda15f31fb40cbd","pointArc_task_44","32","numericResponse","default","0.32","3776","3776","","","","","pointArc","","","","131"
"69b1693b2eda15f31fb40cbd","pointArc_task_44","32","windowEvents","default","{""focus"":1,""input"":0,""keydown"":0,""keyup"":0,""mousemove"":27,""mousedown"":1,""mouseup"":2,""resize"":0,""scroll"":0,""visibility"":0}","","","","","","","","","","",""
"69b1693b2eda15f31fb40cbd","pointArc_task_6","33","pixelResponse","default","94","6208","6208","","","","","pointArc","","","","21"
"69b1693b2eda15f31fb40cbd","pointArc_task_6","33","numericResponse","default","0.53","6208","6208","","","","","pointArc","","","","21"
"69b1693b2eda15f31fb40cbd","pointArc_task_6","33","windowEvents","default","{""focus"":2,""input"":0,""keydown"":0,""keyup"":0,""mousemove"":36,""mousedown"":2,""mouseup"":2,""resize"":0,""scroll"":0,""visibility"":0}","","","","","","","","","","",""
"69b1693b2eda15f31fb40cbd","pointArc_task_46","34","pixelResponse","default","70","4086","4086","","","","","pointArc","","","","141"
"69b1693b2eda15f31fb40cbd","pointArc_task_46","34","numericResponse","default","0.65","4086","4086","","","","","pointArc","","","","141"
"69b1693b2eda15f31fb40cbd","pointArc_task_46","34","windowEvents","default","{""focus"":2,""input"":0,""keydown"":0,""keyup"":0,""mousemove"":28,""mousedown"":2,""mouseup"":2,""resize"":0,""scroll"":0,""visibility"":0}","","","","","","","","","","",""
"69b1693b2eda15f31fb40cbd","pointArc_task_45","35","pixelResponse","default","138","4240","4240","","","","","pointArc","","","","140"
"69b1693b2eda15f31fb40cbd","pointArc_task_45","35","numericResponse","default","0.31","4240","4240","","","","","pointArc","","","","140"
"69b1693b2eda15f31fb40cbd","pointArc_task_45","35","windowEvents","default","{""focus"":3,""input"":0,""keydown"":0,""keyup"":0,""mousemove"":32,""mousedown"":4,""mouseup"":4,""resize"":0,""scroll"":0,""visibility"":0}","","","","","","","","","","",""
"69b1693b2eda15f31fb40cbd","pointArc_task_17","36","pixelResponse","default","82.00000000000001","4477","4477","","","","","pointArc","","","","56"
"69b1693b2eda15f31fb40cbd","pointArc_task_17","36","numericResponse","default","0.59","4477","4477","","","","","pointArc","","","","56"
"69b1693b2eda15f31fb40cbd","pointArc_task_17","36","windowEvents","default","{""focus"":2,""input"":0,""keydown"":0,""keyup"":0,""mousemove"":26,""mousedown"":2,""mouseup"":2,""resize"":0,""scroll"":0,""visibility"":0}","","","","","","","","","","",""
"69b1693b2eda15f31fb40cbd","pointArc_task_43","37","pixelResponse","default","54","3894","3894","","","","","pointArc","","","","130"
"69b1693b2eda15f31fb40cbd","pointArc_task_43","37","numericResponse","default","0.73","3894","3894","","","","","pointArc","","","","130"
"69b1693b2eda15f31fb40cbd","pointArc_task_43","37","windowEvents","default","{""focus"":2,""input"":0,""keydown"":0,""keyup"":0,""mousemove"":29,""mousedown"":2,""mouseup"":2,""resize"":0,""scroll"":0,""visibility"":0}","","","","","","","","","","",""
"69b1693b2eda15f31fb40cbd","pointArc_task_7","38","pixelResponse","default","122","6183","6183","","","","","pointArc","","","","22"
"69b1693b2eda15f31fb40cbd","pointArc_task_7","38","numericResponse","default","0.39","6183","6183","","","","","pointArc","","","","22"
"69b1693b2eda15f31fb40cbd","pointArc_task_7","38","windowEvents","default","{""focus"":2,""input"":0,""keydown"":0,""keyup"":0,""mousemove"":28,""mousedown"":2,""mouseup"":2,""resize"":0,""scroll"":0,""visibility"":0}","","","","","","","","","","",""
"69b1693b2eda15f31fb40cbd","pointArc_task_39","39","pixelResponse","default","100","4709","4709","","","","","pointArc","","","","118"
"69b1693b2eda15f31fb40cbd","pointArc_task_39","39","numericResponse","default","0.5","4709","4709","","","","","pointArc","","","","118"
"69b1693b2eda15f31fb40cbd","pointArc_task_39","39","windowEvents","default","{""focus"":2,""input"":0,""keydown"":0,""keyup"":0,""mousemove"":33,""mousedown"":2,""mouseup"":2,""resize"":0,""scroll"":0,""visibility"":0}","","","","","","","","","","",""
"69b1693b2eda15f31fb40cbd","pointArc_task_3","40","pixelResponse","default","65.99999999999999","2903","2903","","","","","pointArc","","","","10"
"69b1693b2eda15f31fb40cbd","pointArc_task_3","40","numericResponse","default","0.67","2903","2903","","","","","pointArc","","","","10"
"69b1693b2eda15f31fb40cbd","pointArc_task_3","40","windowEvents","default","{""focus"":2,""input"":0,""keydown"":0,""keyup"":0,""mousemove"":25,""mousedown"":2,""mouseup"":2,""resize"":0,""scroll"":0,""visibility"":0}","","","","","","","","","","",""
"69b1693b2eda15f31fb40cbd","pointArc_task_30","41","pixelResponse","default","112.00000000000001","3106","3106","","","","","pointArc","","","","93"
"69b1693b2eda15f31fb40cbd","pointArc_task_30","41","numericResponse","default","0.44","3106","3106","","","","","pointArc","","","","93"
"69b1693b2eda15f31fb40cbd","pointArc_task_30","41","windowEvents","default","{""focus"":2,""input"":0,""keydown"":0,""keyup"":0,""mousemove"":21,""mousedown"":2,""mouseup"":2,""resize"":0,""scroll"":0,""visibility"":0}","","","","","","","","","","",""
"69b1693b2eda15f31fb40cbd","pointArc_task_47","42","pixelResponse","default","138","3091","3091","","","","","pointArc","","","","142"
"69b1693b2eda15f31fb40cbd","pointArc_task_47","42","numericResponse","default","0.31","3091","3091","","","","","pointArc","","","","142"
"69b1693b2eda15f31fb40cbd","pointArc_task_47","42","windowEvents","default","{""focus"":2,""input"":0,""keydown"":0,""keyup"":0,""mousemove"":22,""mousedown"":2,""mouseup"":2,""resize"":0,""scroll"":0,""visibility"":0}","","","","","","","","","","",""
"69b1693b2eda15f31fb40cbd","pointArc_task_8","43","pixelResponse","default","106","2933","2933","","","","","pointArc","","","","23"
"69b1693b2eda15f31fb40cbd","pointArc_task_8","43","numericResponse","default","0.47","2933","2933","","","","","pointArc","","","","23"
"69b1693b2eda15f31fb40cbd","pointArc_task_8","43","windowEvents","default","{""focus"":2,""input"":0,""keydown"":0,""keyup"":0,""mousemove"":22,""mousedown"":2,""mouseup"":2,""resize"":0,""scroll"":0,""visibility"":0}","","","","","","","","","","",""
"69b1693b2eda15f31fb40cbd","pointArc_task_34","44","pixelResponse","default","62.000000000000014","4489","4489","","","","","pointArc","","","","105"
"69b1693b2eda15f31fb40cbd","pointArc_task_34","44","numericResponse","default","0.69","4489","4489","","","","","pointArc","","","","105"
"69b1693b2eda15f31fb40cbd","pointArc_task_34","44","windowEvents","default","{""focus"":2,""input"":0,""keydown"":0,""keyup"":0,""mousemove"":36,""mousedown"":2,""mouseup"":2,""resize"":0,""scroll"":0,""visibility"":0}","","","","","","","","","","",""
"69b1693b2eda15f31fb40cbd","pointArc_task_36","45","pixelResponse","default","64","4217","4217","","","","","pointArc","","","","107"
"69b1693b2eda15f31fb40cbd","pointArc_task_36","45","numericResponse","default","0.68","4217","4217","","","","","pointArc","","","","107"
"69b1693b2eda15f31fb40cbd","pointArc_task_36","45","windowEvents","default","{""focus"":2,""input"":0,""keydown"":0,""keyup"":0,""mousemove"":32,""mousedown"":2,""mouseup"":2,""resize"":0,""scroll"":0,""visibility"":0}","","","","","","","","","","",""
"69b1693b2eda15f31fb40cbd","pointArc_task_28","46","pixelResponse","default","39.99999999999999","2859","2859","","","","","pointArc","","","","83"
"69b1693b2eda15f31fb40cbd","pointArc_task_28","46","numericResponse","default","0.8","2859","2859","","","","","pointArc","","","","83"
"69b1693b2eda15f31fb40cbd","pointArc_task_28","46","windowEvents","default","{""focus"":2,""input"":0,""keydown"":0,""keyup"":0,""mousemove"":22,""mousedown"":2,""mouseup"":2,""resize"":0,""scroll"":0,""visibility"":0}","","","","","","","","","","",""
"69b1693b2eda15f31fb40cbd","pointArc_task_10","47","pixelResponse","default","74","3143","3143","","","","","pointArc","","","","33"
"69b1693b2eda15f31fb40cbd","pointArc_task_10","47","numericResponse","default","0.63","3143","3143","","","","","pointArc","","","","33"
"69b1693b2eda15f31fb40cbd","pointArc_task_10","47","windowEvents","default","{""focus"":2,""input"":0,""keydown"":0,""keyup"":0,""mousemove"":26,""mousedown"":2,""mouseup"":2,""resize"":0,""scroll"":0,""visibility"":0}","","","","","","","","","","",""
"69b1693b2eda15f31fb40cbd","pointArc_task_26","48","pixelResponse","default","72","2868","2868","","","","","pointArc","","","","81"
"69b1693b2eda15f31fb40cbd","pointArc_task_26","48","numericResponse","default","0.64","2868","2868","","","","","pointArc","","","","81"
"69b1693b2eda15f31fb40cbd","pointArc_task_26","48","windowEvents","default","{""focus"":2,""input"":0,""keydown"":0,""keyup"":0,""mousemove"":19,""mousedown"":2,""mouseup"":2,""resize"":0,""scroll"":0,""visibility"":0}","","","","","","","","","","",""
"69b1693b2eda15f31fb40cbd","pointArc_task_35","49","pixelResponse","default","141.99999999999997","2941","2941","","","","","pointArc","","","","106"
"69b1693b2eda15f31fb40cbd","pointArc_task_35","49","numericResponse","default","0.29","2941","2941","","","","","pointArc","","","","106"
"69b1693b2eda15f31fb40cbd","pointArc_task_35","49","windowEvents","default","{""focus"":2,""input"":0,""keydown"":0,""keyup"":0,""mousemove"":23,""mousedown"":2,""mouseup"":2,""resize"":0,""scroll"":0,""visibility"":0}","","","","","","","","","","",""
"69b1693b2eda15f31fb40cbd","pointArc_task_4","50","pixelResponse","default","128","3310","3310","","","","","pointArc","","","","11"
"69b1693b2eda15f31fb40cbd","pointArc_task_4","50","numericResponse","default","0.36","3310","3310","","","","","pointArc","","","","11"
"69b1693b2eda15f31fb40cbd","pointArc_task_4","50","windowEvents","default","{""focus"":2,""input"":0,""keydown"":0,""keyup"":0,""mousemove"":27,""mousedown"":2,""mouseup"":2,""resize"":0,""scroll"":0,""visibility"":0}","","","","","","","","","","",""
"69b1693b2eda15f31fb40cbd","pointArc_task_37","51","pixelResponse","default","106","2980","2980","","","","","pointArc","","","","116"
"69b1693b2eda15f31fb40cbd","pointArc_task_37","51","numericResponse","default","0.47","2980","2980","","","","","pointArc","","","","116"
"69b1693b2eda15f31fb40cbd","pointArc_task_37","51","windowEvents","default","{""focus"":2,""input"":0,""keydown"":0,""keyup"":0,""mousemove"":23,""mousedown"":2,""mouseup"":2,""resize"":0,""scroll"":0,""visibility"":0}","","","","","","","","","","",""
"69b1693b2eda15f31fb40cbd","pointArc_task_5","52","pixelResponse","default","124","2217","2217","","","","","pointArc","","","","20"
"69b1693b2eda15f31fb40cbd","pointArc_task_5","52","numericResponse","default","0.38","2217","2217","","","","","pointArc","","","","20"
"69b1693b2eda15f31fb40cbd","pointArc_task_5","52","windowEvents","default","{""focus"":2,""input"":0,""keydown"":0,""keyup"":0,""mousemove"":19,""mousedown"":2,""mouseup"":2,""resize"":0,""scroll"":0,""visibility"":0}","","","","","","","","","","",""
"69b1693b2eda15f31fb40cbd","pointArc_task_23","53","pixelResponse","default","65.99999999999999","2847","2847","","","","","pointArc","","","","70"
"69b1693b2eda15f31fb40cbd","pointArc_task_23","53","numericResponse","default","0.67","2847","2847","","","","","pointArc","","","","70"
"69b1693b2eda15f31fb40cbd","pointArc_task_23","53","windowEvents","default","{""focus"":2,""input"":0,""keydown"":0,""keyup"":0,""mousemove"":24,""mousedown"":2,""mouseup"":2,""resize"":0,""scroll"":0,""visibility"":0}","","","","","","","","","","",""
"69b1693b2eda15f31fb40cbd","pointArc_task_22","54","pixelResponse","default","80","7163","7163","","","","","pointArc","","","","69"
"69b1693b2eda15f31fb40cbd","pointArc_task_22","54","numericResponse","default","0.6","7163","7163","","","","","pointArc","","","","69"
"69b1693b2eda15f31fb40cbd","pointArc_task_22","54","windowEvents","default","{""focus"":2,""input"":0,""keydown"":0,""keyup"":0,""mousemove"":58,""mousedown"":5,""mouseup"":5,""resize"":0,""scroll"":0,""visibility"":0}","","","","","","","","","","",""
"69b1693b2eda15f31fb40cbd","pointArc_task_11","55","pixelResponse","default","92","4399","4399","","","","","pointArc","","","","34"
"69b1693b2eda15f31fb40cbd","pointArc_task_11","55","numericResponse","default","0.54","4399","4399","","","","","pointArc","","","","34"
"69b1693b2eda15f31fb40cbd","pointArc_task_11","55","windowEvents","default","{""focus"":3,""input"":0,""keydown"":0,""keyup"":0,""mousemove"":30,""mousedown"":4,""mouseup"":4,""resize"":0,""scroll"":0,""visibility"":0}","","","","","","","","","","",""
"69b1693b2eda15f31fb40cbd","pointArc_task_31","56","pixelResponse","default","87.99999999999999","8457","8457","","","","","pointArc","","","","94"
"69b1693b2eda15f31fb40cbd","pointArc_task_31","56","numericResponse","default","0.56","8457","8457","","","","","pointArc","","","","94"
"69b1693b2eda15f31fb40cbd","pointArc_task_31","56","windowEvents","default","{""focus"":2,""input"":0,""keydown"":0,""keyup"":0,""mousemove"":53,""mousedown"":3,""mouseup"":3,""resize"":0,""scroll"":0,""visibility"":0}","","","","","","","","","","",""
"69b1693b2eda15f31fb40cbd","pointArc_task_38","57","pixelResponse","default","67.99999999999999","4054","4054","","","","","pointArc","","","","117"
"69b1693b2eda15f31fb40cbd","pointArc_task_38","57","numericResponse","default","0.66","4054","4054","","","","","pointArc","","","","117"
"69b1693b2eda15f31fb40cbd","pointArc_task_38","57","windowEvents","default","{""focus"":3,""input"":0,""keydown"":0,""keyup"":0,""mousemove"":25,""mousedown"":4,""mouseup"":3,""resize"":0,""scroll"":0,""visibility"":0}","","","","","","","","","","",""
"69b1693b2eda15f31fb40cbd","pointArc_task_48","58","pixelResponse","default","64","3896","3896","","","","","pointArc","","","","143"
"69b1693b2eda15f31fb40cbd","pointArc_task_48","58","numericResponse","default","0.68","3896","3896","","","","","pointArc","","","","143"
"69b1693b2eda15f31fb40cbd","pointArc_task_48","58","windowEvents","default","{""focus"":2,""input"":0,""keydown"":0,""keyup"":0,""mousemove"":22,""mousedown"":2,""mouseup"":2,""resize"":0,""scroll"":0,""visibility"":0}","","","","","","","","","","",""
"69b1693b2eda15f31fb40cbd","pointArc_task_29","59","pixelResponse","default","98","8509","8509","","","","","pointArc","","","","92"
"69b1693b2eda15f31fb40cbd","pointArc_task_29","59","numericResponse","default","0.51","8509","8509","","","","","pointArc","","","","92"
"69b1693b2eda15f31fb40cbd","pointArc_task_29","59","windowEvents","default","{""focus"":3,""input"":0,""keydown"":0,""keyup"":0,""mousemove"":44,""mousedown"":4,""mouseup"":4,""resize"":0,""scroll"":0,""visibility"":0}","","","","","","","","","","",""
"69b1693b2eda15f31fb40cbd","pointArc_task_14","60","pixelResponse","default","94","2984","2984","","","","","pointArc","","","","45"
"69b1693b2eda15f31fb40cbd","pointArc_task_14","60","numericResponse","default","0.53","2984","2984","","","","","pointArc","","","","45"
"69b1693b2eda15f31fb40cbd","pointArc_task_14","60","windowEvents","default","{""focus"":1,""input"":0,""keydown"":0,""keyup"":0,""mousemove"":22,""mousedown"":1,""mouseup"":2,""resize"":0,""scroll"":0,""visibility"":0}","","","","","","","","","","",""
"69b1693b2eda15f31fb40cbd","pointArc_task_12","61","pixelResponse","default","126","3231","3231","","","","","pointArc","","","","35"
"69b1693b2eda15f31fb40cbd","pointArc_task_12","61","numericResponse","default","0.37","3231","3231","","","","","pointArc","","","","35"
"69b1693b2eda15f31fb40cbd","pointArc_task_12","61","windowEvents","default","{""focus"":3,""input"":0,""keydown"":0,""keyup"":0,""mousemove"":25,""mousedown"":3,""mouseup"":2,""resize"":0,""scroll"":0,""visibility"":0}","","","","","","","","","","",""
"69b1693b2eda15f31fb40cbd","pointArc_task_24","62","pixelResponse","default","148","2180","2180","","","","","pointArc","","","","71"
"69b1693b2eda15f31fb40cbd","pointArc_task_24","62","numericResponse","default","0.26","2180","2180","","","","","pointArc","","","","71"
"69b1693b2eda15f31fb40cbd","pointArc_task_24","62","windowEvents","default","{""focus"":1,""input"":0,""keydown"":0,""keyup"":0,""mousemove"":19,""mousedown"":1,""mouseup"":2,""resize"":0,""scroll"":0,""visibility"":0}","","","","","","","","","","",""
"69b1693b2eda15f31fb40cbd","pointArc_task_42","63","pixelResponse","default","122","4472","4472","","","","","pointArc","","","","129"
"69b1693b2eda15f31fb40cbd","pointArc_task_42","63","numericResponse","default","0.39","4472","4472","","","","","pointArc","","","","129"
"69b1693b2eda15f31fb40cbd","pointArc_task_42","63","windowEvents","default","{""focus"":3,""input"":0,""keydown"":0,""keyup"":0,""mousemove"":27,""mousedown"":4,""mouseup"":3,""resize"":0,""scroll"":0,""visibility"":0}","","","","","","","","","","",""
"69b1693b2eda15f31fb40cbd","pointArc_task_15","64","pixelResponse","default","106","4124","4124","","","","","pointArc","","","","46"
"69b1693b2eda15f31fb40cbd","pointArc_task_15","64","numericResponse","default","0.47","4124","4124","","","","","pointArc","","","","46"
"69b1693b2eda15f31fb40cbd","pointArc_task_15","64","windowEvents","default","{""focus"":1,""input"":0,""keydown"":0,""keyup"":0,""mousemove"":32,""mousedown"":2,""mouseup"":3,""resize"":0,""scroll"":0,""visibility"":0}","","","","","","","","","","",""
"69b1693b2eda15f31fb40cbd","pointArc_task_41","65","pixelResponse","default","80","4928","4928","","","","","pointArc","","","","128"
"69b1693b2eda15f31fb40cbd","pointArc_task_41","65","numericResponse","default","0.6","4928","4928","","","","","pointArc","","","","128"
"69b1693b2eda15f31fb40cbd","pointArc_task_41","65","windowEvents","default","{""focus"":2,""input"":0,""keydown"":0,""keyup"":0,""mousemove"":33,""mousedown"":2,""mouseup"":2,""resize"":0,""scroll"":0,""visibility"":0}","","","","","","","","","","",""
"69b1693b2eda15f31fb40cbd","pointArc_task_25","66","pixelResponse","default","150","4211","4211","","","","","pointArc","","","","80"
"69b1693b2eda15f31fb40cbd","pointArc_task_25","66","numericResponse","default","0.25","4211","4211","","","","","pointArc","","","","80"
"69b1693b2eda15f31fb40cbd","pointArc_task_25","66","windowEvents","default","{""focus"":3,""input"":0,""keydown"":0,""keyup"":0,""mousemove"":31,""mousedown"":4,""mouseup"":3,""resize"":0,""scroll"":0,""visibility"":0}","","","","","","","","","","",""
"69b1693b2eda15f31fb40cbd","pointArc_task_20","67","pixelResponse","default","120","9659","9659","","","","","pointArc","","","","59"
"69b1693b2eda15f31fb40cbd","pointArc_task_20","67","numericResponse","default","0.4","9659","9659","","","","","pointArc","","","","59"
"69b1693b2eda15f31fb40cbd","pointArc_task_20","67","windowEvents","default","{""focus"":2,""input"":0,""keydown"":0,""keyup"":0,""mousemove"":63,""mousedown"":4,""mouseup"":4,""resize"":0,""scroll"":0,""visibility"":0}","","","","","","","","","","",""
"69b1693b2eda15f31fb40cbd","pointArc_task_2","68","pixelResponse","default","95.99999999999999","4597","4597","","","","","pointArc","","","","9"
"69b1693b2eda15f31fb40cbd","pointArc_task_2","68","numericResponse","default","0.52","4597","4597","","","","","pointArc","","","","9"
"69b1693b2eda15f31fb40cbd","pointArc_task_2","68","windowEvents","default","{""focus"":1,""input"":0,""keydown"":0,""keyup"":0,""mousemove"":28,""mousedown"":3,""mouseup"":4,""resize"":0,""scroll"":0,""visibility"":0}","","","","","","","","","","",""
"69b1693b2eda15f31fb40cbd","pointArc_task_21","69","pixelResponse","default","106","4459","4459","","","","","pointArc","","","","68"
"69b1693b2eda15f31fb40cbd","pointArc_task_21","69","numericResponse","default","0.47","4459","4459","","","","","pointArc","","","","68"
"69b1693b2eda15f31fb40cbd","pointArc_task_21","69","windowEvents","default","{""focus"":3,""input"":0,""keydown"":0,""keyup"":0,""mousemove"":31,""mousedown"":3,""mouseup"":2,""resize"":0,""scroll"":0,""visibility"":0}","","","","","","","","","","",""
"69b1693b2eda15f31fb40cbd","pointArc_task_16","70","pixelResponse","default","89.99999999999999","14696","14696","","","","","pointArc","","","","47"
"69b1693b2eda15f31fb40cbd","pointArc_task_16","70","numericResponse","default","0.55","14696","14696","","","","","pointArc","","","","47"
"69b1693b2eda15f31fb40cbd","pointArc_task_16","70","windowEvents","default","{""focus"":1,""input"":0,""keydown"":0,""keyup"":0,""mousemove"":44,""mousedown"":1,""mouseup"":2,""resize"":0,""scroll"":0,""visibility"":0}","","","","","","","","","","",""
"69b1693b2eda15f31fb40cbd","pointArc_task_1","71","pixelResponse","default","102","2559","2559","","","","","pointArc","","","","8"
"69b1693b2eda15f31fb40cbd","pointArc_task_1","71","numericResponse","default","0.49","2559","2559","","","","","pointArc","","","","8"
"69b1693b2eda15f31fb40cbd","pointArc_task_1","71","windowEvents","default","{""focus"":2,""input"":0,""keydown"":0,""keyup"":0,""mousemove"":20,""mousedown"":2,""mouseup"":2,""resize"":0,""scroll"":0,""visibility"":0}","","","","","","","","","","",""
"69b1693b2eda15f31fb40cbd","post_study","72","gender","default","Male","17245","17245","","","","","","","","",""
"69b1693b2eda15f31fb40cbd","post_study","72","gender-other","default","","17245","17245","","","","","","","","",""
"69b1693b2eda15f31fb40cbd","post_study","72","age","default","20","17245","17245","","","","","","","","",""
"69b1693b2eda15f31fb40cbd","post_study","72","feedback","default","No","17245","17245","","","","","","","","",""
"69b1693b2eda15f31fb40cbd","post_study","72","feedback-text","default","","17245","17245","","","","","","","","",""
"69b1693b2eda15f31fb40cbd","post_study","72","strategy","default","","17245","17245","","","","","","","","",""
"69b1693b2eda15f31fb40cbd","post_study","72","windowEvents","default","{""focus"":4,""input"":3,""keydown"":1,""keyup"":1,""mousemove"":61,""mousedown"":4,""mouseup"":4,""resize"":0,""scroll"":0,""visibility"":0}","","","","","","","","","","",""
"69b341f2cae8e4abe9c15c25","participantTags","","participantTags","point","[""virtual-chinrest"",""point""]","","","","","","","","","","",""
"69b341f2cae8e4abe9c15c25","introduction","0","prolificId","point","69b341f2cae8e4abe9c15c25","2647","2647","","","","","","","","",""
"69b341f2cae8e4abe9c15c25","introduction","0","windowEvents","point","{""focus"":2,""input"":0,""keydown"":0,""keyup"":0,""mousemove"":9,""mousedown"":2,""mouseup"":1,""resize"":0,""scroll"":0,""visibility"":0}","","","","","","","","","","",""
"69b341f2cae8e4abe9c15c25","consent","1","consentApproval","point","Accept","56584","56584","","","","","","","","",""
"69b341f2cae8e4abe9c15c25","consent","1","windowEvents","point","{""focus"":6,""input"":1,""keydown"":0,""keyup"":0,""mousemove"":81,""mousedown"":7,""mouseup"":7,""resize"":0,""scroll"":29,""visibility"":0}","","","","","","","","","","",""
"69b341f2cae8e4abe9c15c25","chinrest_intro","2","","point","","36288","36288","","","","","","","","",""
"69b341f2cae8e4abe9c15c25","chinrest_intro","2","windowEvents","point","{""focus"":2,""input"":0,""keydown"":1,""keyup"":1,""mousemove"":92,""mousedown"":2,""mouseup"":2,""resize"":1,""scroll"":1,""visibility"":0}","","","","","","","","","","",""
"69b341f2cae8e4abe9c15c25","$virtual-chinrest.components.card-size","3","pixelsPerMM","point","2.2429906542056077","22514","22514","pixelsPerMM","85.6","53.98","","","","","",""
"69b341f2cae8e4abe9c15c25","$virtual-chinrest.components.card-size","3","windowEvents","point","{""focus"":3,""input"":0,""keydown"":0,""keyup"":0,""mousemove"":92,""mousedown"":4,""mouseup"":4,""resize"":0,""scroll"":0,""visibility"":0}","","","","","","","","","","",""
"69b341f2cae8e4abe9c15c25","$virtual-chinrest.components.blindspot-distance","4","dist-calibration-MM","point","736.8692979941286","72176","72176","","","","13.5","","","","",""
"69b341f2cae8e4abe9c15c25","$virtual-chinrest.components.blindspot-distance","4","dist-calibration-CM","point","73.68692979941287","72176","72176","","","","13.5","","","","",""
"69b341f2cae8e4abe9c15c25","$virtual-chinrest.components.blindspot-distance","4","ball-positions","point","[1060,914,1000,978,964]","72176","72176","","","","13.5","","","","",""
"69b341f2cae8e4abe9c15c25","$virtual-chinrest.components.blindspot-distance","4","square-position","point","1380","72176","72176","","","","13.5","","","","",""
"69b341f2cae8e4abe9c15c25","$virtual-chinrest.components.blindspot-distance","4","windowEvents","point","{""focus"":3,""input"":0,""keydown"":14,""keyup"":14,""mousemove"":124,""mousedown"":6,""mouseup"":6,""resize"":2,""scroll"":0,""visibility"":0}","","","","","","","","","","",""
"69b341f2cae8e4abe9c15c25","study_overview","5","","point","","13674","13674","","","","","","","","",""
"69b341f2cae8e4abe9c15c25","study_overview","5","windowEvents","point","{""focus"":1,""input"":0,""keydown"":0,""keyup"":0,""mousemove"":36,""mousedown"":2,""mouseup"":2,""resize"":0,""scroll"":0,""visibility"":0}","","","","","","","","","","",""
"69b341f2cae8e4abe9c15c25","task1_intro","6","","point","","41628","41628","","","","","","","","",""
"69b341f2cae8e4abe9c15c25","task1_intro","6","windowEvents","point","{""focus"":2,""input"":0,""keydown"":0,""keyup"":0,""mousemove"":112,""mousedown"":1,""mouseup"":1,""resize"":0,""scroll"":0,""visibility"":0}","","","","","","","","","","",""
"69b341f2cae8e4abe9c15c25","block5_train_1","7","location-x","point","0.25","65931","65931","","","","","Block5","true","0.25","4.5",""
"69b341f2cae8e4abe9c15c25","block5_train_1","7","location-y","point","4.5","65931","65931","","","","","Block5","true","0.25","4.5",""
"69b341f2cae8e4abe9c15c25","block5_train_1","7","slider-x","point","0.25","65931","65931","","","","","Block5","true","0.25","4.5",""
"69b341f2cae8e4abe9c15c25","block5_train_1","7","slider-y","point","4.5","65931","65931","","","","","Block5","true","0.25","4.5",""
"69b341f2cae8e4abe9c15c25","block5_train_1","7","px-slider-x","point","330.875","65931","65931","","","","","Block5","true","0.25","4.5",""
"69b341f2cae8e4abe9c15c25","block5_train_1","7","px-slider-y","point","232.25000000000003","65931","65931","","","","","Block5","true","0.25","4.5",""
"69b341f2cae8e4abe9c15c25","block5_train_1","7","px-location-x","point","330.875","65931","65931","","","","","Block5","true","0.25","4.5",""
"69b341f2cae8e4abe9c15c25","block5_train_1","7","px-location-y","point","232.25000000000003","65931","65931","","","","","Block5","true","0.25","4.5",""
"69b341f2cae8e4abe9c15c25","block5_train_1","7","windowEvents","point","{""focus"":9,""input"":0,""keydown"":6,""keyup"":6,""mousemove"":155,""mousedown"":8,""mouseup"":8,""resize"":2,""scroll"":3,""visibility"":0}","","","","","","","","","","",""
"69b341f2cae8e4abe9c15c25","block5_train_2","8","location-x","point","-1.5","35524","35524","","","","","Block5","true","-1.5","7.2",""
"69b341f2cae8e4abe9c15c25","block5_train_2","8","location-y","point","7.2","35524","35524","","","","","Block5","true","-1.5","7.2",""
"69b341f2cae8e4abe9c15c25","block5_train_2","8","slider-x","point","-1.51","35524","35524","","","","","Block5","true","-1.5","7.2",""
"69b341f2cae8e4abe9c15c25","block5_train_2","8","slider-y","point","7.2","35524","35524","","","","","Block5","true","-1.5","7.2",""
"69b341f2cae8e4abe9c15c25","block5_train_2","8","px-slider-x","point","236.71500000000003","35524","35524","","","","","Block5","true","-1.5","7.2",""
"69b341f2cae8e4abe9c15c25","block5_train_2","8","px-slider-y","point","125.60000000000001","35524","35524","","","","","Block5","true","-1.5","7.2",""
"69b341f2cae8e4abe9c15c25","block5_train_2","8","px-location-x","point","237.25","35524","35524","","","","","Block5","true","-1.5","7.2",""
"69b341f2cae8e4abe9c15c25","block5_train_2","8","px-location-y","point","125.60000000000001","35524","35524","","","","","Block5","true","-1.5","7.2",""
"69b341f2cae8e4abe9c15c25","block5_train_2","8","windowEvents","point","{""focus"":8,""input"":0,""keydown"":20,""keyup"":20,""mousemove"":111,""mousedown"":9,""mouseup"":9,""resize"":0,""scroll"":3,""visibility"":0}","","","","","","","","","","",""
"69b341f2cae8e4abe9c15c25","task1_test_intro","9","","point","","16861","16861","","","","","","","","",""
"69b341f2cae8e4abe9c15c25","task1_test_intro","9","windowEvents","point","{""focus"":1,""input"":0,""keydown"":0,""keyup"":0,""mousemove"":37,""mousedown"":1,""mouseup"":1,""resize"":2,""scroll"":1,""visibility"":0}","","","","","","","","","","",""
"69b341f2cae8e4abe9c15c25","block5_test_6","10","location-x","point","-4.44","42336","42336","","","","","Block5","false","","",""
"69b341f2cae8e4abe9c15c25","block5_test_6","10","location-y","point","7.08","42336","42336","","","","","Block5","false","","",""
"69b341f2cae8e4abe9c15c25","block5_test_6","10","slider-x","point","-4.45","42336","42336","","","","","Block5","false","","",""
"69b341f2cae8e4abe9c15c25","block5_test_6","10","slider-y","point","7.05","42336","42336","","","","","Block5","false","","",""
"69b341f2cae8e4abe9c15c25","block5_test_6","10","px-slider-x","point","79.42499999999998","42336","42336","","","","","Block5","false","","",""
"69b341f2cae8e4abe9c15c25","block5_test_6","10","px-slider-y","point","131.525","42336","42336","","","","","Block5","false","","",""
"69b341f2cae8e4abe9c15c25","block5_test_6","10","px-location-x","point","79.95999999999998","42336","42336","","","","","Block5","false","","",""
"69b341f2cae8e4abe9c15c25","block5_test_6","10","px-location-y","point","130.34","42336","42336","","","","","Block5","false","","",""
"69b341f2cae8e4abe9c15c25","block5_test_6","10","windowEvents","point","{""focus"":6,""input"":0,""keydown"":38,""keyup"":36,""mousemove"":88,""mousedown"":5,""mouseup"":5,""resize"":0,""scroll"":0,""visibility"":0}","","","","","","","","","","",""
"69b341f2cae8e4abe9c15c25","block5_test_7","11","location-x","point","4.68","25320","25320","","","","","Block5","false","","",""
"69b341f2cae8e4abe9c15c25","block5_test_7","11","location-y","point","8.14","25320","25320","","","","","Block5","false","","",""
"69b341f2cae8e4abe9c15c25","block5_test_7","11","slider-x","point","4.65","25320","25320","","","","","Block5","false","","",""
"69b341f2cae8e4abe9c15c25","block5_test_7","11","slider-y","point","8.4","25320","25320","","","","","Block5","false","","",""
"69b341f2cae8e4abe9c15c25","block5_test_7","11","px-slider-x","point","566.2750000000001","25320","25320","","","","","Block5","false","","",""
"69b341f2cae8e4abe9c15c25","block5_test_7","11","px-slider-y","point","78.19999999999996","25320","25320","","","","","Block5","false","","",""
"69b341f2cae8e4abe9c15c25","block5_test_7","11","px-location-x","point","567.88","25320","25320","","","","","Block5","false","","",""
"69b341f2cae8e4abe9c15c25","block5_test_7","11","px-location-y","point","88.46999999999997","25320","25320","","","","","Block5","false","","",""
"69b341f2cae8e4abe9c15c25","block5_test_7","11","windowEvents","point","{""focus"":5,""input"":0,""keydown"":29,""keyup"":29,""mousemove"":49,""mousedown"":5,""mouseup"":5,""resize"":0,""scroll"":0,""visibility"":0}","","","","","","","","","","",""
"69b341f2cae8e4abe9c15c25","block5_test_1","12","location-x","point","-3.9","36125","36125","","","","","Block5","false","","",""
"69b341f2cae8e4abe9c15c25","block5_test_1","12","location-y","point","1.99","36125","36125","","","","","Block5","false","","",""
"69b341f2cae8e4abe9c15c25","block5_test_1","12","slider-x","point","-3.9","36125","36125","","","","","Block5","false","","",""
"69b341f2cae8e4abe9c15c25","block5_test_1","12","slider-y","point","2","36125","36125","","","","","Block5","false","","",""
"69b341f2cae8e4abe9c15c25","block5_test_1","12","px-slider-x","point","108.85000000000001","36125","36125","","","","","Block5","false","","",""
"69b341f2cae8e4abe9c15c25","block5_test_1","12","px-slider-y","point","331","36125","36125","","","","","Block5","false","","",""
"69b341f2cae8e4abe9c15c25","block5_test_1","12","px-location-x","point","108.85000000000001","36125","36125","","","","","Block5","false","","",""
"69b341f2cae8e4abe9c15c25","block5_test_1","12","px-location-y","point","331.395","36125","36125","","","","","Block5","false","","",""
"69b341f2cae8e4abe9c15c25","block5_test_1","12","windowEvents","point","{""focus"":5,""input"":0,""keydown"":9,""keyup"":9,""mousemove"":76,""mousedown"":4,""mouseup"":4,""resize"":0,""scroll"":0,""visibility"":0}","","","","","","","","","","",""
"69b341f2cae8e4abe9c15c25","block5_test_5","13","location-x","point","4.35","24795","24795","","","","","Block5","false","","",""
"69b341f2cae8e4abe9c15c25","block5_test_5","13","location-y","point","1.25","24795","24795","","","","","Block5","false","","",""
"69b341f2cae8e4abe9c15c25","block5_test_5","13","slider-x","point","4.35","24795","24795","","","","","Block5","false","","",""
"69b341f2cae8e4abe9c15c25","block5_test_5","13","slider-y","point","1","24795","24795","","","","","Block5","false","","",""
"69b341f2cae8e4abe9c15c25","block5_test_5","13","px-slider-x","point","550.225","24795","24795","","","","","Block5","false","","",""
"69b341f2cae8e4abe9c15c25","block5_test_5","13","px-slider-y","point","370.5","24795","24795","","","","","Block5","false","","",""
"69b341f2cae8e4abe9c15c25","block5_test_5","13","px-location-x","point","550.225","24795","24795","","","","","Block5","false","","",""
"69b341f2cae8e4abe9c15c25","block5_test_5","13","px-location-y","point","360.625","24795","24795","","","","","Block5","false","","",""
"69b341f2cae8e4abe9c15c25","block5_test_5","13","windowEvents","point","{""focus"":5,""input"":0,""keydown"":9,""keyup"":9,""mousemove"":86,""mousedown"":5,""mouseup"":5,""resize"":0,""scroll"":0,""visibility"":0}","","","","","","","","","","",""
"69b341f2cae8e4abe9c15c25","block5_test_4","14","location-x","point","3.33","27054","27054","","","","","Block5","false","","",""
"69b341f2cae8e4abe9c15c25","block5_test_4","14","location-y","point","4.1","27054","27054","","","","","Block5","false","","",""
"69b341f2cae8e4abe9c15c25","block5_test_4","14","slider-x","point","3.3","27054","27054","","","","","Block5","false","","",""
"69b341f2cae8e4abe9c15c25","block5_test_4","14","slider-y","point","4.05","27054","27054","","","","","Block5","false","","",""
"69b341f2cae8e4abe9c15c25","block5_test_4","14","px-slider-x","point","494.05000000000007","27054","27054","","","","","Block5","false","","",""
"69b341f2cae8e4abe9c15c25","block5_test_4","14","px-slider-y","point","250.02499999999998","27054","27054","","","","","Block5","false","","",""
"69b341f2cae8e4abe9c15c25","block5_test_4","14","px-location-x","point","495.655","27054","27054","","","","","Block5","false","","",""
"69b341f2cae8e4abe9c15c25","block5_test_4","14","px-location-y","point","248.05000000000004","27054","27054","","","","","Block5","false","","",""
"69b341f2cae8e4abe9c15c25","block5_test_4","14","windowEvents","point","{""focus"":5,""input"":0,""keydown"":20,""keyup"":20,""mousemove"":64,""mousedown"":4,""mouseup"":4,""resize"":0,""scroll"":0,""visibility"":0}","","","","","","","","","","",""
"69b341f2cae8e4abe9c15c25","block5_test_3","15","location-x","point","3.58","18085","18085","","","","","Block5","false","","",""
"69b341f2cae8e4abe9c15c25","block5_test_3","15","location-y","point","5.67","18085","18085","","","","","Block5","false","","",""
"69b341f2cae8e4abe9c15c25","block5_test_3","15","slider-x","point","3.55","18085","18085","","","","","Block5","false","","",""
"69b341f2cae8e4abe9c15c25","block5_test_3","15","slider-y","point","5.7","18085","18085","","","","","Block5","false","","",""
"69b341f2cae8e4abe9c15c25","block5_test_3","15","px-slider-x","point","507.42500000000007","18085","18085","","","","","Block5","false","","",""
"69b341f2cae8e4abe9c15c25","block5_test_3","15","px-slider-y","point","184.85","18085","18085","","","","","Block5","false","","",""
"69b341f2cae8e4abe9c15c25","block5_test_3","15","px-location-x","point","509.03000000000003","18085","18085","","","","","Block5","false","","",""
"69b341f2cae8e4abe9c15c25","block5_test_3","15","px-location-y","point","186.03500000000003","18085","18085","","","","","Block5","false","","",""
"69b341f2cae8e4abe9c15c25","block5_test_3","15","windowEvents","point","{""focus"":5,""input"":0,""keydown"":8,""keyup"":8,""mousemove"":45,""mousedown"":4,""mouseup"":4,""resize"":0,""scroll"":0,""visibility"":0}","","","","","","","","","","",""
"69b341f2cae8e4abe9c15c25","block5_test_10","16","location-x","point","0.36","22394","22394","","","","","Block5","false","","",""
"69b341f2cae8e4abe9c15c25","block5_test_10","16","location-y","point","9.8","22394","22394","","","","","Block5","false","","",""
"69b341f2cae8e4abe9c15c25","block5_test_10","16","slider-x","point","0.45","22394","22394","","","","","Block5","false","","",""
"69b341f2cae8e4abe9c15c25","block5_test_10","16","slider-y","point","9.65","22394","22394","","","","","Block5","false","","",""
"69b341f2cae8e4abe9c15c25","block5_test_10","16","px-slider-x","point","341.57500000000005","22394","22394","","","","","Block5","false","","",""
"69b341f2cae8e4abe9c15c25","block5_test_10","16","px-slider-y","point","28.824999999999967","22394","22394","","","","","Block5","false","","",""
"69b341f2cae8e4abe9c15c25","block5_test_10","16","px-location-x","point","336.76","22394","22394","","","","","Block5","false","","",""
"69b341f2cae8e4abe9c15c25","block5_test_10","16","px-location-y","point","22.899999999999963","22394","22394","","","","","Block5","false","","",""
"69b341f2cae8e4abe9c15c25","block5_test_10","16","windowEvents","point","{""focus"":5,""input"":0,""keydown"":12,""keyup"":12,""mousemove"":67,""mousedown"":4,""mouseup"":4,""resize"":0,""scroll"":0,""visibility"":0}","","","","","","","","","","",""
"69b341f2cae8e4abe9c15c25","block5_test_2","17","location-x","point","-1.87","22404","22404","","","","","Block5","false","","",""
"69b341f2cae8e4abe9c15c25","block5_test_2","17","location-y","point","2.87","22404","22404","","","","","Block5","false","","",""
"69b341f2cae8e4abe9c15c25","block5_test_2","17","slider-x","point","-1.9","22404","22404","","","","","Block5","false","","",""
"69b341f2cae8e4abe9c15c25","block5_test_2","17","slider-y","point","2.8","22404","22404","","","","","Block5","false","","",""
"69b341f2cae8e4abe9c15c25","block5_test_2","17","px-slider-x","point","215.85","22404","22404","","","","","Block5","false","","",""
"69b341f2cae8e4abe9c15c25","block5_test_2","17","px-slider-y","point","299.4","22404","22404","","","","","Block5","false","","",""
"69b341f2cae8e4abe9c15c25","block5_test_2","17","px-location-x","point","217.45499999999998","22404","22404","","","","","Block5","false","","",""
"69b341f2cae8e4abe9c15c25","block5_test_2","17","px-location-y","point","296.635","22404","22404","","","","","Block5","false","","",""
"69b341f2cae8e4abe9c15c25","block5_test_2","17","windowEvents","point","{""focus"":5,""input"":0,""keydown"":19,""keyup"":19,""mousemove"":57,""mousedown"":3,""mouseup"":3,""resize"":0,""scroll"":0,""visibility"":0}","","","","","","","","","","",""
"69b341f2cae8e4abe9c15c25","block5_test_9","18","location-x","point","-1.34","19453","19453","","","","","Block5","false","","",""
"69b341f2cae8e4abe9c15c25","block5_test_9","18","location-y","point","4.07","19453","19453","","","","","Block5","false","","",""
"69b341f2cae8e4abe9c15c25","block5_test_9","18","slider-x","point","-1.32","19453","19453","","","","","Block5","false","","",""
"69b341f2cae8e4abe9c15c25","block5_test_9","18","slider-y","point","4","19453","19453","","","","","Block5","false","","",""
"69b341f2cae8e4abe9c15c25","block5_test_9","18","px-slider-x","point","246.88","19453","19453","","","","","Block5","false","","",""
"69b341f2cae8e4abe9c15c25","block5_test_9","18","px-slider-y","point","252","19453","19453","","","","","Block5","false","","",""
"69b341f2cae8e4abe9c15c25","block5_test_9","18","px-location-x","point","245.80999999999997","19453","19453","","","","","Block5","false","","",""
"69b341f2cae8e4abe9c15c25","block5_test_9","18","px-location-y","point","249.23499999999999","19453","19453","","","","","Block5","false","","",""
"69b341f2cae8e4abe9c15c25","block5_test_9","18","windowEvents","point","{""focus"":5,""input"":0,""keydown"":7,""keyup"":7,""mousemove"":51,""mousedown"":3,""mouseup"":3,""resize"":0,""scroll"":0,""visibility"":0}","","","","","","","","","","",""
"69b341f2cae8e4abe9c15c25","block5_test_8","19","location-x","point","-0.18","17155","17155","","","","","Block5","false","","",""
"69b341f2cae8e4abe9c15c25","block5_test_8","19","location-y","point","4.84","17155","17155","","","","","Block5","false","","",""
"69b341f2cae8e4abe9c15c25","block5_test_8","19","slider-x","point","-0.2","17155","17155","","","","","Block5","false","","",""
"69b341f2cae8e4abe9c15c25","block5_test_8","19","slider-y","point","5","17155","17155","","","","","Block5","false","","",""
"69b341f2cae8e4abe9c15c25","block5_test_8","19","px-slider-x","point","306.8","17155","17155","","","","","Block5","false","","",""
"69b341f2cae8e4abe9c15c25","block5_test_8","19","px-slider-y","point","212.5","17155","17155","","","","","Block5","false","","",""
"69b341f2cae8e4abe9c15c25","block5_test_8","19","px-location-x","point","307.87","17155","17155","","","","","Block5","false","","",""
"69b341f2cae8e4abe9c15c25","block5_test_8","19","px-location-y","point","218.82","17155","17155","","","","","Block5","false","","",""
"69b341f2cae8e4abe9c15c25","block5_test_8","19","windowEvents","point","{""focus"":6,""input"":0,""keydown"":15,""keyup"":15,""mousemove"":39,""mousedown"":5,""mouseup"":5,""resize"":0,""scroll"":0,""visibility"":0}","","","","","","","","","","",""
"69b341f2cae8e4abe9c15c25","task2_intro","20","","point","","7315","7315","","","","","","","","",""
"69b341f2cae8e4abe9c15c25","task2_intro","20","windowEvents","point","{""focus"":1,""input"":0,""keydown"":0,""keyup"":0,""mousemove"":16,""mousedown"":1,""mouseup"":1,""resize"":0,""scroll"":0,""visibility"":0}","","","","","","","","","","",""
"69b341f2cae8e4abe9c15c25","moritz_train_point_1","21","pixelResponse","point","102","21648","21648","","","","","pointArc","true","","","8"
"69b341f2cae8e4abe9c15c25","moritz_train_point_1","21","numericResponse","point","0.49","21648","21648","","","","","pointArc","true","","","8"
"69b341f2cae8e4abe9c15c25","moritz_train_point_1","21","windowEvents","point","{""focus"":5,""input"":0,""keydown"":4,""keyup"":4,""mousemove"":112,""mousedown"":4,""mouseup"":4,""resize"":0,""scroll"":0,""visibility"":0}","","","","","","","","","","",""
"69b341f2cae8e4abe9c15c25","moritz_train_point_2","22","pixelResponse","point","98","13481","13481","","","","","pointArc","true","","","9"
"69b341f2cae8e4abe9c15c25","moritz_train_point_2","22","numericResponse","point","0.51","13481","13481","","","","","pointArc","true","","","9"
"69b341f2cae8e4abe9c15c25","moritz_train_point_2","22","windowEvents","point","{""focus"":4,""input"":0,""keydown"":0,""keyup"":0,""mousemove"":78,""mousedown"":4,""mouseup"":4,""resize"":0,""scroll"":0,""visibility"":0}","","","","","","","","","","",""
"69b341f2cae8e4abe9c15c25","task2_test_intro","23","","point","","38871","38871","","","","","","","","",""
"69b341f2cae8e4abe9c15c25","task2_test_intro","23","windowEvents","point","{""focus"":6,""input"":0,""keydown"":0,""keyup"":0,""mousemove"":43,""mousedown"":5,""mouseup"":5,""resize"":0,""scroll"":0,""visibility"":0}","","","","","","","","","","",""
"69b341f2cae8e4abe9c15c25","point_task_32","24","pixelResponse","point","124","64117","64117","","","","","point","","","","91"
"69b341f2cae8e4abe9c15c25","point_task_32","24","numericResponse","point","0.38","64117","64117","","","","","point","","","","91"
"69b341f2cae8e4abe9c15c25","point_task_32","24","windowEvents","point","{""focus"":3,""input"":0,""keydown"":0,""keyup"":0,""mousemove"":140,""mousedown"":3,""mouseup"":3,""resize"":2,""scroll"":0,""visibility"":0}","","","","","","","","","","",""
"69b341f2cae8e4abe9c15c25","point_task_42","25","pixelResponse","point","126","57109","57109","","","","","point","","","","125"
"69b341f2cae8e4abe9c15c25","point_task_42","25","numericResponse","point","0.37","57109","57109","","","","","point","","","","125"
"69b341f2cae8e4abe9c15c25","point_task_42","25","windowEvents","point","{""focus"":2,""input"":0,""keydown"":0,""keyup"":0,""mousemove"":106,""mousedown"":3,""mouseup"":3,""resize"":0,""scroll"":0,""visibility"":0}","","","","","","","","","","",""
"69b341f2cae8e4abe9c15c25","point_task_40","26","pixelResponse","point","50","94410","94410","","","","","point","","","","115"
"69b341f2cae8e4abe9c15c25","point_task_40","26","numericResponse","point","0.75","94410","94410","","","","","point","","","","115"
"69b341f2cae8e4abe9c15c25","point_task_40","26","windowEvents","point","{""focus"":2,""input"":0,""keydown"":0,""keyup"":0,""mousemove"":202,""mousedown"":5,""mouseup"":5,""resize"":0,""scroll"":0,""visibility"":0}","","","","","","","","","","",""
"69b341f2cae8e4abe9c15c25","point_task_46","27","pixelResponse","point","39.99999999999999","48980","48980","","","","","point","","","","137"
"69b341f2cae8e4abe9c15c25","point_task_46","27","numericResponse","point","0.8","48980","48980","","","","","point","","","","137"
"69b341f2cae8e4abe9c15c25","point_task_46","27","windowEvents","point","{""focus"":2,""input"":0,""keydown"":0,""keyup"":0,""mousemove"":69,""mousedown"":3,""mouseup"":3,""resize"":0,""scroll"":0,""visibility"":0}","","","","","","","","","","",""
"69b341f2cae8e4abe9c15c25","point_task_48","28","pixelResponse","point","39.99999999999999","32166","32166","","","","","point","","","","139"
"69b341f2cae8e4abe9c15c25","point_task_48","28","numericResponse","point","0.8","32166","32166","","","","","point","","","","139"
"69b341f2cae8e4abe9c15c25","point_task_48","28","windowEvents","point","{""focus"":2,""input"":0,""keydown"":0,""keyup"":0,""mousemove"":107,""mousedown"":2,""mouseup"":2,""resize"":0,""scroll"":0,""visibility"":0}","","","","","","","","","","",""
"69b341f2cae8e4abe9c15c25","point_task_15","29","pixelResponse","point","140","28116","28116","","","","","point","","","","42"
"69b341f2cae8e4abe9c15c25","point_task_15","29","numericResponse","point","0.3","28116","28116","","","","","point","","","","42"
"69b341f2cae8e4abe9c15c25","point_task_15","29","windowEvents","point","{""focus"":2,""input"":0,""keydown"":0,""keyup"":0,""mousemove"":51,""mousedown"":2,""mouseup"":2,""resize"":0,""scroll"":0,""visibility"":0}","","","","","","","","","","",""
"69b341f2cae8e4abe9c15c25","point_task_29","30","pixelResponse","point","94","13309","13309","","","","","point","","","","88"
"69b341f2cae8e4abe9c15c25","point_task_29","30","numericResponse","point","0.53","13309","13309","","","","","point","","","","88"
"69b341f2cae8e4abe9c15c25","point_task_29","30","windowEvents","point","{""focus"":2,""input"":0,""keydown"":0,""keyup"":0,""mousemove"":31,""mousedown"":2,""mouseup"":2,""resize"":0,""scroll"":0,""visibility"":0}","","","","","","","","","","",""
"69b341f2cae8e4abe9c15c25","point_task_35","31","pixelResponse","point","164.00000000000003","17900","17900","","","","","point","","","","102"
"69b341f2cae8e4abe9c15c25","point_task_35","31","numericResponse","point","0.18","17900","17900","","","","","point","","","","102"
"69b341f2cae8e4abe9c15c25","point_task_35","31","windowEvents","point","{""focus"":2,""input"":0,""keydown"":0,""keyup"":0,""mousemove"":50,""mousedown"":2,""mouseup"":2,""resize"":0,""scroll"":0,""visibility"":0}","","","","","","","","","","",""
"69b341f2cae8e4abe9c15c25","point_task_21","32","pixelResponse","point","108","16556","16556","","","","","point","","","","64"
"69b341f2cae8e4abe9c15c25","point_task_21","32","numericResponse","point","0.46","16556","16556","","","","","point","","","","64"
"69b341f2cae8e4abe9c15c25","point_task_21","32","windowEvents","point","{""focus"":2,""input"":0,""keydown"":0,""keyup"":0,""mousemove"":37,""mousedown"":2,""mouseup"":2,""resize"":0,""scroll"":0,""visibility"":0}","","","","","","","","","","",""
"69b341f2cae8e4abe9c15c25","point_task_44","33","pixelResponse","point","126","37092","37092","","","","","point","","","","127"
"69b341f2cae8e4abe9c15c25","point_task_44","33","numericResponse","point","0.37","37092","37092","","","","","point","","","","127"
"69b341f2cae8e4abe9c15c25","point_task_44","33","windowEvents","point","{""focus"":2,""input"":0,""keydown"":0,""keyup"":0,""mousemove"":102,""mousedown"":5,""mouseup"":5,""resize"":0,""scroll"":0,""visibility"":0}","","","","","","","","","","",""
"69b341f2cae8e4abe9c15c25","point_task_39","34","pixelResponse","point","146","24384","24384","","","","","point","","","","114"
"69b341f2cae8e4abe9c15c25","point_task_39","34","numericResponse","point","0.27","24384","24384","","","","","point","","","","114"
"69b341f2cae8e4abe9c15c25","point_task_39","34","windowEvents","point","{""focus"":2,""input"":0,""keydown"":0,""keyup"":0,""mousemove"":53,""mousedown"":2,""mouseup"":2,""resize"":0,""scroll"":0,""visibility"":0}","","","","","","","","","","",""
"69b341f2cae8e4abe9c15c25","point_task_45","35","pixelResponse","point","148","40629","40629","","","","","point","","","","136"
"69b341f2cae8e4abe9c15c25","point_task_45","35","numericResponse","point","0.26","40629","40629","","","","","point","","","","136"
"69b341f2cae8e4abe9c15c25","point_task_45","35","windowEvents","point","{""focus"":3,""input"":0,""keydown"":0,""keyup"":0,""mousemove"":99,""mousedown"":3,""mouseup"":3,""resize"":2,""scroll"":0,""visibility"":0}","","","","","","","","","","",""
"69b341f2cae8e4abe9c15c25","point_task_34","36","pixelResponse","point","37.999999999999986","12843","12843","","","","","point","","","","101"
"69b341f2cae8e4abe9c15c25","point_task_34","36","numericResponse","point","0.81","12843","12843","","","","","point","","","","101"
"69b341f2cae8e4abe9c15c25","point_task_34","36","windowEvents","point","{""focus"":1,""input"":0,""keydown"":0,""keyup"":0,""mousemove"":53,""mousedown"":1,""mouseup"":2,""resize"":0,""scroll"":0,""visibility"":0}","","","","","","","","","","",""
"69b341f2cae8e4abe9c15c25","point_task_41","37","pixelResponse","point","78","17566","17566","","","","","point","","","","124"
"69b341f2cae8e4abe9c15c25","point_task_41","37","numericResponse","point","0.61","17566","17566","","","","","point","","","","124"
"69b341f2cae8e4abe9c15c25","point_task_41","37","windowEvents","point","{""focus"":3,""input"":0,""keydown"":0,""keyup"":0,""mousemove"":44,""mousedown"":3,""mouseup"":2,""resize"":0,""scroll"":0,""visibility"":0}","","","","","","","","","","",""
"69b341f2cae8e4abe9c15c25","point_task_13","38","pixelResponse","point","140","24285","24285","","","","","point","","","","40"
"69b341f2cae8e4abe9c15c25","point_task_13","38","numericResponse","point","0.3","24285","24285","","","","","point","","","","40"
"69b341f2cae8e4abe9c15c25","point_task_13","38","windowEvents","point","{""focus"":2,""input"":0,""keydown"":0,""keyup"":0,""mousemove"":73,""mousedown"":4,""mouseup"":4,""resize"":0,""scroll"":0,""visibility"":0}","","","","","","","","","","",""
"69b341f2cae8e4abe9c15c25","point_task_11","39","pixelResponse","point","160","7746","7746","","","","","point","","","","30"
"69b341f2cae8e4abe9c15c25","point_task_11","39","numericResponse","point","0.2","7746","7746","","","","","point","","","","30"
"69b341f2cae8e4abe9c15c25","point_task_11","39","windowEvents","point","{""focus"":2,""input"":0,""keydown"":0,""keyup"":0,""mousemove"":38,""mousedown"":2,""mouseup"":2,""resize"":0,""scroll"":0,""visibility"":0}","","","","","","","","","","",""
"69b341f2cae8e4abe9c15c25","point_task_25","40","pixelResponse","point","164.00000000000003","5534","5534","","","","","point","","","","76"
"69b341f2cae8e4abe9c15c25","point_task_25","40","numericResponse","point","0.18","5534","5534","","","","","point","","","","76"
"69b341f2cae8e4abe9c15c25","point_task_25","40","windowEvents","point","{""focus"":2,""input"":0,""keydown"":0,""keyup"":0,""mousemove"":34,""mousedown"":2,""mouseup"":2,""resize"":0,""scroll"":0,""visibility"":0}","","","","","","","","","","",""
"69b341f2cae8e4abe9c15c25","point_task_47","41","pixelResponse","point","164.00000000000003","8143","8143","","","","","point","","","","138"
"69b341f2cae8e4abe9c15c25","point_task_47","41","numericResponse","point","0.18","8143","8143","","","","","point","","","","138"
"69b341f2cae8e4abe9c15c25","point_task_47","41","windowEvents","point","{""focus"":2,""input"":0,""keydown"":0,""keyup"":0,""mousemove"":37,""mousedown"":2,""mouseup"":2,""resize"":0,""scroll"":0,""visibility"":0}","","","","","","","","","","",""
"69b341f2cae8e4abe9c15c25","point_task_17","42","pixelResponse","point","78","14651","14651","","","","","point","","","","52"
"69b341f2cae8e4abe9c15c25","point_task_17","42","numericResponse","point","0.61","14651","14651","","","","","point","","","","52"
"69b341f2cae8e4abe9c15c25","point_task_17","42","windowEvents","point","{""focus"":2,""input"":0,""keydown"":0,""keyup"":0,""mousemove"":43,""mousedown"":2,""mouseup"":2,""resize"":2,""scroll"":0,""visibility"":0}","","","","","","","","","","",""
"69b341f2cae8e4abe9c15c25","point_task_31","43","pixelResponse","point","146","8818","8818","","","","","point","","","","90"
"69b341f2cae8e4abe9c15c25","point_task_31","43","numericResponse","point","0.27","8818","8818","","","","","point","","","","90"
"69b341f2cae8e4abe9c15c25","point_task_31","43","windowEvents","point","{""focus"":2,""input"":0,""keydown"":0,""keyup"":0,""mousemove"":41,""mousedown"":3,""mouseup"":3,""resize"":0,""scroll"":0,""visibility"":0}","","","","","","","","","","",""
"69b341f2cae8e4abe9c15c25","point_task_27","44","pixelResponse","point","152","14506","14506","","","","","point","","","","78"
"69b341f2cae8e4abe9c15c25","point_task_27","44","numericResponse","point","0.24","14506","14506","","","","","point","","","","78"
"69b341f2cae8e4abe9c15c25","point_task_27","44","windowEvents","point","{""focus"":2,""input"":0,""keydown"":0,""keyup"":0,""mousemove"":75,""mousedown"":4,""mouseup"":4,""resize"":0,""scroll"":0,""visibility"":0}","","","","","","","","","","",""
"69b341f2cae8e4abe9c15c25","point_task_33","45","pixelResponse","point","156","16529","16529","","","","","point","","","","100"
"69b341f2cae8e4abe9c15c25","point_task_33","45","numericResponse","point","0.22","16529","16529","","","","","point","","","","100"
"69b341f2cae8e4abe9c15c25","point_task_33","45","windowEvents","point","{""focus"":2,""input"":0,""keydown"":0,""keyup"":0,""mousemove"":62,""mousedown"":5,""mouseup"":5,""resize"":0,""scroll"":0,""visibility"":0}","","","","","","","","","","",""
"69b341f2cae8e4abe9c15c25","point_task_3","46","pixelResponse","point","122","19235","19235","","","","","point","","","","6"
"69b341f2cae8e4abe9c15c25","point_task_3","46","numericResponse","point","0.39","19235","19235","","","","","point","","","","6"
"69b341f2cae8e4abe9c15c25","point_task_3","46","windowEvents","point","{""focus"":5,""input"":0,""keydown"":0,""keyup"":0,""mousemove"":62,""mousedown"":8,""mouseup"":8,""resize"":0,""scroll"":0,""visibility"":0}","","","","","","","","","","",""
"69b341f2cae8e4abe9c15c25","point_task_43","47","pixelResponse","point","120","5713","5713","","","","","point","","","","126"
"69b341f2cae8e4abe9c15c25","point_task_43","47","numericResponse","point","0.4","5713","5713","","","","","point","","","","126"
"69b341f2cae8e4abe9c15c25","point_task_43","47","windowEvents","point","{""focus"":2,""input"":0,""keydown"":0,""keyup"":0,""mousemove"":32,""mousedown"":2,""mouseup"":2,""resize"":0,""scroll"":0,""visibility"":0}","","","","","","","","","","",""
"69b341f2cae8e4abe9c15c25","point_task_12","48","pixelResponse","point","64","7175","7175","","","","","point","","","","31"
"69b341f2cae8e4abe9c15c25","point_task_12","48","numericResponse","point","0.68","7175","7175","","","","","point","","","","31"
"69b341f2cae8e4abe9c15c25","point_task_12","48","windowEvents","point","{""focus"":2,""input"":0,""keydown"":0,""keyup"":0,""mousemove"":42,""mousedown"":3,""mouseup"":3,""resize"":0,""scroll"":0,""visibility"":0}","","","","","","","","","","",""
"69b341f2cae8e4abe9c15c25","point_task_26","49","pixelResponse","point","62.000000000000014","4971","4971","","","","","point","","","","77"
"69b341f2cae8e4abe9c15c25","point_task_26","49","numericResponse","point","0.69","4971","4971","","","","","point","","","","77"
"69b341f2cae8e4abe9c15c25","point_task_26","49","windowEvents","point","{""focus"":2,""input"":0,""keydown"":0,""keyup"":0,""mousemove"":27,""mousedown"":3,""mouseup"":3,""resize"":0,""scroll"":0,""visibility"":0}","","","","","","","","","","",""
"69b341f2cae8e4abe9c15c25","point_task_28","50","pixelResponse","point","37.999999999999986","11813","11813","","","","","point","","","","79"
"69b341f2cae8e4abe9c15c25","point_task_28","50","numericResponse","point","0.81","11813","11813","","","","","point","","","","79"
"69b341f2cae8e4abe9c15c25","point_task_28","50","windowEvents","point","{""focus"":2,""input"":0,""keydown"":0,""keyup"":0,""mousemove"":77,""mousedown"":5,""mouseup"":5,""resize"":0,""scroll"":0,""visibility"":0}","","","","","","","","","","",""
"69b341f2cae8e4abe9c15c25","point_task_6","51","pixelResponse","point","89.99999999999999","8035","8035","","","","","point","","","","17"
"69b341f2cae8e4abe9c15c25","point_task_6","51","numericResponse","point","0.55","8035","8035","","","","","point","","","","17"
"69b341f2cae8e4abe9c15c25","point_task_6","51","windowEvents","point","{""focus"":2,""input"":0,""keydown"":0,""keyup"":0,""mousemove"":29,""mousedown"":2,""mouseup"":2,""resize"":0,""scroll"":0,""visibility"":0}","","","","","","","","","","",""
"69b341f2cae8e4abe9c15c25","point_task_8","52","pixelResponse","point","76","10410","10410","","","","","point","","","","19"
"69b341f2cae8e4abe9c15c25","point_task_8","52","numericResponse","point","0.62","10410","10410","","","","","point","","","","19"
"69b341f2cae8e4abe9c15c25","point_task_8","52","windowEvents","point","{""focus"":2,""input"":0,""keydown"":0,""keyup"":0,""mousemove"":56,""mousedown"":3,""mouseup"":3,""resize"":0,""scroll"":0,""visibility"":0}","","","","","","","","","","",""
"69b341f2cae8e4abe9c15c25","point_task_2","53","pixelResponse","point","98","11436","11436","","","","","point","","","","5"
"69b341f2cae8e4abe9c15c25","point_task_2","53","numericResponse","point","0.51","11436","11436","","","","","point","","","","5"
"69b341f2cae8e4abe9c15c25","point_task_2","53","windowEvents","point","{""focus"":2,""input"":0,""keydown"":0,""keyup"":0,""mousemove"":57,""mousedown"":3,""mouseup"":3,""resize"":0,""scroll"":0,""visibility"":0}","","","","","","","","","","",""
"69b341f2cae8e4abe9c15c25","point_task_18","54","pixelResponse","point","118.00000000000001","3900","3900","","","","","point","","","","53"
"69b341f2cae8e4abe9c15c25","point_task_18","54","numericResponse","point","0.41","3900","3900","","","","","point","","","","53"
"69b341f2cae8e4abe9c15c25","point_task_18","54","windowEvents","point","{""focus"":2,""input"":0,""keydown"":0,""keyup"":0,""mousemove"":19,""mousedown"":2,""mouseup"":2,""resize"":0,""scroll"":0,""visibility"":0}","","","","","","","","","","",""
"69b341f2cae8e4abe9c15c25","point_task_38","55","pixelResponse","point","82.00000000000001","4730","4730","","","","","point","","","","113"
"69b341f2cae8e4abe9c15c25","point_task_38","55","numericResponse","point","0.59","4730","4730","","","","","point","","","","113"
"69b341f2cae8e4abe9c15c25","point_task_38","55","windowEvents","point","{""focus"":2,""input"":0,""keydown"":0,""keyup"":0,""mousemove"":32,""mousedown"":2,""mouseup"":2,""resize"":0,""scroll"":0,""visibility"":0}","","","","","","","","","","",""
"69b341f2cae8e4abe9c15c25","point_task_7","56","pixelResponse","point","124","9124","9124","","","","","point","","","","18"
"69b341f2cae8e4abe9c15c25","point_task_7","56","numericResponse","point","0.38","9124","9124","","","","","point","","","","18"
"69b341f2cae8e4abe9c15c25","point_task_7","56","windowEvents","point","{""focus"":2,""input"":0,""keydown"":0,""keyup"":0,""mousemove"":50,""mousedown"":3,""mouseup"":3,""resize"":0,""scroll"":0,""visibility"":0}","","","","","","","","","","",""
"69b341f2cae8e4abe9c15c25","point_task_5","57","pixelResponse","point","108","5499","5499","","","","","point","","","","16"
"69b341f2cae8e4abe9c15c25","point_task_5","57","numericResponse","point","0.46","5499","5499","","","","","point","","","","16"
"69b341f2cae8e4abe9c15c25","point_task_5","57","windowEvents","point","{""focus"":2,""input"":0,""keydown"":0,""keyup"":0,""mousemove"":34,""mousedown"":3,""mouseup"":3,""resize"":0,""scroll"":0,""visibility"":0}","","","","","","","","","","",""
"69b341f2cae8e4abe9c15c25","point_task_4","58","pixelResponse","point","104.00000000000001","4979","4979","","","","","point","","","","7"
"69b341f2cae8e4abe9c15c25","point_task_4","58","numericResponse","point","0.48","4979","4979","","","","","point","","","","7"
"69b341f2cae8e4abe9c15c25","point_task_4","58","windowEvents","point","{""focus"":2,""input"":0,""keydown"":0,""keyup"":0,""mousemove"":27,""mousedown"":2,""mouseup"":2,""resize"":0,""scroll"":0,""visibility"":0}","","","","","","","","","","",""
"69b341f2cae8e4abe9c15c25","point_task_24","59","pixelResponse","point","65.99999999999999","9149","9149","","","","","point","","","","67"
"69b341f2cae8e4abe9c15c25","point_task_24","59","numericResponse","point","0.67","9149","9149","","","","","point","","","","67"
"69b341f2cae8e4abe9c15c25","point_task_24","59","windowEvents","point","{""focus"":2,""input"":0,""keydown"":0,""keyup"":0,""mousemove"":52,""mousedown"":2,""mouseup"":2,""resize"":0,""scroll"":0,""visibility"":0}","","","","","","","","","","",""
"69b341f2cae8e4abe9c15c25","point_task_10","60","pixelResponse","point","72","4873","4873","","","","","point","","","","29"
"69b341f2cae8e4abe9c15c25","point_task_10","60","numericResponse","point","0.64","4873","4873","","","","","point","","","","29"
"69b341f2cae8e4abe9c15c25","point_task_10","60","windowEvents","point","{""focus"":2,""input"":0,""keydown"":0,""keyup"":0,""mousemove"":26,""mousedown"":2,""mouseup"":2,""resize"":0,""scroll"":0,""visibility"":0}","","","","","","","","","","",""
"69b341f2cae8e4abe9c15c25","point_task_1","61","pixelResponse","point","100","36078","36078","","","","","point","","","","4"
"69b341f2cae8e4abe9c15c25","point_task_1","61","numericResponse","point","0.5","36078","36078","","","","","point","","","","4"
"69b341f2cae8e4abe9c15c25","point_task_1","61","windowEvents","point","{""focus"":2,""input"":0,""keydown"":0,""keyup"":0,""mousemove"":97,""mousedown"":2,""mouseup"":2,""resize"":0,""scroll"":0,""visibility"":0}","","","","","","","","","","",""
"69b341f2cae8e4abe9c15c25","point_task_20","62","pixelResponse","point","86","8425","8425","","","","","point","","","","55"
"69b341f2cae8e4abe9c15c25","point_task_20","62","numericResponse","point","0.57","8425","8425","","","","","point","","","","55"
"69b341f2cae8e4abe9c15c25","point_task_20","62","windowEvents","point","{""focus"":2,""input"":0,""keydown"":0,""keyup"":0,""mousemove"":36,""mousedown"":2,""mouseup"":2,""resize"":0,""scroll"":0,""visibility"":0}","","","","","","","","","","",""
"69b341f2cae8e4abe9c15c25","point_task_37","63","pixelResponse","point","131.99999999999997","8508","8508","","","","","point","","","","112"
"69b341f2cae8e4abe9c15c25","point_task_37","63","numericResponse","point","0.34","8508","8508","","","","","point","","","","112"
"69b341f2cae8e4abe9c15c25","point_task_37","63","windowEvents","point","{""focus"":2,""input"":0,""keydown"":0,""keyup"":0,""mousemove"":44,""mousedown"":2,""mouseup"":2,""resize"":0,""scroll"":0,""visibility"":0}","","","","","","","","","","",""
"69b341f2cae8e4abe9c15c25","point_task_22","64","pixelResponse","point","70","7486","7486","","","","","point","","","","65"
"69b341f2cae8e4abe9c15c25","point_task_22","64","numericResponse","point","0.65","7486","7486","","","","","point","","","","65"
"69b341f2cae8e4abe9c15c25","point_task_22","64","windowEvents","point","{""focus"":2,""input"":0,""keydown"":0,""keyup"":0,""mousemove"":36,""mousedown"":2,""mouseup"":2,""resize"":0,""scroll"":0,""visibility"":0}","","","","","","","","","","",""
"69b341f2cae8e4abe9c15c25","point_task_16","65","pixelResponse","point","36.000000000000014","13569","13569","","","","","point","","","","43"
"69b341f2cae8e4abe9c15c25","point_task_16","65","numericResponse","point","0.82","13569","13569","","","","","point","","","","43"
"69b341f2cae8e4abe9c15c25","point_task_16","65","windowEvents","point","{""focus"":2,""input"":0,""keydown"":0,""keyup"":0,""mousemove"":55,""mousedown"":3,""mouseup"":3,""resize"":0,""scroll"":0,""visibility"":0}","","","","","","","","","","",""
"69b341f2cae8e4abe9c15c25","point_task_23","66","pixelResponse","point","116.00000000000001","8077","8077","","","","","point","","","","66"
"69b341f2cae8e4abe9c15c25","point_task_23","66","numericResponse","point","0.42","8077","8077","","","","","point","","","","66"
"69b341f2cae8e4abe9c15c25","point_task_23","66","windowEvents","point","{""focus"":2,""input"":0,""keydown"":0,""keyup"":0,""mousemove"":39,""mousedown"":3,""mouseup"":3,""resize"":0,""scroll"":0,""visibility"":0}","","","","","","","","","","",""
"69b341f2cae8e4abe9c15c25","point_task_19","67","pixelResponse","point","94","6411","6411","","","","","point","","","","54"
"69b341f2cae8e4abe9c15c25","point_task_19","67","numericResponse","point","0.53","6411","6411","","","","","point","","","","54"
"69b341f2cae8e4abe9c15c25","point_task_19","67","windowEvents","point","{""focus"":2,""input"":0,""keydown"":0,""keyup"":0,""mousemove"":36,""mousedown"":2,""mouseup"":2,""resize"":0,""scroll"":0,""visibility"":0}","","","","","","","","","","",""
"69b341f2cae8e4abe9c15c25","point_task_36","68","pixelResponse","point","43.99999999999999","5881","5881","","","","","point","","","","103"
"69b341f2cae8e4abe9c15c25","point_task_36","68","numericResponse","point","0.78","5881","5881","","","","","point","","","","103"
"69b341f2cae8e4abe9c15c25","point_task_36","68","windowEvents","point","{""focus"":2,""input"":0,""keydown"":0,""keyup"":0,""mousemove"":25,""mousedown"":2,""mouseup"":2,""resize"":0,""scroll"":0,""visibility"":0}","","","","","","","","","","",""
"69b341f2cae8e4abe9c15c25","point_task_14","69","pixelResponse","point","84.00000000000001","4195","4195","","","","","point","","","","41"
"69b341f2cae8e4abe9c15c25","point_task_14","69","numericResponse","point","0.58","4195","4195","","","","","point","","","","41"
"69b341f2cae8e4abe9c15c25","point_task_14","69","windowEvents","point","{""focus"":2,""input"":0,""keydown"":0,""keyup"":0,""mousemove"":23,""mousedown"":2,""mouseup"":2,""resize"":0,""scroll"":0,""visibility"":0}","","","","","","","","","","",""
"69b341f2cae8e4abe9c15c25","point_task_9","70","pixelResponse","point","146","4557","4557","","","","","point","","","","28"
"69b341f2cae8e4abe9c15c25","point_task_9","70","numericResponse","point","0.27","4557","4557","","","","","point","","","","28"
"69b341f2cae8e4abe9c15c25","point_task_9","70","windowEvents","point","{""focus"":2,""input"":0,""keydown"":0,""keyup"":0,""mousemove"":28,""mousedown"":2,""mouseup"":2,""resize"":0,""scroll"":0,""visibility"":0}","","","","","","","","","","",""
"69b341f2cae8e4abe9c15c25","point_task_30","71","pixelResponse","point","110.00000000000001","11600","11600","","","","","point","","","","89"
"69b341f2cae8e4abe9c15c25","point_task_30","71","numericResponse","point","0.45","11600","11600","","","","","point","","","","89"
"69b341f2cae8e4abe9c15c25","point_task_30","71","windowEvents","point","{""focus"":2,""input"":0,""keydown"":0,""keyup"":0,""mousemove"":41,""mousedown"":2,""mouseup"":2,""resize"":0,""scroll"":0,""visibility"":0}","","","","","","","","","","",""
"69b341f2cae8e4abe9c15c25","post_study","72","gender","point","Female","17794","17794","","","","","","","","",""
"69b341f2cae8e4abe9c15c25","post_study","72","gender-other","point","","17794","17794","","","","","","","","",""
"69b341f2cae8e4abe9c15c25","post_study","72","age","point","35","17794","17794","","","","","","","","",""
"69b341f2cae8e4abe9c15c25","post_study","72","feedback","point","No","17794","17794","","","","","","","","",""
"69b341f2cae8e4abe9c15c25","post_study","72","feedback-text","point","","17794","17794","","","","","","","","",""
"69b341f2cae8e4abe9c15c25","post_study","72","strategy","point","","17794","17794","","","","","","","","",""
"69b341f2cae8e4abe9c15c25","post_study","72","windowEvents","point","{""focus"":8,""input"":4,""keydown"":2,""keyup"":1,""mousemove"":65,""mousedown"":8,""mouseup"":8,""resize"":2,""scroll"":0,""visibility"":0}","","","","","","","","","","",""
"69b57e288616ee6ce6d7c3de","participantTags","","participantTags","point","[""virtual-chinrest"",""point""]","","","","","","","","","","",""
"69b57e288616ee6ce6d7c3de","introduction","0","prolificId","point","69b57e288616ee6ce6d7c3de","2750","2750","","","","","","","","",""
"69b57e288616ee6ce6d7c3de","introduction","0","windowEvents","point","{""focus"":0,""input"":0,""keydown"":0,""keyup"":0,""mousemove"":15,""mousedown"":0,""mouseup"":0,""resize"":0,""scroll"":0,""visibility"":0}","","","","","","","","","","",""
"69b57e288616ee6ce6d7c3de","consent","1","consentApproval","point","Accept","21165","21165","","","","","","","","",""
"69b57e288616ee6ce6d7c3de","consent","1","windowEvents","point","{""focus"":0,""input"":1,""keydown"":0,""keyup"":0,""mousemove"":49,""mousedown"":2,""mouseup"":2,""resize"":0,""scroll"":78,""visibility"":0}","","","","","","","","","","",""
"69b57e288616ee6ce6d7c3de","chinrest_intro","2","","point","","8730","8080","","","","","","","","",""
"69b57e288616ee6ce6d7c3de","chinrest_intro","2","windowEvents","point","{""focus"":0,""input"":0,""keydown"":0,""keyup"":0,""mousemove"":40,""mousedown"":2,""mouseup"":1,""resize"":1,""scroll"":1,""visibility"":2}","","","","","","","","","","",""
"69b57e288616ee6ce6d7c3de","$virtual-chinrest.components.card-size","3","pixelsPerMM","point","4.088785046728972","35124","35124","pixelsPerMM","85.6","53.98","","","","","",""
"69b57e288616ee6ce6d7c3de","$virtual-chinrest.components.card-size","3","windowEvents","point","{""focus"":1,""input"":0,""keydown"":0,""keyup"":0,""mousemove"":117,""mousedown"":3,""mouseup"":3,""resize"":0,""scroll"":0,""visibility"":0}","","","","","","","","","","",""
"69b57e288616ee6ce6d7c3de","$virtual-chinrest.components.blindspot-distance","4","dist-calibration-MM","point","725.3238804218705","137255","137255","","","","13.5","","","","",""
"69b57e288616ee6ce6d7c3de","$virtual-chinrest.components.blindspot-distance","4","dist-calibration-CM","point","72.53238804218705","137255","137255","","","","13.5","","","","",""
"69b57e288616ee6ce6d7c3de","$virtual-chinrest.components.blindspot-distance","4","ball-positions","point","[461,467,431,441,415]","137255","137255","","","","13.5","","","","",""
"69b57e288616ee6ce6d7c3de","$virtual-chinrest.components.blindspot-distance","4","square-position","point","1155","137255","137255","","","","13.5","","","","",""
"69b57e288616ee6ce6d7c3de","$virtual-chinrest.components.blindspot-distance","4","windowEvents","point","{""focus"":0,""input"":0,""keydown"":16,""keyup"":16,""mousemove"":221,""mousedown"":7,""mouseup"":8,""resize"":0,""scroll"":14,""visibility"":0}","","","","","","","","","","",""
"69b57e288616ee6ce6d7c3de","study_overview","5","","point","","24245","24245","","","","","","","","",""
"69b57e288616ee6ce6d7c3de","study_overview","5","windowEvents","point","{""focus"":0,""input"":0,""keydown"":0,""keyup"":0,""mousemove"":78,""mousedown"":1,""mouseup"":1,""resize"":0,""scroll"":0,""visibility"":0}","","","","","","","","","","",""
"69b57e288616ee6ce6d7c3de","task1_intro","6","","point","","27254","27254","","","","","","","","",""
"69b57e288616ee6ce6d7c3de","task1_intro","6","windowEvents","point","{""focus"":1,""input"":0,""keydown"":0,""keyup"":0,""mousemove"":33,""mousedown"":4,""mouseup"":3,""resize"":0,""scroll"":0,""visibility"":0}","","","","","","","","","","",""
"69b57e288616ee6ce6d7c3de","block5_train_1","7","location-x","point","0.25","57543","57543","","","","","Block5","true","0.25","4.5",""
"69b57e288616ee6ce6d7c3de","block5_train_1","7","location-y","point","4.5","57543","57543","","","","","Block5","true","0.25","4.5",""
"69b57e288616ee6ce6d7c3de","block5_train_1","7","slider-x","point","0.26","57543","57543","","","","","Block5","true","0.25","4.5",""
"69b57e288616ee6ce6d7c3de","block5_train_1","7","slider-y","point","4.47","57543","57543","","","","","Block5","true","0.25","4.5",""
"69b57e288616ee6ce6d7c3de","block5_train_1","7","px-slider-x","point","331.41","57543","57543","","","","","Block5","true","0.25","4.5",""
"69b57e288616ee6ce6d7c3de","block5_train_1","7","px-slider-y","point","233.43500000000003","57543","57543","","","","","Block5","true","0.25","4.5",""
"69b57e288616ee6ce6d7c3de","block5_train_1","7","px-location-x","point","330.875","57543","57543","","","","","Block5","true","0.25","4.5",""
"69b57e288616ee6ce6d7c3de","block5_train_1","7","px-location-y","point","232.25000000000003","57543","57543","","","","","Block5","true","0.25","4.5",""
"69b57e288616ee6ce6d7c3de","block5_train_1","7","windowEvents","point","{""focus"":4,""input"":0,""keydown"":0,""keyup"":0,""mousemove"":210,""mousedown"":6,""mouseup"":7,""resize"":0,""scroll"":8,""visibility"":0}","","","","","","","","","","",""
"69b57e288616ee6ce6d7c3de","block5_train_2","8","location-x","point","-1.5","21840","21840","","","","","Block5","true","-1.5","7.2",""
"69b57e288616ee6ce6d7c3de","block5_train_2","8","location-y","point","7.2","21840","21840","","","","","Block5","true","-1.5","7.2",""
"69b57e288616ee6ce6d7c3de","block5_train_2","8","slider-x","point","-1.51","21840","21840","","","","","Block5","true","-1.5","7.2",""
"69b57e288616ee6ce6d7c3de","block5_train_2","8","slider-y","point","7.17","21840","21840","","","","","Block5","true","-1.5","7.2",""
"69b57e288616ee6ce6d7c3de","block5_train_2","8","px-slider-x","point","236.71500000000003","21840","21840","","","","","Block5","true","-1.5","7.2",""
"69b57e288616ee6ce6d7c3de","block5_train_2","8","px-slider-y","point","126.78500000000001","21840","21840","","","","","Block5","true","-1.5","7.2",""
"69b57e288616ee6ce6d7c3de","block5_train_2","8","px-location-x","point","237.25","21840","21840","","","","","Block5","true","-1.5","7.2",""
"69b57e288616ee6ce6d7c3de","block5_train_2","8","px-location-y","point","125.60000000000001","21840","21840","","","","","Block5","true","-1.5","7.2",""
"69b57e288616ee6ce6d7c3de","block5_train_2","8","windowEvents","point","{""focus"":2,""input"":0,""keydown"":0,""keyup"":0,""mousemove"":97,""mousedown"":4,""mouseup"":4,""resize"":0,""scroll"":26,""visibility"":0}","","","","","","","","","","",""
"69b57e288616ee6ce6d7c3de","task1_test_intro","9","","point","","5653","5653","","","","","","","","",""
"69b57e288616ee6ce6d7c3de","task1_test_intro","9","windowEvents","point","{""focus"":0,""input"":0,""keydown"":0,""keyup"":0,""mousemove"":21,""mousedown"":1,""mouseup"":1,""resize"":0,""scroll"":1,""visibility"":0}","","","","","","","","","","",""
"69b57e288616ee6ce6d7c3de","block5_test_2","10","location-x","point","-1.55","19283","19283","","","","","Block5","false","","",""
"69b57e288616ee6ce6d7c3de","block5_test_2","10","location-y","point","6.42","19283","19283","","","","","Block5","false","","",""
"69b57e288616ee6ce6d7c3de","block5_test_2","10","slider-x","point","-1.44","19283","19283","","","","","Block5","false","","",""
"69b57e288616ee6ce6d7c3de","block5_test_2","10","slider-y","point","6.47","19283","19283","","","","","Block5","false","","",""
"69b57e288616ee6ce6d7c3de","block5_test_2","10","px-slider-x","point","240.45999999999998","19283","19283","","","","","Block5","false","","",""
"69b57e288616ee6ce6d7c3de","block5_test_2","10","px-slider-y","point","154.435","19283","19283","","","","","Block5","false","","",""
"69b57e288616ee6ce6d7c3de","block5_test_2","10","px-location-x","point","234.57500000000002","19283","19283","","","","","Block5","false","","",""
"69b57e288616ee6ce6d7c3de","block5_test_2","10","px-location-y","point","156.41","19283","19283","","","","","Block5","false","","",""
"69b57e288616ee6ce6d7c3de","block5_test_2","10","windowEvents","point","{""focus"":2,""input"":0,""keydown"":0,""keyup"":0,""mousemove"":91,""mousedown"":4,""mouseup"":3,""resize"":0,""scroll"":0,""visibility"":0}","","","","","","","","","","",""
"69b57e288616ee6ce6d7c3de","block5_test_5","11","location-x","point","2.57","23421","23421","","","","","Block5","false","","",""
"69b57e288616ee6ce6d7c3de","block5_test_5","11","location-y","point","1.48","23421","23421","","","","","Block5","false","","",""
"69b57e288616ee6ce6d7c3de","block5_test_5","11","slider-x","point","2.59","23421","23421","","","","","Block5","false","","",""
"69b57e288616ee6ce6d7c3de","block5_test_5","11","slider-y","point","1.66","23421","23421","","","","","Block5","false","","",""
"69b57e288616ee6ce6d7c3de","block5_test_5","11","px-slider-x","point","456.065","23421","23421","","","","","Block5","false","","",""
"69b57e288616ee6ce6d7c3de","block5_test_5","11","px-slider-y","point","344.43000000000006","23421","23421","","","","","Block5","false","","",""
"69b57e288616ee6ce6d7c3de","block5_test_5","11","px-location-x","point","454.995","23421","23421","","","","","Block5","false","","",""
"69b57e288616ee6ce6d7c3de","block5_test_5","11","px-location-y","point","351.54","23421","23421","","","","","Block5","false","","",""
"69b57e288616ee6ce6d7c3de","block5_test_5","11","windowEvents","point","{""focus"":2,""input"":0,""keydown"":0,""keyup"":0,""mousemove"":124,""mousedown"":4,""mouseup"":5,""resize"":0,""scroll"":0,""visibility"":0}","","","","","","","","","","",""
"69b57e288616ee6ce6d7c3de","block5_test_6","12","location-x","point","0.21","13153","13153","","","","","Block5","false","","",""
"69b57e288616ee6ce6d7c3de","block5_test_6","12","location-y","point","1.38","13153","13153","","","","","Block5","false","","",""
"69b57e288616ee6ce6d7c3de","block5_test_6","12","slider-x","point","0.24","13153","13153","","","","","Block5","false","","",""
"69b57e288616ee6ce6d7c3de","block5_test_6","12","slider-y","point","1.64","13153","13153","","","","","Block5","false","","",""
"69b57e288616ee6ce6d7c3de","block5_test_6","12","px-slider-x","point","330.34000000000003","13153","13153","","","","","Block5","false","","",""
"69b57e288616ee6ce6d7c3de","block5_test_6","12","px-slider-y","point","345.22","13153","13153","","","","","Block5","false","","",""
"69b57e288616ee6ce6d7c3de","block5_test_6","12","px-location-x","point","328.735","13153","13153","","","","","Block5","false","","",""
"69b57e288616ee6ce6d7c3de","block5_test_6","12","px-location-y","point","355.49","13153","13153","","","","","Block5","false","","",""
"69b57e288616ee6ce6d7c3de","block5_test_6","12","windowEvents","point","{""focus"":2,""input"":0,""keydown"":0,""keyup"":0,""mousemove"":77,""mousedown"":4,""mouseup"":3,""resize"":0,""scroll"":0,""visibility"":0}","","","","","","","","","","",""
"69b57e288616ee6ce6d7c3de","block5_test_8","13","location-x","point","4.64","16973","16973","","","","","Block5","false","","",""
"69b57e288616ee6ce6d7c3de","block5_test_8","13","location-y","point","2.87","16973","16973","","","","","Block5","false","","",""
"69b57e288616ee6ce6d7c3de","block5_test_8","13","slider-x","point","4.73","16973","16973","","","","","Block5","false","","",""
"69b57e288616ee6ce6d7c3de","block5_test_8","13","slider-y","point","3.12","16973","16973","","","","","Block5","false","","",""
"69b57e288616ee6ce6d7c3de","block5_test_8","13","px-slider-x","point","570.5550000000001","16973","16973","","","","","Block5","false","","",""
"69b57e288616ee6ce6d7c3de","block5_test_8","13","px-slider-y","point","286.76","16973","16973","","","","","Block5","false","","",""
"69b57e288616ee6ce6d7c3de","block5_test_8","13","px-location-x","point","565.74","16973","16973","","","","","Block5","false","","",""
"69b57e288616ee6ce6d7c3de","block5_test_8","13","px-location-y","point","296.635","16973","16973","","","","","Block5","false","","",""
"69b57e288616ee6ce6d7c3de","block5_test_8","13","windowEvents","point","{""focus"":2,""input"":0,""keydown"":0,""keyup"":0,""mousemove"":99,""mousedown"":2,""mouseup"":3,""resize"":0,""scroll"":0,""visibility"":0}","","","","","","","","","","",""
"69b57e288616ee6ce6d7c3de","block5_test_9","14","location-x","point","-1.03","19882","19882","","","","","Block5","false","","",""
"69b57e288616ee6ce6d7c3de","block5_test_9","14","location-y","point","6.65","19882","19882","","","","","Block5","false","","",""
"69b57e288616ee6ce6d7c3de","block5_test_9","14","slider-x","point","-0.92","19882","19882","","","","","Block5","false","","",""
"69b57e288616ee6ce6d7c3de","block5_test_9","14","slider-y","point","6.67","19882","19882","","","","","Block5","false","","",""
"69b57e288616ee6ce6d7c3de","block5_test_9","14","px-slider-x","point","268.28000000000003","19882","19882","","","","","Block5","false","","",""
"69b57e288616ee6ce6d7c3de","block5_test_9","14","px-slider-y","point","146.53499999999997","19882","19882","","","","","Block5","false","","",""
"69b57e288616ee6ce6d7c3de","block5_test_9","14","px-location-x","point","262.395","19882","19882","","","","","Block5","false","","",""
"69b57e288616ee6ce6d7c3de","block5_test_9","14","px-location-y","point","147.325","19882","19882","","","","","Block5","false","","",""
"69b57e288616ee6ce6d7c3de","block5_test_9","14","windowEvents","point","{""focus"":2,""input"":0,""keydown"":0,""keyup"":0,""mousemove"":120,""mousedown"":5,""mouseup"":5,""resize"":0,""scroll"":0,""visibility"":0}","","","","","","","","","","",""
"69b57e288616ee6ce6d7c3de","block5_test_3","15","location-x","point","4.12","18120","18120","","","","","Block5","false","","",""
"69b57e288616ee6ce6d7c3de","block5_test_3","15","location-y","point","4.76","18120","18120","","","","","Block5","false","","",""
"69b57e288616ee6ce6d7c3de","block5_test_3","15","slider-x","point","4.17","18120","18120","","","","","Block5","false","","",""
"69b57e288616ee6ce6d7c3de","block5_test_3","15","slider-y","point","4.86","18120","18120","","","","","Block5","false","","",""
"69b57e288616ee6ce6d7c3de","block5_test_3","15","px-slider-x","point","540.595","18120","18120","","","","","Block5","false","","",""
"69b57e288616ee6ce6d7c3de","block5_test_3","15","px-slider-y","point","218.03","18120","18120","","","","","Block5","false","","",""
"69b57e288616ee6ce6d7c3de","block5_test_3","15","px-location-x","point","537.9200000000001","18120","18120","","","","","Block5","false","","",""
"69b57e288616ee6ce6d7c3de","block5_test_3","15","px-location-y","point","221.98","18120","18120","","","","","Block5","false","","",""
"69b57e288616ee6ce6d7c3de","block5_test_3","15","windowEvents","point","{""focus"":2,""input"":0,""keydown"":0,""keyup"":0,""mousemove"":99,""mousedown"":4,""mouseup"":4,""resize"":0,""scroll"":0,""visibility"":0}","","","","","","","","","","",""
"69b57e288616ee6ce6d7c3de","block5_test_1","16","location-x","point","-0.36","14949","14949","","","","","Block5","false","","",""
"69b57e288616ee6ce6d7c3de","block5_test_1","16","location-y","point","7.36","14949","14949","","","","","Block5","false","","",""
"69b57e288616ee6ce6d7c3de","block5_test_1","16","slider-x","point","-0.14","14949","14949","","","","","Block5","false","","",""
"69b57e288616ee6ce6d7c3de","block5_test_1","16","slider-y","point","7.44","14949","14949","","","","","Block5","false","","",""
"69b57e288616ee6ce6d7c3de","block5_test_1","16","px-slider-x","point","310.01","14949","14949","","","","","Block5","false","","",""
"69b57e288616ee6ce6d7c3de","block5_test_1","16","px-slider-y","point","116.12","14949","14949","","","","","Block5","false","","",""
"69b57e288616ee6ce6d7c3de","block5_test_1","16","px-location-x","point","298.24","14949","14949","","","","","Block5","false","","",""
"69b57e288616ee6ce6d7c3de","block5_test_1","16","px-location-y","point","119.28","14949","14949","","","","","Block5","false","","",""
"69b57e288616ee6ce6d7c3de","block5_test_1","16","windowEvents","point","{""focus"":2,""input"":0,""keydown"":0,""keyup"":0,""mousemove"":95,""mousedown"":4,""mouseup"":4,""resize"":0,""scroll"":0,""visibility"":0}","","","","","","","","","","",""
"69b57e288616ee6ce6d7c3de","block5_test_4","17","location-x","point","-4.2","13403","13403","","","","","Block5","false","","",""
"69b57e288616ee6ce6d7c3de","block5_test_4","17","location-y","point","2.38","13403","13403","","","","","Block5","false","","",""
"69b57e288616ee6ce6d7c3de","block5_test_4","17","slider-x","point","-4.15","13403","13403","","","","","Block5","false","","",""
"69b57e288616ee6ce6d7c3de","block5_test_4","17","slider-y","point","2.37","13403","13403","","","","","Block5","false","","",""
"69b57e288616ee6ce6d7c3de","block5_test_4","17","px-slider-x","point","95.47499999999998","13403","13403","","","","","Block5","false","","",""
"69b57e288616ee6ce6d7c3de","block5_test_4","17","px-slider-y","point","316.385","13403","13403","","","","","Block5","false","","",""
"69b57e288616ee6ce6d7c3de","block5_test_4","17","px-location-x","point","92.79999999999998","13403","13403","","","","","Block5","false","","",""
"69b57e288616ee6ce6d7c3de","block5_test_4","17","px-location-y","point","315.99","13403","13403","","","","","Block5","false","","",""
"69b57e288616ee6ce6d7c3de","block5_test_4","17","windowEvents","point","{""focus"":2,""input"":0,""keydown"":0,""keyup"":0,""mousemove"":75,""mousedown"":4,""mouseup"":3,""resize"":0,""scroll"":0,""visibility"":0}","","","","","","","","","","",""
"69b57e288616ee6ce6d7c3de","block5_test_10","18","location-x","point","-0.46","16514","16514","","","","","Block5","false","","",""
"69b57e288616ee6ce6d7c3de","block5_test_10","18","location-y","point","3.85","16514","16514","","","","","Block5","false","","",""
"69b57e288616ee6ce6d7c3de","block5_test_10","18","slider-x","point","-0.43","16514","16514","","","","","Block5","false","","",""
"69b57e288616ee6ce6d7c3de","block5_test_10","18","slider-y","point","3.85","16514","16514","","","","","Block5","false","","",""
"69b57e288616ee6ce6d7c3de","block5_test_10","18","px-slider-x","point","294.495","16514","16514","","","","","Block5","false","","",""
"69b57e288616ee6ce6d7c3de","block5_test_10","18","px-slider-y","point","257.925","16514","16514","","","","","Block5","false","","",""
"69b57e288616ee6ce6d7c3de","block5_test_10","18","px-location-x","point","292.89000000000004","16514","16514","","","","","Block5","false","","",""
"69b57e288616ee6ce6d7c3de","block5_test_10","18","px-location-y","point","257.925","16514","16514","","","","","Block5","false","","",""
"69b57e288616ee6ce6d7c3de","block5_test_10","18","windowEvents","point","{""focus"":2,""input"":0,""keydown"":0,""keyup"":0,""mousemove"":92,""mousedown"":2,""mouseup"":3,""resize"":0,""scroll"":0,""visibility"":0}","","","","","","","","","","",""
"69b57e288616ee6ce6d7c3de","block5_test_7","19","location-x","point","1.2","14363","14363","","","","","Block5","false","","",""
"69b57e288616ee6ce6d7c3de","block5_test_7","19","location-y","point","4.62","14363","14363","","","","","Block5","false","","",""
"69b57e288616ee6ce6d7c3de","block5_test_7","19","slider-x","point","1.3","14363","14363","","","","","Block5","false","","",""
"69b57e288616ee6ce6d7c3de","block5_test_7","19","slider-y","point","4.78","14363","14363","","","","","Block5","false","","",""
"69b57e288616ee6ce6d7c3de","block5_test_7","19","px-slider-x","point","387.05","14363","14363","","","","","Block5","false","","",""
"69b57e288616ee6ce6d7c3de","block5_test_7","19","px-slider-y","point","221.19","14363","14363","","","","","Block5","false","","",""
"69b57e288616ee6ce6d7c3de","block5_test_7","19","px-location-x","point","381.7","14363","14363","","","","","Block5","false","","",""
"69b57e288616ee6ce6d7c3de","block5_test_7","19","px-location-y","point","227.51000000000002","14363","14363","","","","","Block5","false","","",""
"69b57e288616ee6ce6d7c3de","block5_test_7","19","windowEvents","point","{""focus"":2,""input"":0,""keydown"":0,""keyup"":0,""mousemove"":90,""mousedown"":3,""mouseup"":3,""resize"":0,""scroll"":0,""visibility"":0}","","","","","","","","","","",""
"69b57e288616ee6ce6d7c3de","task2_intro","20","","point","","28230","28230","","","","","","","","",""
"69b57e288616ee6ce6d7c3de","task2_intro","20","windowEvents","point","{""focus"":0,""input"":0,""keydown"":0,""keyup"":0,""mousemove"":74,""mousedown"":2,""mouseup"":1,""resize"":0,""scroll"":0,""visibility"":0}","","","","","","","","","","",""
"69b57e288616ee6ce6d7c3de","moritz_train_point_1","21","pixelResponse","point","102","26494","26494","","","","","pointArc","true","","","8"
"69b57e288616ee6ce6d7c3de","moritz_train_point_1","21","numericResponse","point","0.49","26494","26494","","","","","pointArc","true","","","8"
"69b57e288616ee6ce6d7c3de","moritz_train_point_1","21","windowEvents","point","{""focus"":1,""input"":0,""keydown"":0,""keyup"":0,""mousemove"":97,""mousedown"":4,""mouseup"":4,""resize"":0,""scroll"":0,""visibility"":0}","","","","","","","","","","",""
"69b57e288616ee6ce6d7c3de","moritz_train_point_2","22","pixelResponse","point","108","18446","18446","","","","","pointArc","true","","","9"
"69b57e288616ee6ce6d7c3de","moritz_train_point_2","22","numericResponse","point","0.46","18446","18446","","","","","pointArc","true","","","9"
"69b57e288616ee6ce6d7c3de","moritz_train_point_2","22","windowEvents","point","{""focus"":1,""input"":0,""keydown"":0,""keyup"":0,""mousemove"":64,""mousedown"":3,""mouseup"":3,""resize"":0,""scroll"":0,""visibility"":0}","","","","","","","","","","",""
"69b57e288616ee6ce6d7c3de","task2_test_intro","23","","point","","5269","5269","","","","","","","","",""
"69b57e288616ee6ce6d7c3de","task2_test_intro","23","windowEvents","point","{""focus"":0,""input"":0,""keydown"":0,""keyup"":0,""mousemove"":19,""mousedown"":1,""mouseup"":1,""resize"":0,""scroll"":0,""visibility"":0}","","","","","","","","","","",""
"69b57e288616ee6ce6d7c3de","point_task_40","24","pixelResponse","point","82.00000000000001","16457","16457","","","","","point","","","","115"
"69b57e288616ee6ce6d7c3de","point_task_40","24","numericResponse","point","0.59","16457","16457","","","","","point","","","","115"
"69b57e288616ee6ce6d7c3de","point_task_40","24","windowEvents","point","{""focus"":1,""input"":0,""keydown"":0,""keyup"":0,""mousemove"":77,""mousedown"":2,""mouseup"":3,""resize"":0,""scroll"":0,""visibility"":0}","","","","","","","","","","",""
"69b57e288616ee6ce6d7c3de","point_task_46","25","pixelResponse","point","72","10272","10272","","","","","point","","","","137"
"69b57e288616ee6ce6d7c3de","point_task_46","25","numericResponse","point","0.64","10272","10272","","","","","point","","","","137"
"69b57e288616ee6ce6d7c3de","point_task_46","25","windowEvents","point","{""focus"":1,""input"":0,""keydown"":0,""keyup"":0,""mousemove"":58,""mousedown"":3,""mouseup"":2,""resize"":0,""scroll"":0,""visibility"":0}","","","","","","","","","","",""
"69b57e288616ee6ce6d7c3de","point_task_7","26","pixelResponse","point","98","10901","10901","","","","","point","","","","18"
"69b57e288616ee6ce6d7c3de","point_task_7","26","numericResponse","point","0.51","10901","10901","","","","","point","","","","18"
"69b57e288616ee6ce6d7c3de","point_task_7","26","windowEvents","point","{""focus"":1,""input"":0,""keydown"":0,""keyup"":0,""mousemove"":72,""mousedown"":2,""mouseup"":3,""resize"":0,""scroll"":0,""visibility"":0}","","","","","","","","","","",""
"69b57e288616ee6ce6d7c3de","point_task_15","27","pixelResponse","point","106","13192","13192","","","","","point","","","","42"
"69b57e288616ee6ce6d7c3de","point_task_15","27","numericResponse","point","0.47","13192","13192","","","","","point","","","","42"
"69b57e288616ee6ce6d7c3de","point_task_15","27","windowEvents","point","{""focus"":1,""input"":0,""keydown"":0,""keyup"":0,""mousemove"":76,""mousedown"":4,""mouseup"":4,""resize"":0,""scroll"":0,""visibility"":0}","","","","","","","","","","",""
"69b57e288616ee6ce6d7c3de","point_task_34","28","pixelResponse","point","28","11958","11958","","","","","point","","","","101"
"69b57e288616ee6ce6d7c3de","point_task_34","28","numericResponse","point","0.86","11958","11958","","","","","point","","","","101"
"69b57e288616ee6ce6d7c3de","point_task_34","28","windowEvents","point","{""focus"":1,""input"":0,""keydown"":0,""keyup"":0,""mousemove"":65,""mousedown"":6,""mouseup"":6,""resize"":0,""scroll"":0,""visibility"":0}","","","","","","","","","","",""
"69b57e288616ee6ce6d7c3de","point_task_25","29","pixelResponse","point","160","9724","9724","","","","","point","","","","76"
"69b57e288616ee6ce6d7c3de","point_task_25","29","numericResponse","point","0.2","9724","9724","","","","","point","","","","76"
"69b57e288616ee6ce6d7c3de","point_task_25","29","windowEvents","point","{""focus"":1,""input"":0,""keydown"":0,""keyup"":0,""mousemove"":58,""mousedown"":3,""mouseup"":2,""resize"":0,""scroll"":0,""visibility"":0}","","","","","","","","","","",""
"69b57e288616ee6ce6d7c3de","point_task_13","30","pixelResponse","point","112.00000000000001","6518","6518","","","","","point","","","","40"
"69b57e288616ee6ce6d7c3de","point_task_13","30","numericResponse","point","0.44","6518","6518","","","","","point","","","","40"
"69b57e288616ee6ce6d7c3de","point_task_13","30","windowEvents","point","{""focus"":1,""input"":0,""keydown"":0,""keyup"":0,""mousemove"":42,""mousedown"":1,""mouseup"":2,""resize"":0,""scroll"":0,""visibility"":0}","","","","","","","","","","",""
"69b57e288616ee6ce6d7c3de","point_task_11","31","pixelResponse","point","135.99999999999997","7137","7137","","","","","point","","","","30"
"69b57e288616ee6ce6d7c3de","point_task_11","31","numericResponse","point","0.32","7137","7137","","","","","point","","","","30"
"69b57e288616ee6ce6d7c3de","point_task_11","31","windowEvents","point","{""focus"":1,""input"":0,""keydown"":0,""keyup"":0,""mousemove"":45,""mousedown"":2,""mouseup"":2,""resize"":0,""scroll"":0,""visibility"":0}","","","","","","","","","","",""
"69b57e288616ee6ce6d7c3de","point_task_39","32","pixelResponse","point","104.00000000000001","11474","11474","","","","","point","","","","114"
"69b57e288616ee6ce6d7c3de","point_task_39","32","numericResponse","point","0.48","11474","11474","","","","","point","","","","114"
"69b57e288616ee6ce6d7c3de","point_task_39","32","windowEvents","point","{""focus"":2,""input"":0,""keydown"":0,""keyup"":0,""mousemove"":80,""mousedown"":4,""mouseup"":4,""resize"":0,""scroll"":0,""visibility"":0}","","","","","","","","","","",""
"69b57e288616ee6ce6d7c3de","point_task_32","33","pixelResponse","point","102","8712","8712","","","","","point","","","","91"
"69b57e288616ee6ce6d7c3de","point_task_32","33","numericResponse","point","0.49","8712","8712","","","","","point","","","","91"
"69b57e288616ee6ce6d7c3de","point_task_32","33","windowEvents","point","{""focus"":1,""input"":0,""keydown"":0,""keyup"":0,""mousemove"":50,""mousedown"":3,""mouseup"":2,""resize"":0,""scroll"":0,""visibility"":0}","","","","","","","","","","",""
"69b57e288616ee6ce6d7c3de","point_task_21","34","pixelResponse","point","112.00000000000001","6968","6968","","","","","point","","","","64"
"69b57e288616ee6ce6d7c3de","point_task_21","34","numericResponse","point","0.44","6968","6968","","","","","point","","","","64"
"69b57e288616ee6ce6d7c3de","point_task_21","34","windowEvents","point","{""focus"":1,""input"":0,""keydown"":0,""keyup"":0,""mousemove"":44,""mousedown"":1,""mouseup"":2,""resize"":0,""scroll"":0,""visibility"":0}","","","","","","","","","","",""
"69b57e288616ee6ce6d7c3de","point_task_22","35","pixelResponse","point","92","7072","7072","","","","","point","","","","65"
"69b57e288616ee6ce6d7c3de","point_task_22","35","numericResponse","point","0.54","7072","7072","","","","","point","","","","65"
"69b57e288616ee6ce6d7c3de","point_task_22","35","windowEvents","point","{""focus"":1,""input"":0,""keydown"":0,""keyup"":0,""mousemove"":44,""mousedown"":3,""mouseup"":3,""resize"":0,""scroll"":0,""visibility"":0}","","","","","","","","","","",""
"69b57e288616ee6ce6d7c3de","point_task_2","36","pixelResponse","point","100","7348","7348","","","","","point","","","","5"
"69b57e288616ee6ce6d7c3de","point_task_2","36","numericResponse","point","0.5","7348","7348","","","","","point","","","","5"
"69b57e288616ee6ce6d7c3de","point_task_2","36","windowEvents","point","{""focus"":1,""input"":0,""keydown"":0,""keyup"":0,""mousemove"":45,""mousedown"":2,""mouseup"":2,""resize"":0,""scroll"":0,""visibility"":0}","","","","","","","","","","",""
"69b57e288616ee6ce6d7c3de","point_task_5","37","pixelResponse","point","102","7933","7933","","","","","point","","","","16"
"69b57e288616ee6ce6d7c3de","point_task_5","37","numericResponse","point","0.49","7933","7933","","","","","point","","","","16"
"69b57e288616ee6ce6d7c3de","point_task_5","37","windowEvents","point","{""focus"":1,""input"":0,""keydown"":0,""keyup"":0,""mousemove"":48,""mousedown"":3,""mouseup"":2,""resize"":0,""scroll"":0,""visibility"":0}","","","","","","","","","","",""
"69b57e288616ee6ce6d7c3de","point_task_17","38","pixelResponse","point","84.00000000000001","9390","9390","","","","","point","","","","52"
"69b57e288616ee6ce6d7c3de","point_task_17","38","numericResponse","point","0.58","9390","9390","","","","","point","","","","52"
"69b57e288616ee6ce6d7c3de","point_task_17","38","windowEvents","point","{""focus"":1,""input"":0,""keydown"":0,""keyup"":0,""mousemove"":58,""mousedown"":1,""mouseup"":2,""resize"":0,""scroll"":0,""visibility"":0}","","","","","","","","","","",""
"69b57e288616ee6ce6d7c3de","point_task_27","39","pixelResponse","point","158.00000000000003","5637","5637","","","","","point","","","","78"
"69b57e288616ee6ce6d7c3de","point_task_27","39","numericResponse","point","0.21","5637","5637","","","","","point","","","","78"
"69b57e288616ee6ce6d7c3de","point_task_27","39","windowEvents","point","{""focus"":1,""input"":0,""keydown"":0,""keyup"":0,""mousemove"":34,""mousedown"":2,""mouseup"":2,""resize"":0,""scroll"":0,""visibility"":0}","","","","","","","","","","",""
"69b57e288616ee6ce6d7c3de","point_task_31","40","pixelResponse","point","95.99999999999999","7077","7077","","","","","point","","","","90"
"69b57e288616ee6ce6d7c3de","point_task_31","40","numericResponse","point","0.52","7077","7077","","","","","point","","","","90"
"69b57e288616ee6ce6d7c3de","point_task_31","40","windowEvents","point","{""focus"":1,""input"":0,""keydown"":0,""keyup"":0,""mousemove"":44,""mousedown"":3,""mouseup"":2,""resize"":0,""scroll"":0,""visibility"":0}","","","","","","","","","","",""
"69b57e288616ee6ce6d7c3de","point_task_12","41","pixelResponse","point","84.00000000000001","6943","6943","","","","","point","","","","31"
"69b57e288616ee6ce6d7c3de","point_task_12","41","numericResponse","point","0.58","6943","6943","","","","","point","","","","31"
"69b57e288616ee6ce6d7c3de","point_task_12","41","windowEvents","point","{""focus"":1,""input"":0,""keydown"":0,""keyup"":0,""mousemove"":38,""mousedown"":1,""mouseup"":2,""resize"":0,""scroll"":0,""visibility"":0}","","","","","","","","","","",""
"69b57e288616ee6ce6d7c3de","point_task_14","42","pixelResponse","point","92","7253","7253","","","","","point","","","","41"
"69b57e288616ee6ce6d7c3de","point_task_14","42","numericResponse","point","0.54","7253","7253","","","","","point","","","","41"
"69b57e288616ee6ce6d7c3de","point_task_14","42","windowEvents","point","{""focus"":1,""input"":0,""keydown"":0,""keyup"":0,""mousemove"":43,""mousedown"":2,""mouseup"":2,""resize"":0,""scroll"":0,""visibility"":0}","","","","","","","","","","",""
"69b57e288616ee6ce6d7c3de","point_task_44","43","pixelResponse","point","104.00000000000001","7454","7454","","","","","point","","","","127"
"69b57e288616ee6ce6d7c3de","point_task_44","43","numericResponse","point","0.48","7454","7454","","","","","point","","","","127"
"69b57e288616ee6ce6d7c3de","point_task_44","43","windowEvents","point","{""focus"":1,""input"":0,""keydown"":0,""keyup"":0,""mousemove"":54,""mousedown"":2,""mouseup"":2,""resize"":0,""scroll"":0,""visibility"":0}","","","","","","","","","","",""
"69b57e288616ee6ce6d7c3de","point_task_30","44","pixelResponse","point","102","8728","8728","","","","","point","","","","89"
"69b57e288616ee6ce6d7c3de","point_task_30","44","numericResponse","point","0.49","8728","8728","","","","","point","","","","89"
"69b57e288616ee6ce6d7c3de","point_task_30","44","windowEvents","point","{""focus"":1,""input"":0,""keydown"":0,""keyup"":0,""mousemove"":43,""mousedown"":2,""mouseup"":2,""resize"":0,""scroll"":1,""visibility"":0}","","","","","","","","","","",""
"69b57e288616ee6ce6d7c3de","point_task_8","45","pixelResponse","point","86","6829","6829","","","","","point","","","","19"
"69b57e288616ee6ce6d7c3de","point_task_8","45","numericResponse","point","0.57","6829","6829","","","","","point","","","","19"
"69b57e288616ee6ce6d7c3de","point_task_8","45","windowEvents","point","{""focus"":1,""input"":0,""keydown"":0,""keyup"":0,""mousemove"":41,""mousedown"":3,""mouseup"":2,""resize"":0,""scroll"":0,""visibility"":0}","","","","","","","","","","",""
"69b57e288616ee6ce6d7c3de","point_task_41","46","pixelResponse","point","74","7937","7937","","","","","point","","","","124"
"69b57e288616ee6ce6d7c3de","point_task_41","46","numericResponse","point","0.63","7937","7937","","","","","point","","","","124"
"69b57e288616ee6ce6d7c3de","point_task_41","46","windowEvents","point","{""focus"":1,""input"":0,""keydown"":0,""keyup"":0,""mousemove"":44,""mousedown"":2,""mouseup"":2,""resize"":0,""scroll"":0,""visibility"":0}","","","","","","","","","","",""
"69b57e288616ee6ce6d7c3de","point_task_4","47","pixelResponse","point","95.99999999999999","7012","7012","","","","","point","","","","7"
"69b57e288616ee6ce6d7c3de","point_task_4","47","numericResponse","point","0.52","7012","7012","","","","","point","","","","7"
"69b57e288616ee6ce6d7c3de","point_task_4","47","windowEvents","point","{""focus"":1,""input"":0,""keydown"":0,""keyup"":0,""mousemove"":35,""mousedown"":3,""mouseup"":3,""resize"":0,""scroll"":0,""visibility"":0}","","","","","","","","","","",""
"69b57e288616ee6ce6d7c3de","point_task_3","48","pixelResponse","point","87.99999999999999","6401","6401","","","","","point","","","","6"
"69b57e288616ee6ce6d7c3de","point_task_3","48","numericResponse","point","0.56","6401","6401","","","","","point","","","","6"
"69b57e288616ee6ce6d7c3de","point_task_3","48","windowEvents","point","{""focus"":1,""input"":0,""keydown"":0,""keyup"":0,""mousemove"":36,""mousedown"":2,""mouseup"":2,""resize"":0,""scroll"":0,""visibility"":0}","","","","","","","","","","",""
"69b57e288616ee6ce6d7c3de","point_task_26","49","pixelResponse","point","54","6971","6971","","","","","point","","","","77"
"69b57e288616ee6ce6d7c3de","point_task_26","49","numericResponse","point","0.73","6971","6971","","","","","point","","","","77"
"69b57e288616ee6ce6d7c3de","point_task_26","49","windowEvents","point","{""focus"":1,""input"":0,""keydown"":0,""keyup"":0,""mousemove"":38,""mousedown"":1,""mouseup"":2,""resize"":0,""scroll"":0,""visibility"":0}","","","","","","","","","","",""
"69b57e288616ee6ce6d7c3de","point_task_1","50","pixelResponse","point","78","9602","9602","","","","","point","","","","4"
"69b57e288616ee6ce6d7c3de","point_task_1","50","numericResponse","point","0.61","9602","9602","","","","","point","","","","4"
"69b57e288616ee6ce6d7c3de","point_task_1","50","windowEvents","point","{""focus"":1,""input"":0,""keydown"":0,""keyup"":0,""mousemove"":53,""mousedown"":3,""mouseup"":3,""resize"":0,""scroll"":0,""visibility"":0}","","","","","","","","","","",""
"69b57e288616ee6ce6d7c3de","point_task_38","51","pixelResponse","point","62.000000000000014","8705","8705","","","","","point","","","","113"
"69b57e288616ee6ce6d7c3de","point_task_38","51","numericResponse","point","0.69","8705","8705","","","","","point","","","","113"
"69b57e288616ee6ce6d7c3de","point_task_38","51","windowEvents","point","{""focus"":1,""input"":0,""keydown"":0,""keyup"":0,""mousemove"":46,""mousedown"":3,""mouseup"":2,""resize"":0,""scroll"":0,""visibility"":0}","","","","","","","","","","",""
"69b57e288616ee6ce6d7c3de","point_task_37","52","pixelResponse","point","76","5856","5856","","","","","point","","","","112"
"69b57e288616ee6ce6d7c3de","point_task_37","52","numericResponse","point","0.62","5856","5856","","","","","point","","","","112"
"69b57e288616ee6ce6d7c3de","point_task_37","52","windowEvents","point","{""focus"":1,""input"":0,""keydown"":0,""keyup"":0,""mousemove"":37,""mousedown"":2,""mouseup"":2,""resize"":0,""scroll"":0,""visibility"":0}","","","","","","","","","","",""
"69b57e288616ee6ce6d7c3de","point_task_23","53","pixelResponse","point","89.99999999999999","4191","4191","","","","","point","","","","66"
"69b57e288616ee6ce6d7c3de","point_task_23","53","numericResponse","point","0.55","4191","4191","","","","","point","","","","66"
"69b57e288616ee6ce6d7c3de","point_task_23","53","windowEvents","point","{""focus"":1,""input"":0,""keydown"":0,""keyup"":0,""mousemove"":30,""mousedown"":1,""mouseup"":2,""resize"":0,""scroll"":0,""visibility"":0}","","","","","","","","","","",""
"69b57e288616ee6ce6d7c3de","point_task_9","54","pixelResponse","point","95.99999999999999","5980","5980","","","","","point","","","","28"
"69b57e288616ee6ce6d7c3de","point_task_9","54","numericResponse","point","0.52","5980","5980","","","","","point","","","","28"
"69b57e288616ee6ce6d7c3de","point_task_9","54","windowEvents","point","{""focus"":1,""input"":0,""keydown"":0,""keyup"":0,""mousemove"":34,""mousedown"":2,""mouseup"":2,""resize"":0,""scroll"":0,""visibility"":0}","","","","","","","","","","",""
"69b57e288616ee6ce6d7c3de","point_task_18","55","pixelResponse","point","108","8671","8671","","","","","point","","","","53"
"69b57e288616ee6ce6d7c3de","point_task_18","55","numericResponse","point","0.46","8671","8671","","","","","point","","","","53"
"69b57e288616ee6ce6d7c3de","point_task_18","55","windowEvents","point","{""focus"":1,""input"":0,""keydown"":0,""keyup"":0,""mousemove"":50,""mousedown"":3,""mouseup"":2,""resize"":0,""scroll"":0,""visibility"":0}","","","","","","","","","","",""
"69b57e288616ee6ce6d7c3de","point_task_45","56","pixelResponse","point","128","11856","11856","","","","","point","","","","136"
"69b57e288616ee6ce6d7c3de","point_task_45","56","numericResponse","point","0.36","11856","11856","","","","","point","","","","136"
"69b57e288616ee6ce6d7c3de","point_task_45","56","windowEvents","point","{""focus"":1,""input"":0,""keydown"":0,""keyup"":0,""mousemove"":63,""mousedown"":2,""mouseup"":3,""resize"":0,""scroll"":0,""visibility"":0}","","","","","","","","","","",""
"69b57e288616ee6ce6d7c3de","point_task_10","57","pixelResponse","point","82.00000000000001","6203","6203","","","","","point","","","","29"
"69b57e288616ee6ce6d7c3de","point_task_10","57","numericResponse","point","0.59","6203","6203","","","","","point","","","","29"
"69b57e288616ee6ce6d7c3de","point_task_10","57","windowEvents","point","{""focus"":1,""input"":0,""keydown"":0,""keyup"":0,""mousemove"":35,""mousedown"":2,""mouseup"":2,""resize"":0,""scroll"":0,""visibility"":0}","","","","","","","","","","",""
"69b57e288616ee6ce6d7c3de","point_task_36","58","pixelResponse","point","58.00000000000001","6409","6409","","","","","point","","","","103"
"69b57e288616ee6ce6d7c3de","point_task_36","58","numericResponse","point","0.71","6409","6409","","","","","point","","","","103"
"69b57e288616ee6ce6d7c3de","point_task_36","58","windowEvents","point","{""focus"":1,""input"":0,""keydown"":0,""keyup"":0,""mousemove"":41,""mousedown"":2,""mouseup"":2,""resize"":0,""scroll"":0,""visibility"":0}","","","","","","","","","","",""
"69b57e288616ee6ce6d7c3de","point_task_48","59","pixelResponse","point","72","6121","6121","","","","","point","","","","139"
"69b57e288616ee6ce6d7c3de","point_task_48","59","numericResponse","point","0.64","6121","6121","","","","","point","","","","139"
"69b57e288616ee6ce6d7c3de","point_task_48","59","windowEvents","point","{""focus"":1,""input"":0,""keydown"":0,""keyup"":0,""mousemove"":37,""mousedown"":3,""mouseup"":2,""resize"":0,""scroll"":0,""visibility"":0}","","","","","","","","","","",""
"69b57e288616ee6ce6d7c3de","point_task_24","60","pixelResponse","point","80","6439","6439","","","","","point","","","","67"
"69b57e288616ee6ce6d7c3de","point_task_24","60","numericResponse","point","0.6","6439","6439","","","","","point","","","","67"
"69b57e288616ee6ce6d7c3de","point_task_24","60","windowEvents","point","{""focus"":1,""input"":0,""keydown"":0,""keyup"":0,""mousemove"":43,""mousedown"":1,""mouseup"":2,""resize"":0,""scroll"":0,""visibility"":0}","","","","","","","","","","",""
"69b57e288616ee6ce6d7c3de","point_task_16","61","pixelResponse","point","87.99999999999999","9273","9273","","","","","point","","","","43"
"69b57e288616ee6ce6d7c3de","point_task_16","61","numericResponse","point","0.56","9273","9273","","","","","point","","","","43"
"69b57e288616ee6ce6d7c3de","point_task_16","61","windowEvents","point","{""focus"":1,""input"":0,""keydown"":0,""keyup"":0,""mousemove"":60,""mousedown"":2,""mouseup"":2,""resize"":0,""scroll"":0,""visibility"":0}","","","","","","","","","","",""
"69b57e288616ee6ce6d7c3de","point_task_42","62","pixelResponse","point","100","7731","7731","","","","","point","","","","125"
"69b57e288616ee6ce6d7c3de","point_task_42","62","numericResponse","point","0.5","7731","7731","","","","","point","","","","125"
"69b57e288616ee6ce6d7c3de","point_task_42","62","windowEvents","point","{""focus"":1,""input"":0,""keydown"":0,""keyup"":0,""mousemove"":44,""mousedown"":2,""mouseup"":2,""resize"":0,""scroll"":0,""visibility"":0}","","","","","","","","","","",""
"69b57e288616ee6ce6d7c3de","point_task_33","63","pixelResponse","point","114.00000000000001","5530","5530","","","","","point","","","","100"
"69b57e288616ee6ce6d7c3de","point_task_33","63","numericResponse","point","0.43","5530","5530","","","","","point","","","","100"
"69b57e288616ee6ce6d7c3de","point_task_33","63","windowEvents","point","{""focus"":1,""input"":0,""keydown"":0,""keyup"":0,""mousemove"":31,""mousedown"":3,""mouseup"":2,""resize"":0,""scroll"":0,""visibility"":0}","","","","","","","","","","",""
"69b57e288616ee6ce6d7c3de","point_task_43","64","pixelResponse","point","87.99999999999999","5915","5915","","","","","point","","","","126"
"69b57e288616ee6ce6d7c3de","point_task_43","64","numericResponse","point","0.56","5915","5915","","","","","point","","","","126"
"69b57e288616ee6ce6d7c3de","point_task_43","64","windowEvents","point","{""focus"":1,""input"":0,""keydown"":0,""keyup"":0,""mousemove"":44,""mousedown"":1,""mouseup"":2,""resize"":0,""scroll"":0,""visibility"":0}","","","","","","","","","","",""
"69b57e288616ee6ce6d7c3de","point_task_47","65","pixelResponse","point","131.99999999999997","7516","7516","","","","","point","","","","138"
"69b57e288616ee6ce6d7c3de","point_task_47","65","numericResponse","point","0.34","7516","7516","","","","","point","","","","138"
"69b57e288616ee6ce6d7c3de","point_task_47","65","windowEvents","point","{""focus"":1,""input"":0,""keydown"":0,""keyup"":0,""mousemove"":54,""mousedown"":4,""mouseup"":3,""resize"":0,""scroll"":0,""visibility"":0}","","","","","","","","","","",""
"69b57e288616ee6ce6d7c3de","point_task_20","66","pixelResponse","point","98","13068","13068","","","","","point","","","","55"
"69b57e288616ee6ce6d7c3de","point_task_20","66","numericResponse","point","0.51","13068","13068","","","","","point","","","","55"
"69b57e288616ee6ce6d7c3de","point_task_20","66","windowEvents","point","{""focus"":1,""input"":0,""keydown"":0,""keyup"":0,""mousemove"":36,""mousedown"":1,""mouseup"":2,""resize"":0,""scroll"":0,""visibility"":0}","","","","","","","","","","",""
"69b57e288616ee6ce6d7c3de","point_task_35","67","pixelResponse","point","131.99999999999997","173415","173415","","","","","point","","","","102"
"69b57e288616ee6ce6d7c3de","point_task_35","67","numericResponse","point","0.34","173415","173415","","","","","point","","","","102"
"69b57e288616ee6ce6d7c3de","point_task_35","67","windowEvents","point","{""focus"":1,""input"":0,""keydown"":0,""keyup"":0,""mousemove"":46,""mousedown"":2,""mouseup"":2,""resize"":0,""scroll"":0,""visibility"":0}","","","","","","","","","","",""
"69b57e288616ee6ce6d7c3de","point_task_29","68","pixelResponse","point","122","5180","5180","","","","","point","","","","88"
"69b57e288616ee6ce6d7c3de","point_task_29","68","numericResponse","point","0.39","5180","5180","","","","","point","","","","88"
"69b57e288616ee6ce6d7c3de","point_task_29","68","windowEvents","point","{""focus"":1,""input"":0,""keydown"":0,""keyup"":0,""mousemove"":36,""mousedown"":2,""mouseup"":2,""resize"":0,""scroll"":0,""visibility"":0}","","","","","","","","","","",""
"69b57e288616ee6ce6d7c3de","point_task_28","69","pixelResponse","point","36.000000000000014","5885","5885","","","","","point","","","","79"
"69b57e288616ee6ce6d7c3de","point_task_28","69","numericResponse","point","0.82","5885","5885","","","","","point","","","","79"
"69b57e288616ee6ce6d7c3de","point_task_28","69","windowEvents","point","{""focus"":1,""input"":0,""keydown"":0,""keyup"":0,""mousemove"":41,""mousedown"":3,""mouseup"":2,""resize"":0,""scroll"":0,""visibility"":0}","","","","","","","","","","",""
"69b57e288616ee6ce6d7c3de","point_task_19","70","pixelResponse","point","56.00000000000001","4517","4517","","","","","point","","","","54"
"69b57e288616ee6ce6d7c3de","point_task_19","70","numericResponse","point","0.72","4517","4517","","","","","point","","","","54"
"69b57e288616ee6ce6d7c3de","point_task_19","70","windowEvents","point","{""focus"":1,""input"":0,""keydown"":0,""keyup"":0,""mousemove"":34,""mousedown"":1,""mouseup"":2,""resize"":0,""scroll"":0,""visibility"":0}","","","","","","","","","","",""
"69b57e288616ee6ce6d7c3de","point_task_6","71","pixelResponse","point","84.00000000000001","5685","5685","","","","","point","","","","17"
"69b57e288616ee6ce6d7c3de","point_task_6","71","numericResponse","point","0.58","5685","5685","","","","","point","","","","17"
"69b57e288616ee6ce6d7c3de","point_task_6","71","windowEvents","point","{""focus"":1,""input"":0,""keydown"":0,""keyup"":0,""mousemove"":42,""mousedown"":2,""mouseup"":2,""resize"":0,""scroll"":0,""visibility"":0}","","","","","","","","","","",""
"69b57e288616ee6ce6d7c3de","post_study","72","gender","point","Female","10394","10394","","","","","","","","",""
"69b57e288616ee6ce6d7c3de","post_study","72","gender-other","point","","10394","10394","","","","","","","","",""
"69b57e288616ee6ce6d7c3de","post_study","72","age","point","38","10394","10394","","","","","","","","",""
"69b57e288616ee6ce6d7c3de","post_study","72","feedback","point","No","10394","10394","","","","","","","","",""
"69b57e288616ee6ce6d7c3de","post_study","72","feedback-text","point","","10394","10394","","","","","","","","",""
"69b57e288616ee6ce6d7c3de","post_study","72","strategy","point","","10394","10394","","","","","","","","",""
"69b57e288616ee6ce6d7c3de","post_study","72","windowEvents","point","{""focus"":1,""input"":4,""keydown"":2,""keyup"":2,""mousemove"":53,""mousedown"":4,""mouseup"":4,""resize"":0,""scroll"":5,""visibility"":0}","","","","","","","","","","",""