participantId,trialId,trialOrder,responseId,answer,cleanedDuration,parameters_taskid,parameters_itemWidthMM,parameters_itemHeightMM,parameters_blindspotAngle,parameters_taskType,parameters_training,parameters_x,parameters_y,parameters_taskIndex
"5df11e6cdc85350234932daa","participantTags","","participantTags","[""virtual-chinrest""]","","","","","","","","","",""
"5df11e6cdc85350234932daa","introduction","0","prolificId","5df11e6cdc85350234932daa","3882","","","","","","","","",""
"5df11e6cdc85350234932daa","introduction","0","windowEvents","{""focus"":1,""input"":0,""keydown"":0,""keyup"":0,""mousemove"":11,""mousedown"":1,""mouseup"":0,""resize"":0,""scroll"":0,""visibility"":0}","","","","","","","","","",""
"5df11e6cdc85350234932daa","consent","1","consentApproval","Accept","64193","","","","","","","","",""
"5df11e6cdc85350234932daa","consent","1","windowEvents","{""focus"":3,""input"":1,""keydown"":0,""keyup"":0,""mousemove"":23,""mousedown"":2,""mouseup"":2,""resize"":0,""scroll"":90,""visibility"":2}","","","","","","","","","",""
"5df11e6cdc85350234932daa","chinrest_intro","2","","","16001","","","","","","","","",""
"5df11e6cdc85350234932daa","chinrest_intro","2","windowEvents","{""focus"":1,""input"":0,""keydown"":0,""keyup"":0,""mousemove"":22,""mousedown"":1,""mouseup"":1,""resize"":1,""scroll"":1,""visibility"":0}","","","","","","","","","",""
"5df11e6cdc85350234932daa","$virtual-chinrest.components.card-size","3","pixelsPerMM","4.4859813084112155","91479","pixelsPerMM","85.6","53.98","","","","","",""
"5df11e6cdc85350234932daa","$virtual-chinrest.components.card-size","3","windowEvents","{""focus"":3,""input"":0,""keydown"":0,""keyup"":0,""mousemove"":73,""mousedown"":4,""mouseup"":4,""resize"":0,""scroll"":0,""visibility"":0}","","","","","","","","","",""
"5df11e6cdc85350234932daa","$virtual-chinrest.components.blindspot-distance","4","dist-calibration-MM","426.37396879902207","238634","","","","13.5","","","","",""
"5df11e6cdc85350234932daa","$virtual-chinrest.components.blindspot-distance","4","dist-calibration-CM","42.637396879902205","238634","","","","13.5","","","","",""
"5df11e6cdc85350234932daa","$virtual-chinrest.components.blindspot-distance","4","ball-positions","[643,627,657,659,633]","238634","","","","13.5","","","","",""
"5df11e6cdc85350234932daa","$virtual-chinrest.components.blindspot-distance","4","square-position","1095.5","238634","","","","13.5","","","","",""
"5df11e6cdc85350234932daa","$virtual-chinrest.components.blindspot-distance","4","windowEvents","{""focus"":8,""input"":0,""keydown"":32,""keyup"":32,""mousemove"":196,""mousedown"":10,""mouseup"":10,""resize"":1,""scroll"":1,""visibility"":0}","","","","","","","","","",""
"5df11e6cdc85350234932daa","study_overview","5","","","50550","","","","","","","","",""
"5df11e6cdc85350234932daa","study_overview","5","windowEvents","{""focus"":1,""input"":0,""keydown"":0,""keyup"":0,""mousemove"":7,""mousedown"":1,""mouseup"":1,""resize"":0,""scroll"":1,""visibility"":0}","","","","","","","","","",""
"5df11e6cdc85350234932daa","task1_intro","6","","","25032","","","","","","","","",""
"5df11e6cdc85350234932daa","task1_intro","6","windowEvents","{""focus"":2,""input"":0,""keydown"":0,""keyup"":0,""mousemove"":25,""mousedown"":1,""mouseup"":1,""resize"":0,""scroll"":0,""visibility"":0}","","","","","","","","","",""
"5df11e6cdc85350234932daa","block5_train_1","7","location-x","0.2","108146","","","","","Block5","true","0.2","0.75",""
"5df11e6cdc85350234932daa","block5_train_1","7","location-y","0.75","108146","","","","","Block5","true","0.2","0.75",""
"5df11e6cdc85350234932daa","block5_train_1","7","slider-x","0.21","108146","","","","","Block5","true","0.2","0.75",""
"5df11e6cdc85350234932daa","block5_train_1","7","slider-y","0.75","108146","","","","","Block5","true","0.2","0.75",""
"5df11e6cdc85350234932daa","block5_train_1","7","windowEvents","{""focus"":6,""input"":0,""keydown"":0,""keyup"":0,""mousemove"":202,""mousedown"":11,""mouseup"":11,""resize"":0,""scroll"":48,""visibility"":0}","","","","","","","","","",""
"5df11e6cdc85350234932daa","block5_train_2","8","location-x","-1.5","47856","","","","","Block5","true","-1.5","0.4",""
"5df11e6cdc85350234932daa","block5_train_2","8","location-y","0.4","47856","","","","","Block5","true","-1.5","0.4",""
"5df11e6cdc85350234932daa","block5_train_2","8","slider-x","-1.5","47856","","","","","Block5","true","-1.5","0.4",""
"5df11e6cdc85350234932daa","block5_train_2","8","slider-y","0.4","47856","","","","","Block5","true","-1.5","0.4",""
"5df11e6cdc85350234932daa","block5_train_2","8","windowEvents","{""focus"":4,""input"":0,""keydown"":0,""keyup"":0,""mousemove"":67,""mousedown"":7,""mouseup"":7,""resize"":0,""scroll"":8,""visibility"":0}","","","","","","","","","",""
"5df11e6cdc85350234932daa","task1_test_intro","9","","","15587","","","","","","","","",""
"5df11e6cdc85350234932daa","task1_test_intro","9","windowEvents","{""focus"":1,""input"":0,""keydown"":0,""keyup"":0,""mousemove"":9,""mousedown"":1,""mouseup"":1,""resize"":0,""scroll"":1,""visibility"":0}","","","","","","","","","",""
"5df11e6cdc85350234932daa","block5_test_9","10","location-x","-2.9","38948","","","","","Block5","false","","",""
"5df11e6cdc85350234932daa","block5_test_9","10","location-y","0.21","38948","","","","","Block5","false","","",""
"5df11e6cdc85350234932daa","block5_test_9","10","slider-x","-2.91","38948","","","","","Block5","false","","",""
"5df11e6cdc85350234932daa","block5_test_9","10","slider-y","0.22","38948","","","","","Block5","false","","",""
"5df11e6cdc85350234932daa","block5_test_9","10","windowEvents","{""focus"":3,""input"":0,""keydown"":0,""keyup"":0,""mousemove"":101,""mousedown"":7,""mouseup"":7,""resize"":0,""scroll"":8,""visibility"":0}","","","","","","","","","",""
"5df11e6cdc85350234932daa","block5_test_8","11","location-x","1.68","50561","","","","","Block5","false","","",""
"5df11e6cdc85350234932daa","block5_test_8","11","location-y","0.46","50561","","","","","Block5","false","","",""
"5df11e6cdc85350234932daa","block5_test_8","11","slider-x","1.6","50561","","","","","Block5","false","","",""
"5df11e6cdc85350234932daa","block5_test_8","11","slider-y","0.48","50561","","","","","Block5","false","","",""
"5df11e6cdc85350234932daa","block5_test_8","11","windowEvents","{""focus"":3,""input"":0,""keydown"":0,""keyup"":0,""mousemove"":90,""mousedown"":6,""mouseup"":6,""resize"":1,""scroll"":7,""visibility"":0}","","","","","","","","","",""
"5df11e6cdc85350234932daa","block5_test_4","12","location-x","-2.08","82025","","","","","Block5","false","","",""
"5df11e6cdc85350234932daa","block5_test_4","12","location-y","0.89","82025","","","","","Block5","false","","",""
"5df11e6cdc85350234932daa","block5_test_4","12","slider-x","-2.2","82025","","","","","Block5","false","","",""
"5df11e6cdc85350234932daa","block5_test_4","12","slider-y","0.89","82025","","","","","Block5","false","","",""
"5df11e6cdc85350234932daa","block5_test_4","12","windowEvents","{""focus"":3,""input"":0,""keydown"":0,""keyup"":0,""mousemove"":125,""mousedown"":7,""mouseup"":7,""resize"":0,""scroll"":0,""visibility"":0}","","","","","","","","","",""
"5df11e6cdc85350234932daa","block5_test_2","13","location-x","-0.7","73589","","","","","Block5","false","","",""
"5df11e6cdc85350234932daa","block5_test_2","13","location-y","0.54","73589","","","","","Block5","false","","",""
"5df11e6cdc85350234932daa","block5_test_2","13","slider-x","-0.75","73589","","","","","Block5","false","","",""
"5df11e6cdc85350234932daa","block5_test_2","13","slider-y","0.55","73589","","","","","Block5","false","","",""
"5df11e6cdc85350234932daa","block5_test_2","13","windowEvents","{""focus"":6,""input"":0,""keydown"":0,""keyup"":0,""mousemove"":153,""mousedown"":11,""mouseup"":11,""resize"":0,""scroll"":0,""visibility"":0}","","","","","","","","","",""
"5df11e6cdc85350234932daa","block5_test_1","14","location-x","1.66","20331","","","","","Block5","false","","",""
"5df11e6cdc85350234932daa","block5_test_1","14","location-y","0.35","20331","","","","","Block5","false","","",""
"5df11e6cdc85350234932daa","block5_test_1","14","slider-x","1.64","20331","","","","","Block5","false","","",""
"5df11e6cdc85350234932daa","block5_test_1","14","slider-y","0.35","20331","","","","","Block5","false","","",""
"5df11e6cdc85350234932daa","block5_test_1","14","windowEvents","{""focus"":3,""input"":0,""keydown"":0,""keyup"":0,""mousemove"":42,""mousedown"":5,""mouseup"":5,""resize"":0,""scroll"":0,""visibility"":0}","","","","","","","","","",""
"5df11e6cdc85350234932daa","block5_test_3","15","location-x","0.43","28672","","","","","Block5","false","","",""
"5df11e6cdc85350234932daa","block5_test_3","15","location-y","0.15","28672","","","","","Block5","false","","",""
"5df11e6cdc85350234932daa","block5_test_3","15","slider-x","0.44","28672","","","","","Block5","false","","",""
"5df11e6cdc85350234932daa","block5_test_3","15","slider-y","0.16","28672","","","","","Block5","false","","",""
"5df11e6cdc85350234932daa","block5_test_3","15","windowEvents","{""focus"":3,""input"":0,""keydown"":0,""keyup"":0,""mousemove"":56,""mousedown"":6,""mouseup"":6,""resize"":0,""scroll"":0,""visibility"":0}","","","","","","","","","",""
"5df11e6cdc85350234932daa","block5_test_6","16","location-x","-3.68","42428","","","","","Block5","false","","",""
"5df11e6cdc85350234932daa","block5_test_6","16","location-y","0.42","42428","","","","","Block5","false","","",""
"5df11e6cdc85350234932daa","block5_test_6","16","slider-x","-3.7","42428","","","","","Block5","false","","",""
"5df11e6cdc85350234932daa","block5_test_6","16","slider-y","0.42","42428","","","","","Block5","false","","",""
"5df11e6cdc85350234932daa","block5_test_6","16","windowEvents","{""focus"":4,""input"":0,""keydown"":0,""keyup"":0,""mousemove"":85,""mousedown"":7,""mouseup"":7,""resize"":0,""scroll"":0,""visibility"":0}","","","","","","","","","",""
"5df11e6cdc85350234932daa","block5_test_5","17","location-x","0.62","60450","","","","","Block5","false","","",""
"5df11e6cdc85350234932daa","block5_test_5","17","location-y","0.66","60450","","","","","Block5","false","","",""
"5df11e6cdc85350234932daa","block5_test_5","17","slider-x","0.54","60450","","","","","Block5","false","","",""
"5df11e6cdc85350234932daa","block5_test_5","17","slider-y","0.66","60450","","","","","Block5","false","","",""
"5df11e6cdc85350234932daa","block5_test_5","17","windowEvents","{""focus"":3,""input"":0,""keydown"":0,""keyup"":0,""mousemove"":79,""mousedown"":7,""mouseup"":7,""resize"":0,""scroll"":0,""visibility"":0}","","","","","","","","","",""
"5df11e6cdc85350234932daa","block5_test_10","18","location-x","-2.79","25405","","","","","Block5","false","","",""
"5df11e6cdc85350234932daa","block5_test_10","18","location-y","0.86","25405","","","","","Block5","false","","",""
"5df11e6cdc85350234932daa","block5_test_10","18","slider-x","-2.87","25405","","","","","Block5","false","","",""
"5df11e6cdc85350234932daa","block5_test_10","18","slider-y","0.86","25405","","","","","Block5","false","","",""
"5df11e6cdc85350234932daa","block5_test_10","18","windowEvents","{""focus"":3,""input"":0,""keydown"":0,""keyup"":0,""mousemove"":66,""mousedown"":5,""mouseup"":5,""resize"":0,""scroll"":0,""visibility"":0}","","","","","","","","","",""
"5df11e6cdc85350234932daa","block5_test_7","19","location-x","0.61","41691","","","","","Block5","false","","",""
"5df11e6cdc85350234932daa","block5_test_7","19","location-y","0.39","41691","","","","","Block5","false","","",""
"5df11e6cdc85350234932daa","block5_test_7","19","slider-x","0.62","41691","","","","","Block5","false","","",""
"5df11e6cdc85350234932daa","block5_test_7","19","slider-y","0.4","41691","","","","","Block5","false","","",""
"5df11e6cdc85350234932daa","block5_test_7","19","windowEvents","{""focus"":3,""input"":0,""keydown"":0,""keyup"":0,""mousemove"":72,""mousedown"":10,""mouseup"":10,""resize"":0,""scroll"":0,""visibility"":0}","","","","","","","","","",""
"5df11e6cdc85350234932daa","task2_intro","20","","","20715","","","","","","","","",""
"5df11e6cdc85350234932daa","task2_intro","20","windowEvents","{""focus"":1,""input"":0,""keydown"":0,""keyup"":0,""mousemove"":11,""mousedown"":1,""mouseup"":1,""resize"":0,""scroll"":1,""visibility"":0}","","","","","","","","","",""
"5df11e6cdc85350234932daa","moritz_train_pointArc_1","21","pixelResponse","100","136477","","","","","point","true","","","4"
"5df11e6cdc85350234932daa","moritz_train_pointArc_1","21","numericResponse","0.5","136477","","","","","point","true","","","4"
"5df11e6cdc85350234932daa","moritz_train_pointArc_1","21","windowEvents","{""focus"":4,""input"":0,""keydown"":0,""keyup"":0,""mousemove"":124,""mousedown"":6,""mouseup"":6,""resize"":0,""scroll"":8,""visibility"":0}","","","","","","","","","",""
"5df11e6cdc85350234932daa","moritz_train_pointArc_2","22","pixelResponse","102","51456","","","","","point","true","","","5"
"5df11e6cdc85350234932daa","moritz_train_pointArc_2","22","numericResponse","0.49","51456","","","","","point","true","","","5"
"5df11e6cdc85350234932daa","moritz_train_pointArc_2","22","windowEvents","{""focus"":3,""input"":0,""keydown"":0,""keyup"":0,""mousemove"":69,""mousedown"":5,""mouseup"":5,""resize"":0,""scroll"":2,""visibility"":0}","","","","","","","","","",""
"5df11e6cdc85350234932daa","task2_test_intro","23","","","9408","","","","","","","","",""
"5df11e6cdc85350234932daa","task2_test_intro","23","windowEvents","{""focus"":1,""input"":0,""keydown"":0,""keyup"":0,""mousemove"":10,""mousedown"":2,""mouseup"":2,""resize"":0,""scroll"":1,""visibility"":0}","","","","","","","","","",""
"5df11e6cdc85350234932daa","pointArc_task_19","24","pixelResponse","86","19654","","","","","pointArc","","","","58"
"5df11e6cdc85350234932daa","pointArc_task_19","24","numericResponse","0.57","19654","","","","","pointArc","","","","58"
"5df11e6cdc85350234932daa","pointArc_task_19","24","windowEvents","{""focus"":2,""input"":0,""keydown"":0,""keyup"":0,""mousemove"":38,""mousedown"":3,""mouseup"":3,""resize"":0,""scroll"":0,""visibility"":0}","","","","","","","","","",""
"5df11e6cdc85350234932daa","pointArc_task_16","25","pixelResponse","94","23125","","","","","pointArc","","","","47"
"5df11e6cdc85350234932daa","pointArc_task_16","25","numericResponse","0.53","23125","","","","","pointArc","","","","47"
"5df11e6cdc85350234932daa","pointArc_task_16","25","windowEvents","{""focus"":2,""input"":0,""keydown"":0,""keyup"":0,""mousemove"":44,""mousedown"":3,""mouseup"":3,""resize"":0,""scroll"":0,""visibility"":0}","","","","","","","","","",""
"5df11e6cdc85350234932daa","pointArc_task_13","26","pixelResponse","116.00000000000001","25319","","","","","pointArc","","","","44"
"5df11e6cdc85350234932daa","pointArc_task_13","26","numericResponse","0.42","25319","","","","","pointArc","","","","44"
"5df11e6cdc85350234932daa","pointArc_task_13","26","windowEvents","{""focus"":2,""input"":0,""keydown"":0,""keyup"":0,""mousemove"":66,""mousedown"":3,""mouseup"":3,""resize"":0,""scroll"":0,""visibility"":0}","","","","","","","","","",""
"5df11e6cdc85350234932daa","pointArc_task_45","27","pixelResponse","150","25192","","","","","pointArc","","","","140"
"5df11e6cdc85350234932daa","pointArc_task_45","27","numericResponse","0.25","25192","","","","","pointArc","","","","140"
"5df11e6cdc85350234932daa","pointArc_task_45","27","windowEvents","{""focus"":2,""input"":0,""keydown"":0,""keyup"":0,""mousemove"":67,""mousedown"":5,""mouseup"":5,""resize"":0,""scroll"":0,""visibility"":0}","","","","","","","","","",""
"5df11e6cdc85350234932daa","pointArc_task_31","28","pixelResponse","89.99999999999999","29760","","","","","pointArc","","","","94"
"5df11e6cdc85350234932daa","pointArc_task_31","28","numericResponse","0.55","29760","","","","","pointArc","","","","94"
"5df11e6cdc85350234932daa","pointArc_task_31","28","windowEvents","{""focus"":2,""input"":0,""keydown"":0,""keyup"":0,""mousemove"":63,""mousedown"":3,""mouseup"":3,""resize"":0,""scroll"":0,""visibility"":0}","","","","","","","","","",""
"5df11e6cdc85350234932daa","pointArc_task_23","29","pixelResponse","100","9818","","","","","pointArc","","","","70"
"5df11e6cdc85350234932daa","pointArc_task_23","29","numericResponse","0.5","9818","","","","","pointArc","","","","70"
"5df11e6cdc85350234932daa","pointArc_task_23","29","windowEvents","{""focus"":2,""input"":0,""keydown"":0,""keyup"":0,""mousemove"":44,""mousedown"":3,""mouseup"":3,""resize"":0,""scroll"":0,""visibility"":0}","","","","","","","","","",""
"5df11e6cdc85350234932daa","pointArc_task_6","30","pixelResponse","98","13752","","","","","pointArc","","","","21"
"5df11e6cdc85350234932daa","pointArc_task_6","30","numericResponse","0.51","13752","","","","","pointArc","","","","21"
"5df11e6cdc85350234932daa","pointArc_task_6","30","windowEvents","{""focus"":2,""input"":0,""keydown"":0,""keyup"":0,""mousemove"":45,""mousedown"":3,""mouseup"":3,""resize"":0,""scroll"":0,""visibility"":0}","","","","","","","","","",""
"5df11e6cdc85350234932daa","pointArc_task_29","31","pixelResponse","94","13618","","","","","pointArc","","","","92"
"5df11e6cdc85350234932daa","pointArc_task_29","31","numericResponse","0.53","13618","","","","","pointArc","","","","92"
"5df11e6cdc85350234932daa","pointArc_task_29","31","windowEvents","{""focus"":2,""input"":0,""keydown"":0,""keyup"":0,""mousemove"":36,""mousedown"":3,""mouseup"":3,""resize"":0,""scroll"":0,""visibility"":0}","","","","","","","","","",""
"5df11e6cdc85350234932daa","pointArc_task_11","32","pixelResponse","92","10800","","","","","pointArc","","","","34"
"5df11e6cdc85350234932daa","pointArc_task_11","32","numericResponse","0.54","10800","","","","","pointArc","","","","34"
"5df11e6cdc85350234932daa","pointArc_task_11","32","windowEvents","{""focus"":2,""input"":0,""keydown"":0,""keyup"":0,""mousemove"":26,""mousedown"":3,""mouseup"":3,""resize"":0,""scroll"":0,""visibility"":0}","","","","","","","","","",""
"5df11e6cdc85350234932daa","pointArc_task_39","33","pixelResponse","108","14488","","","","","pointArc","","","","118"
"5df11e6cdc85350234932daa","pointArc_task_39","33","numericResponse","0.46","14488","","","","","pointArc","","","","118"
"5df11e6cdc85350234932daa","pointArc_task_39","33","windowEvents","{""focus"":2,""input"":0,""keydown"":0,""keyup"":0,""mousemove"":52,""mousedown"":3,""mouseup"":3,""resize"":0,""scroll"":0,""visibility"":0}","","","","","","","","","",""
"5df11e6cdc85350234932daa","pointArc_task_42","34","pixelResponse","108","32907","","","","","pointArc","","","","129"
"5df11e6cdc85350234932daa","pointArc_task_42","34","numericResponse","0.46","32907","","","","","pointArc","","","","129"
"5df11e6cdc85350234932daa","pointArc_task_42","34","windowEvents","{""focus"":2,""input"":0,""keydown"":0,""keyup"":0,""mousemove"":104,""mousedown"":3,""mouseup"":3,""resize"":0,""scroll"":0,""visibility"":0}","","","","","","","","","",""
"5df11e6cdc85350234932daa","pointArc_task_38","35","pixelResponse","94","16311","","","","","pointArc","","","","117"
"5df11e6cdc85350234932daa","pointArc_task_38","35","numericResponse","0.53","16311","","","","","pointArc","","","","117"
"5df11e6cdc85350234932daa","pointArc_task_38","35","windowEvents","{""focus"":2,""input"":0,""keydown"":0,""keyup"":0,""mousemove"":49,""mousedown"":3,""mouseup"":3,""resize"":0,""scroll"":0,""visibility"":0}","","","","","","","","","",""
"5df11e6cdc85350234932daa","pointArc_task_5","36","pixelResponse","102","9822","","","","","pointArc","","","","20"
"5df11e6cdc85350234932daa","pointArc_task_5","36","numericResponse","0.49","9822","","","","","pointArc","","","","20"
"5df11e6cdc85350234932daa","pointArc_task_5","36","windowEvents","{""focus"":2,""input"":0,""keydown"":0,""keyup"":0,""mousemove"":30,""mousedown"":3,""mouseup"":3,""resize"":0,""scroll"":0,""visibility"":0}","","","","","","","","","",""
"5df11e6cdc85350234932daa","attention_check","37","attention_check","the stock price","157556","","","","","","","","",""
"5df11e6cdc85350234932daa","attention_check","37","windowEvents","{""focus"":2,""input"":29,""keydown"":29,""keyup"":29,""mousemove"":17,""mousedown"":2,""mouseup"":2,""resize"":0,""scroll"":0,""visibility"":0}","","","","","","","","","",""
"5df11e6cdc85350234932daa","pointArc_task_46","38","pixelResponse","72","13369","","","","","pointArc","","","","141"
"5df11e6cdc85350234932daa","pointArc_task_46","38","numericResponse","0.64","13369","","","","","pointArc","","","","141"
"5df11e6cdc85350234932daa","pointArc_task_46","38","windowEvents","{""focus"":2,""input"":0,""keydown"":0,""keyup"":0,""mousemove"":40,""mousedown"":3,""mouseup"":3,""resize"":0,""scroll"":0,""visibility"":0}","","","","","","","","","",""
"5df11e6cdc85350234932daa","pointArc_task_44","39","pixelResponse","120","17348","","","","","pointArc","","","","131"
"5df11e6cdc85350234932daa","pointArc_task_44","39","numericResponse","0.4","17348","","","","","pointArc","","","","131"
"5df11e6cdc85350234932daa","pointArc_task_44","39","windowEvents","{""focus"":2,""input"":0,""keydown"":0,""keyup"":0,""mousemove"":51,""mousedown"":3,""mouseup"":3,""resize"":0,""scroll"":0,""visibility"":0}","","","","","","","","","",""
"5df11e6cdc85350234932daa","pointArc_task_47","40","pixelResponse","126","13886","","","","","pointArc","","","","142"
"5df11e6cdc85350234932daa","pointArc_task_47","40","numericResponse","0.37","13886","","","","","pointArc","","","","142"
"5df11e6cdc85350234932daa","pointArc_task_47","40","windowEvents","{""focus"":2,""input"":0,""keydown"":0,""keyup"":0,""mousemove"":36,""mousedown"":3,""mouseup"":3,""resize"":0,""scroll"":0,""visibility"":0}","","","","","","","","","",""
"5df11e6cdc85350234932daa","pointArc_task_10","41","pixelResponse","112.00000000000001","14953","","","","","pointArc","","","","33"
"5df11e6cdc85350234932daa","pointArc_task_10","41","numericResponse","0.44","14953","","","","","pointArc","","","","33"
"5df11e6cdc85350234932daa","pointArc_task_10","41","windowEvents","{""focus"":2,""input"":0,""keydown"":0,""keyup"":0,""mousemove"":39,""mousedown"":3,""mouseup"":3,""resize"":0,""scroll"":0,""visibility"":0}","","","","","","","","","",""
"5df11e6cdc85350234932daa","pointArc_task_37","42","pixelResponse","118.00000000000001","14062","","","","","pointArc","","","","116"
"5df11e6cdc85350234932daa","pointArc_task_37","42","numericResponse","0.41","14062","","","","","pointArc","","","","116"
"5df11e6cdc85350234932daa","pointArc_task_37","42","windowEvents","{""focus"":2,""input"":0,""keydown"":0,""keyup"":0,""mousemove"":34,""mousedown"":3,""mouseup"":3,""resize"":0,""scroll"":0,""visibility"":0}","","","","","","","","","",""
"5df11e6cdc85350234932daa","attention_check","43","attention_check","the average stock price","52411","","","","","","","","",""
"5df11e6cdc85350234932daa","attention_check","43","windowEvents","{""focus"":2,""input"":28,""keydown"":29,""keyup"":29,""mousemove"":16,""mousedown"":2,""mouseup"":2,""resize"":0,""scroll"":0,""visibility"":0}","","","","","","","","","",""
"5df11e6cdc85350234932daa","pointArc_task_33","44","pixelResponse","160","29367","","","","","pointArc","","","","104"
"5df11e6cdc85350234932daa","pointArc_task_33","44","numericResponse","0.2","29367","","","","","pointArc","","","","104"
"5df11e6cdc85350234932daa","pointArc_task_33","44","windowEvents","{""focus"":2,""input"":0,""keydown"":0,""keyup"":0,""mousemove"":53,""mousedown"":4,""mouseup"":4,""resize"":0,""scroll"":0,""visibility"":0}","","","","","","","","","",""
"5df11e6cdc85350234932daa","pointArc_task_18","45","pixelResponse","130","10432","","","","","pointArc","","","","57"
"5df11e6cdc85350234932daa","pointArc_task_18","45","numericResponse","0.35","10432","","","","","pointArc","","","","57"
"5df11e6cdc85350234932daa","pointArc_task_18","45","windowEvents","{""focus"":2,""input"":0,""keydown"":0,""keyup"":0,""mousemove"":41,""mousedown"":3,""mouseup"":3,""resize"":0,""scroll"":0,""visibility"":0}","","","","","","","","","",""
"5df11e6cdc85350234932daa","pointArc_task_3","46","pixelResponse","98","11403","","","","","pointArc","","","","10"
"5df11e6cdc85350234932daa","pointArc_task_3","46","numericResponse","0.51","11403","","","","","pointArc","","","","10"
"5df11e6cdc85350234932daa","pointArc_task_3","46","windowEvents","{""focus"":2,""input"":0,""keydown"":0,""keyup"":0,""mousemove"":30,""mousedown"":3,""mouseup"":3,""resize"":0,""scroll"":0,""visibility"":0}","","","","","","","","","",""
"5df11e6cdc85350234932daa","pointArc_task_15","47","pixelResponse","104.00000000000001","8798","","","","","pointArc","","","","46"
"5df11e6cdc85350234932daa","pointArc_task_15","47","numericResponse","0.48","8798","","","","","pointArc","","","","46"
"5df11e6cdc85350234932daa","pointArc_task_15","47","windowEvents","{""focus"":2,""input"":0,""keydown"":0,""keyup"":0,""mousemove"":27,""mousedown"":3,""mouseup"":3,""resize"":0,""scroll"":0,""visibility"":0}","","","","","","","","","",""
"5df11e6cdc85350234932daa","pointArc_task_21","48","pixelResponse","108","15471","","","","","pointArc","","","","68"
"5df11e6cdc85350234932daa","pointArc_task_21","48","numericResponse","0.46","15471","","","","","pointArc","","","","68"
"5df11e6cdc85350234932daa","pointArc_task_21","48","windowEvents","{""focus"":2,""input"":0,""keydown"":0,""keyup"":0,""mousemove"":40,""mousedown"":3,""mouseup"":3,""resize"":0,""scroll"":0,""visibility"":0}","","","","","","","","","",""
"5df11e6cdc85350234932daa","pointArc_task_43","49","pixelResponse","110.00000000000001","16252","","","","","pointArc","","","","130"
"5df11e6cdc85350234932daa","pointArc_task_43","49","numericResponse","0.45","16252","","","","","pointArc","","","","130"
"5df11e6cdc85350234932daa","pointArc_task_43","49","windowEvents","{""focus"":2,""input"":0,""keydown"":0,""keyup"":0,""mousemove"":38,""mousedown"":3,""mouseup"":3,""resize"":0,""scroll"":0,""visibility"":0}","","","","","","","","","",""
"5df11e6cdc85350234932daa","pointArc_task_36","50","pixelResponse","28","13954","","","","","pointArc","","","","107"
"5df11e6cdc85350234932daa","pointArc_task_36","50","numericResponse","0.86","13954","","","","","pointArc","","","","107"
"5df11e6cdc85350234932daa","pointArc_task_36","50","windowEvents","{""focus"":2,""input"":0,""keydown"":0,""keyup"":0,""mousemove"":41,""mousedown"":3,""mouseup"":3,""resize"":0,""scroll"":0,""visibility"":0}","","","","","","","","","",""
"5df11e6cdc85350234932daa","pointArc_task_30","51","pixelResponse","106","16206","","","","","pointArc","","","","93"
"5df11e6cdc85350234932daa","pointArc_task_30","51","numericResponse","0.47","16206","","","","","pointArc","","","","93"
"5df11e6cdc85350234932daa","pointArc_task_30","51","windowEvents","{""focus"":2,""input"":0,""keydown"":0,""keyup"":0,""mousemove"":47,""mousedown"":3,""mouseup"":3,""resize"":0,""scroll"":0,""visibility"":0}","","","","","","","","","",""
"5df11e6cdc85350234932daa","pointArc_task_32","52","pixelResponse","112.00000000000001","12048","","","","","pointArc","","","","95"
"5df11e6cdc85350234932daa","pointArc_task_32","52","numericResponse","0.44","12048","","","","","pointArc","","","","95"
"5df11e6cdc85350234932daa","pointArc_task_32","52","windowEvents","{""focus"":2,""input"":0,""keydown"":0,""keyup"":0,""mousemove"":35,""mousedown"":3,""mouseup"":3,""resize"":0,""scroll"":0,""visibility"":0}","","","","","","","","","",""
"5df11e6cdc85350234932daa","pointArc_task_2","53","pixelResponse","95.99999999999999","14877","","","","","pointArc","","","","9"
"5df11e6cdc85350234932daa","pointArc_task_2","53","numericResponse","0.52","14877","","","","","pointArc","","","","9"
"5df11e6cdc85350234932daa","pointArc_task_2","53","windowEvents","{""focus"":2,""input"":0,""keydown"":0,""keyup"":0,""mousemove"":56,""mousedown"":3,""mouseup"":3,""resize"":0,""scroll"":0,""visibility"":0}","","","","","","","","","",""
"5df11e6cdc85350234932daa","pointArc_task_12","54","pixelResponse","110.00000000000001","13735","","","","","pointArc","","","","35"
"5df11e6cdc85350234932daa","pointArc_task_12","54","numericResponse","0.45","13735","","","","","pointArc","","","","35"
"5df11e6cdc85350234932daa","pointArc_task_12","54","windowEvents","{""focus"":2,""input"":0,""keydown"":0,""keyup"":0,""mousemove"":43,""mousedown"":3,""mouseup"":3,""resize"":0,""scroll"":0,""visibility"":0}","","","","","","","","","",""
"5df11e6cdc85350234932daa","pointArc_task_9","55","pixelResponse","110.00000000000001","17078","","","","","pointArc","","","","32"
"5df11e6cdc85350234932daa","pointArc_task_9","55","numericResponse","0.45","17078","","","","","pointArc","","","","32"
"5df11e6cdc85350234932daa","pointArc_task_9","55","windowEvents","{""focus"":2,""input"":0,""keydown"":0,""keyup"":0,""mousemove"":59,""mousedown"":4,""mouseup"":4,""resize"":0,""scroll"":0,""visibility"":0}","","","","","","","","","",""
"5df11e6cdc85350234932daa","pointArc_task_24","56","pixelResponse","124","12320","","","","","pointArc","","","","71"
"5df11e6cdc85350234932daa","pointArc_task_24","56","numericResponse","0.38","12320","","","","","pointArc","","","","71"
"5df11e6cdc85350234932daa","pointArc_task_24","56","windowEvents","{""focus"":2,""input"":0,""keydown"":0,""keyup"":0,""mousemove"":33,""mousedown"":3,""mouseup"":3,""resize"":0,""scroll"":0,""visibility"":0}","","","","","","","","","",""
"5df11e6cdc85350234932daa","pointArc_task_28","57","pixelResponse","106","23367","","","","","pointArc","","","","83"
"5df11e6cdc85350234932daa","pointArc_task_28","57","numericResponse","0.47","23367","","","","","pointArc","","","","83"
"5df11e6cdc85350234932daa","pointArc_task_28","57","windowEvents","{""focus"":2,""input"":0,""keydown"":0,""keyup"":0,""mousemove"":56,""mousedown"":5,""mouseup"":5,""resize"":0,""scroll"":0,""visibility"":0}","","","","","","","","","",""
"5df11e6cdc85350234932daa","pointArc_task_17","58","pixelResponse","70","11001","","","","","pointArc","","","","56"
"5df11e6cdc85350234932daa","pointArc_task_17","58","numericResponse","0.65","11001","","","","","pointArc","","","","56"
"5df11e6cdc85350234932daa","pointArc_task_17","58","windowEvents","{""focus"":2,""input"":0,""keydown"":0,""keyup"":0,""mousemove"":37,""mousedown"":3,""mouseup"":3,""resize"":0,""scroll"":0,""visibility"":0}","","","","","","","","","",""
"5df11e6cdc85350234932daa","pointArc_task_14","59","pixelResponse","84.00000000000001","15056","","","","","pointArc","","","","45"
"5df11e6cdc85350234932daa","pointArc_task_14","59","numericResponse","0.58","15056","","","","","pointArc","","","","45"
"5df11e6cdc85350234932daa","pointArc_task_14","59","windowEvents","{""focus"":2,""input"":0,""keydown"":0,""keyup"":0,""mousemove"":57,""mousedown"":4,""mouseup"":4,""resize"":0,""scroll"":0,""visibility"":0}","","","","","","","","","",""
"5df11e6cdc85350234932daa","pointArc_task_40","60","pixelResponse","104.00000000000001","20555","","","","","pointArc","","","","119"
"5df11e6cdc85350234932daa","pointArc_task_40","60","numericResponse","0.48","20555","","","","","pointArc","","","","119"
"5df11e6cdc85350234932daa","pointArc_task_40","60","windowEvents","{""focus"":2,""input"":0,""keydown"":0,""keyup"":0,""mousemove"":55,""mousedown"":3,""mouseup"":3,""resize"":0,""scroll"":0,""visibility"":0}","","","","","","","","","",""
"5df11e6cdc85350234932daa","pointArc_task_20","61","pixelResponse","114.00000000000001","11745","","","","","pointArc","","","","59"
"5df11e6cdc85350234932daa","pointArc_task_20","61","numericResponse","0.43","11745","","","","","pointArc","","","","59"
"5df11e6cdc85350234932daa","pointArc_task_20","61","windowEvents","{""focus"":2,""input"":0,""keydown"":0,""keyup"":0,""mousemove"":34,""mousedown"":3,""mouseup"":3,""resize"":0,""scroll"":0,""visibility"":0}","","","","","","","","","",""
"5df11e6cdc85350234932daa","pointArc_task_41","62","pixelResponse","92","11797","","","","","pointArc","","","","128"
"5df11e6cdc85350234932daa","pointArc_task_41","62","numericResponse","0.54","11797","","","","","pointArc","","","","128"
"5df11e6cdc85350234932daa","pointArc_task_41","62","windowEvents","{""focus"":2,""input"":0,""keydown"":0,""keyup"":0,""mousemove"":22,""mousedown"":3,""mouseup"":3,""resize"":0,""scroll"":0,""visibility"":0}","","","","","","","","","",""
"5df11e6cdc85350234932daa","pointArc_task_48","63","pixelResponse","62.000000000000014","9139","","","","","pointArc","","","","143"
"5df11e6cdc85350234932daa","pointArc_task_48","63","numericResponse","0.69","9139","","","","","pointArc","","","","143"
"5df11e6cdc85350234932daa","pointArc_task_48","63","windowEvents","{""focus"":2,""input"":0,""keydown"":0,""keyup"":0,""mousemove"":25,""mousedown"":4,""mouseup"":4,""resize"":0,""scroll"":0,""visibility"":0}","","","","","","","","","",""
"5df11e6cdc85350234932daa","pointArc_task_4","64","pixelResponse","154","14044","","","","","pointArc","","","","11"
"5df11e6cdc85350234932daa","pointArc_task_4","64","numericResponse","0.23","14044","","","","","pointArc","","","","11"
"5df11e6cdc85350234932daa","pointArc_task_4","64","windowEvents","{""focus"":2,""input"":0,""keydown"":0,""keyup"":0,""mousemove"":63,""mousedown"":3,""mouseup"":3,""resize"":0,""scroll"":0,""visibility"":0}","","","","","","","","","",""
"5df11e6cdc85350234932daa","pointArc_task_27","65","pixelResponse","135.99999999999997","9205","","","","","pointArc","","","","82"
"5df11e6cdc85350234932daa","pointArc_task_27","65","numericResponse","0.32","9205","","","","","pointArc","","","","82"
"5df11e6cdc85350234932daa","pointArc_task_27","65","windowEvents","{""focus"":2,""input"":0,""keydown"":0,""keyup"":0,""mousemove"":31,""mousedown"":3,""mouseup"":3,""resize"":0,""scroll"":0,""visibility"":0}","","","","","","","","","",""
"5df11e6cdc85350234932daa","pointArc_task_7","66","pixelResponse","98","11449","","","","","pointArc","","","","22"
"5df11e6cdc85350234932daa","pointArc_task_7","66","numericResponse","0.51","11449","","","","","pointArc","","","","22"
"5df11e6cdc85350234932daa","pointArc_task_7","66","windowEvents","{""focus"":2,""input"":0,""keydown"":0,""keyup"":0,""mousemove"":23,""mousedown"":3,""mouseup"":3,""resize"":0,""scroll"":0,""visibility"":0}","","","","","","","","","",""
"5df11e6cdc85350234932daa","pointArc_task_22","67","pixelResponse","95.99999999999999","23531","","","","","pointArc","","","","69"
"5df11e6cdc85350234932daa","pointArc_task_22","67","numericResponse","0.52","23531","","","","","pointArc","","","","69"
"5df11e6cdc85350234932daa","pointArc_task_22","67","windowEvents","{""focus"":2,""input"":0,""keydown"":0,""keyup"":0,""mousemove"":68,""mousedown"":5,""mouseup"":5,""resize"":0,""scroll"":0,""visibility"":0}","","","","","","","","","",""
"5df11e6cdc85350234932daa","pointArc_task_25","68","pixelResponse","164.00000000000003","16613","","","","","pointArc","","","","80"
"5df11e6cdc85350234932daa","pointArc_task_25","68","numericResponse","0.18","16613","","","","","pointArc","","","","80"
"5df11e6cdc85350234932daa","pointArc_task_25","68","windowEvents","{""focus"":2,""input"":0,""keydown"":0,""keyup"":0,""mousemove"":41,""mousedown"":3,""mouseup"":3,""resize"":0,""scroll"":0,""visibility"":0}","","","","","","","","","",""
"5df11e6cdc85350234932daa","pointArc_task_26","69","pixelResponse","36.000000000000014","20845","","","","","pointArc","","","","81"
"5df11e6cdc85350234932daa","pointArc_task_26","69","numericResponse","0.82","20845","","","","","pointArc","","","","81"
"5df11e6cdc85350234932daa","pointArc_task_26","69","windowEvents","{""focus"":2,""input"":0,""keydown"":0,""keyup"":0,""mousemove"":72,""mousedown"":3,""mouseup"":3,""resize"":0,""scroll"":0,""visibility"":0}","","","","","","","","","",""
"5df11e6cdc85350234932daa","pointArc_task_34","70","pixelResponse","28","18397","","","","","pointArc","","","","105"
"5df11e6cdc85350234932daa","pointArc_task_34","70","numericResponse","0.86","18397","","","","","pointArc","","","","105"
"5df11e6cdc85350234932daa","pointArc_task_34","70","windowEvents","{""focus"":2,""input"":0,""keydown"":0,""keyup"":0,""mousemove"":48,""mousedown"":3,""mouseup"":3,""resize"":0,""scroll"":0,""visibility"":0}","","","","","","","","","",""
"5df11e6cdc85350234932daa","pointArc_task_35","71","pixelResponse","162","11294","","","","","pointArc","","","","106"
"5df11e6cdc85350234932daa","pointArc_task_35","71","numericResponse","0.19","11294","","","","","pointArc","","","","106"
"5df11e6cdc85350234932daa","pointArc_task_35","71","windowEvents","{""focus"":2,""input"":0,""keydown"":0,""keyup"":0,""mousemove"":41,""mousedown"":3,""mouseup"":3,""resize"":0,""scroll"":0,""visibility"":0}","","","","","","","","","",""
"5df11e6cdc85350234932daa","pointArc_task_1","72","pixelResponse","106","15897","","","","","pointArc","","","","8"
"5df11e6cdc85350234932daa","pointArc_task_1","72","numericResponse","0.47","15897","","","","","pointArc","","","","8"
"5df11e6cdc85350234932daa","pointArc_task_1","72","windowEvents","{""focus"":2,""input"":0,""keydown"":0,""keyup"":0,""mousemove"":52,""mousedown"":3,""mouseup"":3,""resize"":0,""scroll"":0,""visibility"":0}","","","","","","","","","",""
"5df11e6cdc85350234932daa","pointArc_task_8","73","pixelResponse","102","15137","","","","","pointArc","","","","23"
"5df11e6cdc85350234932daa","pointArc_task_8","73","numericResponse","0.49","15137","","","","","pointArc","","","","23"
"5df11e6cdc85350234932daa","pointArc_task_8","73","windowEvents","{""focus"":2,""input"":0,""keydown"":0,""keyup"":0,""mousemove"":38,""mousedown"":3,""mouseup"":3,""resize"":0,""scroll"":0,""visibility"":0}","","","","","","","","","",""
"5df11e6cdc85350234932daa","post_study","74","gender","Female","25756","","","","","","","","",""
"5df11e6cdc85350234932daa","post_study","74","gender-other","","25756","","","","","","","","",""
"5df11e6cdc85350234932daa","post_study","74","age","42","25756","","","","","","","","",""
"5df11e6cdc85350234932daa","post_study","74","feedback","No","25756","","","","","","","","",""
"5df11e6cdc85350234932daa","post_study","74","feedback-text","None","25756","","","","","","","","",""
"5df11e6cdc85350234932daa","post_study","74","strategy","None","25756","","","","","","","","",""
"5df11e6cdc85350234932daa","post_study","74","windowEvents","{""focus"":6,""input"":16,""keydown"":20,""keyup"":17,""mousemove"":49,""mousedown"":6,""mouseup"":6,""resize"":0,""scroll"":1,""visibility"":0}","","","","","","","","","",""
"5fa45d41eb5d570b4841254d","participantTags","","participantTags","[""virtual-chinrest""]","","","","","","","","","",""
"5fa45d41eb5d570b4841254d","introduction","0","prolificId","5fa45d41eb5d570b4841254d","21458","","","","","","","","",""
"5fa45d41eb5d570b4841254d","introduction","0","windowEvents","{""focus"":3,""input"":0,""keydown"":0,""keyup"":0,""mousemove"":16,""mousedown"":1,""mouseup"":0,""resize"":0,""scroll"":0,""visibility"":4}","","","","","","","","","",""
"5fa45d41eb5d570b4841254d","consent","1","consentApproval","Accept","7362","","","","","","","","",""
"5fa45d41eb5d570b4841254d","consent","1","windowEvents","{""focus"":1,""input"":1,""keydown"":0,""keyup"":0,""mousemove"":39,""mousedown"":1,""mouseup"":2,""resize"":0,""scroll"":11,""visibility"":0}","","","","","","","","","",""
"5fa45d41eb5d570b4841254d","chinrest_intro","2","","","12593","","","","","","","","",""
"5fa45d41eb5d570b4841254d","chinrest_intro","2","windowEvents","{""focus"":1,""input"":0,""keydown"":0,""keyup"":0,""mousemove"":43,""mousedown"":1,""mouseup"":1,""resize"":0,""scroll"":1,""visibility"":0}","","","","","","","","","",""
"5fa45d41eb5d570b4841254d","$virtual-chinrest.components.card-size","3","pixelsPerMM","2.8037383177570097","27853","pixelsPerMM","85.6","53.98","","","","","",""
"5fa45d41eb5d570b4841254d","$virtual-chinrest.components.card-size","3","windowEvents","{""focus"":4,""input"":0,""keydown"":0,""keyup"":0,""mousemove"":103,""mousedown"":5,""mouseup"":4,""resize"":0,""scroll"":0,""visibility"":0}","","","","","","","","","",""
"5fa45d41eb5d570b4841254d","$virtual-chinrest.components.blindspot-distance","4","dist-calibration-MM","667.9363636656457","196042","","","","13.5","","","","",""
"5fa45d41eb5d570b4841254d","$virtual-chinrest.components.blindspot-distance","4","dist-calibration-CM","66.79363636656457","196042","","","","13.5","","","","",""
"5fa45d41eb5d570b4841254d","$virtual-chinrest.components.blindspot-distance","4","ball-positions","[942,924,936,926,924]","196042","","","","13.5","","","","",""
"5fa45d41eb5d570b4841254d","$virtual-chinrest.components.blindspot-distance","4","square-position","1380","196042","","","","13.5","","","","",""
"5fa45d41eb5d570b4841254d","$virtual-chinrest.components.blindspot-distance","4","windowEvents","{""focus"":5,""input"":0,""keydown"":18,""keyup"":18,""mousemove"":163,""mousedown"":6,""mouseup"":6,""resize"":0,""scroll"":0,""visibility"":0}","","","","","","","","","",""
"5fa45d41eb5d570b4841254d","study_overview","5","","","31079","","","","","","","","",""
"5fa45d41eb5d570b4841254d","study_overview","5","windowEvents","{""focus"":2,""input"":0,""keydown"":0,""keyup"":0,""mousemove"":37,""mousedown"":1,""mouseup"":1,""resize"":0,""scroll"":0,""visibility"":2}","","","","","","","","","",""
"5fa45d41eb5d570b4841254d","task1_intro","6","","","18835","","","","","","","","",""
"5fa45d41eb5d570b4841254d","task1_intro","6","windowEvents","{""focus"":2,""input"":0,""keydown"":0,""keyup"":0,""mousemove"":29,""mousedown"":1,""mouseup"":1,""resize"":0,""scroll"":0,""visibility"":0}","","","","","","","","","",""
"5fa45d41eb5d570b4841254d","block5_train_1","7","location-x","0.2","37873","","","","","Block5","true","0.2","0.75",""
"5fa45d41eb5d570b4841254d","block5_train_1","7","location-y","0.75","37873","","","","","Block5","true","0.2","0.75",""
"5fa45d41eb5d570b4841254d","block5_train_1","7","slider-x","0.19","37873","","","","","Block5","true","0.2","0.75",""
"5fa45d41eb5d570b4841254d","block5_train_1","7","slider-y","0.75","37873","","","","","Block5","true","0.2","0.75",""
"5fa45d41eb5d570b4841254d","block5_train_1","7","windowEvents","{""focus"":6,""input"":0,""keydown"":0,""keyup"":0,""mousemove"":143,""mousedown"":8,""mouseup"":8,""resize"":0,""scroll"":2,""visibility"":0}","","","","","","","","","",""
"5fa45d41eb5d570b4841254d","block5_train_2","8","location-x","-1.5","33664","","","","","Block5","true","-1.5","0.4",""
"5fa45d41eb5d570b4841254d","block5_train_2","8","location-y","0.4","33664","","","","","Block5","true","-1.5","0.4",""
"5fa45d41eb5d570b4841254d","block5_train_2","8","slider-x","-1.49","33664","","","","","Block5","true","-1.5","0.4",""
"5fa45d41eb5d570b4841254d","block5_train_2","8","slider-y","0.4","33664","","","","","Block5","true","-1.5","0.4",""
"5fa45d41eb5d570b4841254d","block5_train_2","8","windowEvents","{""focus"":4,""input"":0,""keydown"":0,""keyup"":0,""mousemove"":116,""mousedown"":6,""mouseup"":6,""resize"":0,""scroll"":4,""visibility"":0}","","","","","","","","","",""
"5fa45d41eb5d570b4841254d","task1_test_intro","9","","","5744","","","","","","","","",""
"5fa45d41eb5d570b4841254d","task1_test_intro","9","windowEvents","{""focus"":1,""input"":0,""keydown"":0,""keyup"":0,""mousemove"":40,""mousedown"":1,""mouseup"":1,""resize"":0,""scroll"":1,""visibility"":0}","","","","","","","","","",""
"5fa45d41eb5d570b4841254d","block5_test_2","10","location-x","-3.03","13872","","","","","Block5","false","","",""
"5fa45d41eb5d570b4841254d","block5_test_2","10","location-y","0.69","13872","","","","","Block5","false","","",""
"5fa45d41eb5d570b4841254d","block5_test_2","10","slider-x","-3.05","13872","","","","","Block5","false","","",""
"5fa45d41eb5d570b4841254d","block5_test_2","10","slider-y","0.69","13872","","","","","Block5","false","","",""
"5fa45d41eb5d570b4841254d","block5_test_2","10","windowEvents","{""focus"":2,""input"":0,""keydown"":0,""keyup"":0,""mousemove"":70,""mousedown"":2,""mouseup"":3,""resize"":0,""scroll"":0,""visibility"":0}","","","","","","","","","",""
"5fa45d41eb5d570b4841254d","block5_test_8","11","location-x","1.35","13734","","","","","Block5","false","","",""
"5fa45d41eb5d570b4841254d","block5_test_8","11","location-y","0.21","13734","","","","","Block5","false","","",""
"5fa45d41eb5d570b4841254d","block5_test_8","11","slider-x","1.34","13734","","","","","Block5","false","","",""
"5fa45d41eb5d570b4841254d","block5_test_8","11","slider-y","0.2","13734","","","","","Block5","false","","",""
"5fa45d41eb5d570b4841254d","block5_test_8","11","windowEvents","{""focus"":4,""input"":0,""keydown"":0,""keyup"":0,""mousemove"":61,""mousedown"":4,""mouseup"":3,""resize"":0,""scroll"":0,""visibility"":0}","","","","","","","","","",""
"5fa45d41eb5d570b4841254d","block5_test_9","12","location-x","2.8","17563","","","","","Block5","false","","",""
"5fa45d41eb5d570b4841254d","block5_test_9","12","location-y","0.49","17563","","","","","Block5","false","","",""
"5fa45d41eb5d570b4841254d","block5_test_9","12","slider-x","2.8","17563","","","","","Block5","false","","",""
"5fa45d41eb5d570b4841254d","block5_test_9","12","slider-y","0.52","17563","","","","","Block5","false","","",""
"5fa45d41eb5d570b4841254d","block5_test_9","12","windowEvents","{""focus"":2,""input"":0,""keydown"":0,""keyup"":0,""mousemove"":85,""mousedown"":2,""mouseup"":3,""resize"":0,""scroll"":0,""visibility"":0}","","","","","","","","","",""
"5fa45d41eb5d570b4841254d","block5_test_10","13","location-x","-3.36","21510","","","","","Block5","false","","",""
"5fa45d41eb5d570b4841254d","block5_test_10","13","location-y","0.44","21510","","","","","Block5","false","","",""
"5fa45d41eb5d570b4841254d","block5_test_10","13","slider-x","-3.38","21510","","","","","Block5","false","","",""
"5fa45d41eb5d570b4841254d","block5_test_10","13","slider-y","0.44","21510","","","","","Block5","false","","",""
"5fa45d41eb5d570b4841254d","block5_test_10","13","windowEvents","{""focus"":4,""input"":0,""keydown"":0,""keyup"":0,""mousemove"":62,""mousedown"":4,""mouseup"":3,""resize"":0,""scroll"":0,""visibility"":0}","","","","","","","","","",""
"5fa45d41eb5d570b4841254d","block5_test_1","14","location-x","0.51","23023","","","","","Block5","false","","",""
"5fa45d41eb5d570b4841254d","block5_test_1","14","location-y","0.09","23023","","","","","Block5","false","","",""
"5fa45d41eb5d570b4841254d","block5_test_1","14","slider-x","0.53","23023","","","","","Block5","false","","",""
"5fa45d41eb5d570b4841254d","block5_test_1","14","slider-y","0.09","23023","","","","","Block5","false","","",""
"5fa45d41eb5d570b4841254d","block5_test_1","14","windowEvents","{""focus"":3,""input"":0,""keydown"":0,""keyup"":0,""mousemove"":93,""mousedown"":4,""mouseup"":4,""resize"":0,""scroll"":0,""visibility"":0}","","","","","","","","","",""
"5fa45d41eb5d570b4841254d","block5_test_7","15","location-x","-3.48","14051","","","","","Block5","false","","",""
"5fa45d41eb5d570b4841254d","block5_test_7","15","location-y","0.46","14051","","","","","Block5","false","","",""
"5fa45d41eb5d570b4841254d","block5_test_7","15","slider-x","-3.44","14051","","","","","Block5","false","","",""
"5fa45d41eb5d570b4841254d","block5_test_7","15","slider-y","0.46","14051","","","","","Block5","false","","",""
"5fa45d41eb5d570b4841254d","block5_test_7","15","windowEvents","{""focus"":2,""input"":0,""keydown"":0,""keyup"":0,""mousemove"":68,""mousedown"":2,""mouseup"":3,""resize"":0,""scroll"":0,""visibility"":0}","","","","","","","","","",""
"5fa45d41eb5d570b4841254d","block5_test_3","16","location-x","1.71","13189","","","","","Block5","false","","",""
"5fa45d41eb5d570b4841254d","block5_test_3","16","location-y","0.23","13189","","","","","Block5","false","","",""
"5fa45d41eb5d570b4841254d","block5_test_3","16","slider-x","1.74","13189","","","","","Block5","false","","",""
"5fa45d41eb5d570b4841254d","block5_test_3","16","slider-y","0.23","13189","","","","","Block5","false","","",""
"5fa45d41eb5d570b4841254d","block5_test_3","16","windowEvents","{""focus"":4,""input"":0,""keydown"":0,""keyup"":0,""mousemove"":61,""mousedown"":4,""mouseup"":3,""resize"":0,""scroll"":0,""visibility"":0}","","","","","","","","","",""
"5fa45d41eb5d570b4841254d","block5_test_6","17","location-x","3.12","13239","","","","","Block5","false","","",""
"5fa45d41eb5d570b4841254d","block5_test_6","17","location-y","0.92","13239","","","","","Block5","false","","",""
"5fa45d41eb5d570b4841254d","block5_test_6","17","slider-x","3.54","13239","","","","","Block5","false","","",""
"5fa45d41eb5d570b4841254d","block5_test_6","17","slider-y","0.95","13239","","","","","Block5","false","","",""
"5fa45d41eb5d570b4841254d","block5_test_6","17","windowEvents","{""focus"":3,""input"":0,""keydown"":0,""keyup"":0,""mousemove"":62,""mousedown"":3,""mouseup"":3,""resize"":0,""scroll"":0,""visibility"":0}","","","","","","","","","",""
"5fa45d41eb5d570b4841254d","block5_test_5","18","location-x","-1.64","19745","","","","","Block5","false","","",""
"5fa45d41eb5d570b4841254d","block5_test_5","18","location-y","0.39","19745","","","","","Block5","false","","",""
"5fa45d41eb5d570b4841254d","block5_test_5","18","slider-x","-1.65","19745","","","","","Block5","false","","",""
"5fa45d41eb5d570b4841254d","block5_test_5","18","slider-y","0.39","19745","","","","","Block5","false","","",""
"5fa45d41eb5d570b4841254d","block5_test_5","18","windowEvents","{""focus"":3,""input"":0,""keydown"":0,""keyup"":0,""mousemove"":85,""mousedown"":5,""mouseup"":5,""resize"":0,""scroll"":0,""visibility"":0}","","","","","","","","","",""
"5fa45d41eb5d570b4841254d","block5_test_4","19","location-x","2.05","15560","","","","","Block5","false","","",""
"5fa45d41eb5d570b4841254d","block5_test_4","19","location-y","0.36","15560","","","","","Block5","false","","",""
"5fa45d41eb5d570b4841254d","block5_test_4","19","slider-x","2.03","15560","","","","","Block5","false","","",""
"5fa45d41eb5d570b4841254d","block5_test_4","19","slider-y","0.37","15560","","","","","Block5","false","","",""
"5fa45d41eb5d570b4841254d","block5_test_4","19","windowEvents","{""focus"":3,""input"":0,""keydown"":0,""keyup"":0,""mousemove"":71,""mousedown"":3,""mouseup"":3,""resize"":0,""scroll"":0,""visibility"":0}","","","","","","","","","",""
"5fa45d41eb5d570b4841254d","task2_intro","20","","","19403","","","","","","","","",""
"5fa45d41eb5d570b4841254d","task2_intro","20","windowEvents","{""focus"":1,""input"":0,""keydown"":0,""keyup"":0,""mousemove"":16,""mousedown"":1,""mouseup"":1,""resize"":0,""scroll"":0,""visibility"":0}","","","","","","","","","",""
"5fa45d41eb5d570b4841254d","moritz_train_pointArc_1","21","pixelResponse","104.00000000000001","17151","","","","","point","true","","","4"
"5fa45d41eb5d570b4841254d","moritz_train_pointArc_1","21","numericResponse","0.48","17151","","","","","point","true","","","4"
"5fa45d41eb5d570b4841254d","moritz_train_pointArc_1","21","windowEvents","{""focus"":3,""input"":0,""keydown"":0,""keyup"":0,""mousemove"":57,""mousedown"":3,""mouseup"":3,""resize"":0,""scroll"":0,""visibility"":0}","","","","","","","","","",""
"5fa45d41eb5d570b4841254d","moritz_train_pointArc_2","22","pixelResponse","60","280586","","","","","point","true","","","5"
"5fa45d41eb5d570b4841254d","moritz_train_pointArc_2","22","numericResponse","0.7","280586","","","","","point","true","","","5"
"5fa45d41eb5d570b4841254d","moritz_train_pointArc_2","22","windowEvents","{""focus"":2,""input"":0,""keydown"":0,""keyup"":0,""mousemove"":50,""mousedown"":2,""mouseup"":3,""resize"":0,""scroll"":0,""visibility"":0}","","","","","","","","","",""
"5fa45d41eb5d570b4841254d","task2_test_intro","23","","","5052","","","","","","","","",""
"5fa45d41eb5d570b4841254d","task2_test_intro","23","windowEvents","{""focus"":2,""input"":0,""keydown"":0,""keyup"":0,""mousemove"":30,""mousedown"":2,""mouseup"":1,""resize"":0,""scroll"":0,""visibility"":0}","","","","","","","","","",""
"5fa45d41eb5d570b4841254d","pointArc_task_21","24","pixelResponse","108","5241","","","","","pointArc","","","","68"
"5fa45d41eb5d570b4841254d","pointArc_task_21","24","numericResponse","0.46","5241","","","","","pointArc","","","","68"
"5fa45d41eb5d570b4841254d","pointArc_task_21","24","windowEvents","{""focus"":2,""input"":0,""keydown"":0,""keyup"":0,""mousemove"":32,""mousedown"":2,""mouseup"":2,""resize"":0,""scroll"":0,""visibility"":0}","","","","","","","","","",""
"5fa45d41eb5d570b4841254d","pointArc_task_1","25","pixelResponse","87.99999999999999","4059","","","","","pointArc","","","","8"
"5fa45d41eb5d570b4841254d","pointArc_task_1","25","numericResponse","0.56","4059","","","","","pointArc","","","","8"
"5fa45d41eb5d570b4841254d","pointArc_task_1","25","windowEvents","{""focus"":2,""input"":0,""keydown"":0,""keyup"":0,""mousemove"":23,""mousedown"":2,""mouseup"":2,""resize"":0,""scroll"":0,""visibility"":0}","","","","","","","","","",""
"5fa45d41eb5d570b4841254d","pointArc_task_13","26","pixelResponse","116.00000000000001","4870","","","","","pointArc","","","","44"
"5fa45d41eb5d570b4841254d","pointArc_task_13","26","numericResponse","0.42","4870","","","","","pointArc","","","","44"
"5fa45d41eb5d570b4841254d","pointArc_task_13","26","windowEvents","{""focus"":2,""input"":0,""keydown"":0,""keyup"":0,""mousemove"":33,""mousedown"":2,""mouseup"":2,""resize"":0,""scroll"":0,""visibility"":0}","","","","","","","","","",""
"5fa45d41eb5d570b4841254d","pointArc_task_33","27","pixelResponse","135.99999999999997","6232","","","","","pointArc","","","","104"
"5fa45d41eb5d570b4841254d","pointArc_task_33","27","numericResponse","0.32","6232","","","","","pointArc","","","","104"
"5fa45d41eb5d570b4841254d","pointArc_task_33","27","windowEvents","{""focus"":2,""input"":0,""keydown"":0,""keyup"":0,""mousemove"":43,""mousedown"":2,""mouseup"":2,""resize"":0,""scroll"":0,""visibility"":0}","","","","","","","","","",""
"5fa45d41eb5d570b4841254d","pointArc_task_18","28","pixelResponse","110.00000000000001","3823","","","","","pointArc","","","","57"
"5fa45d41eb5d570b4841254d","pointArc_task_18","28","numericResponse","0.45","3823","","","","","pointArc","","","","57"
"5fa45d41eb5d570b4841254d","pointArc_task_18","28","windowEvents","{""focus"":2,""input"":0,""keydown"":0,""keyup"":0,""mousemove"":25,""mousedown"":2,""mouseup"":2,""resize"":0,""scroll"":0,""visibility"":0}","","","","","","","","","",""
"5fa45d41eb5d570b4841254d","pointArc_task_29","29","pixelResponse","100","5818","","","","","pointArc","","","","92"
"5fa45d41eb5d570b4841254d","pointArc_task_29","29","numericResponse","0.5","5818","","","","","pointArc","","","","92"
"5fa45d41eb5d570b4841254d","pointArc_task_29","29","windowEvents","{""focus"":2,""input"":0,""keydown"":0,""keyup"":0,""mousemove"":41,""mousedown"":3,""mouseup"":3,""resize"":0,""scroll"":0,""visibility"":0}","","","","","","","","","",""
"5fa45d41eb5d570b4841254d","pointArc_task_48","30","pixelResponse","87.99999999999999","4322","","","","","pointArc","","","","143"
"5fa45d41eb5d570b4841254d","pointArc_task_48","30","numericResponse","0.56","4322","","","","","pointArc","","","","143"
"5fa45d41eb5d570b4841254d","pointArc_task_48","30","windowEvents","{""focus"":1,""input"":0,""keydown"":0,""keyup"":0,""mousemove"":30,""mousedown"":1,""mouseup"":2,""resize"":0,""scroll"":0,""visibility"":0}","","","","","","","","","",""
"5fa45d41eb5d570b4841254d","attention_check","31","attention_check","stock price average","74869","","","","","","","","",""
"5fa45d41eb5d570b4841254d","attention_check","31","windowEvents","{""focus"":3,""input"":31,""keydown"":33,""keyup"":31,""mousemove"":75,""mousedown"":4,""mouseup"":3,""resize"":0,""scroll"":0,""visibility"":0}","","","","","","","","","",""
"5fa45d41eb5d570b4841254d","pointArc_task_30","32","pixelResponse","95.99999999999999","10161","","","","","pointArc","","","","93"
"5fa45d41eb5d570b4841254d","pointArc_task_30","32","numericResponse","0.52","10161","","","","","pointArc","","","","93"
"5fa45d41eb5d570b4841254d","pointArc_task_30","32","windowEvents","{""focus"":1,""input"":0,""keydown"":0,""keyup"":0,""mousemove"":37,""mousedown"":1,""mouseup"":2,""resize"":0,""scroll"":0,""visibility"":0}","","","","","","","","","",""
"5fa45d41eb5d570b4841254d","pointArc_task_8","33","pixelResponse","112.00000000000001","5146","","","","","pointArc","","","","23"
"5fa45d41eb5d570b4841254d","pointArc_task_8","33","numericResponse","0.44","5146","","","","","pointArc","","","","23"
"5fa45d41eb5d570b4841254d","pointArc_task_8","33","windowEvents","{""focus"":2,""input"":0,""keydown"":0,""keyup"":0,""mousemove"":26,""mousedown"":2,""mouseup"":2,""resize"":0,""scroll"":0,""visibility"":0}","","","","","","","","","",""
"5fa45d41eb5d570b4841254d","pointArc_task_28","34","pixelResponse","65.99999999999999","5100","","","","","pointArc","","","","83"
"5fa45d41eb5d570b4841254d","pointArc_task_28","34","numericResponse","0.67","5100","","","","","pointArc","","","","83"
"5fa45d41eb5d570b4841254d","pointArc_task_28","34","windowEvents","{""focus"":3,""input"":0,""keydown"":0,""keyup"":0,""mousemove"":31,""mousedown"":3,""mouseup"":2,""resize"":0,""scroll"":0,""visibility"":0}","","","","","","","","","",""
"5fa45d41eb5d570b4841254d","pointArc_task_27","35","pixelResponse","148","5899","","","","","pointArc","","","","82"
"5fa45d41eb5d570b4841254d","pointArc_task_27","35","numericResponse","0.26","5899","","","","","pointArc","","","","82"
"5fa45d41eb5d570b4841254d","pointArc_task_27","35","windowEvents","{""focus"":2,""input"":0,""keydown"":0,""keyup"":0,""mousemove"":36,""mousedown"":2,""mouseup"":2,""resize"":0,""scroll"":0,""visibility"":0}","","","","","","","","","",""
"5fa45d41eb5d570b4841254d","pointArc_task_17","36","pixelResponse","100","4962","","","","","pointArc","","","","56"
"5fa45d41eb5d570b4841254d","pointArc_task_17","36","numericResponse","0.5","4962","","","","","pointArc","","","","56"
"5fa45d41eb5d570b4841254d","pointArc_task_17","36","windowEvents","{""focus"":2,""input"":0,""keydown"":0,""keyup"":0,""mousemove"":30,""mousedown"":2,""mouseup"":2,""resize"":0,""scroll"":0,""visibility"":0}","","","","","","","","","",""
"5fa45d41eb5d570b4841254d","pointArc_task_14","37","pixelResponse","82.00000000000001","6392","","","","","pointArc","","","","45"
"5fa45d41eb5d570b4841254d","pointArc_task_14","37","numericResponse","0.59","6392","","","","","pointArc","","","","45"
"5fa45d41eb5d570b4841254d","pointArc_task_14","37","windowEvents","{""focus"":1,""input"":0,""keydown"":0,""keyup"":0,""mousemove"":32,""mousedown"":1,""mouseup"":2,""resize"":0,""scroll"":0,""visibility"":0}","","","","","","","","","",""
"5fa45d41eb5d570b4841254d","pointArc_task_10","38","pixelResponse","74","6477","","","","","pointArc","","","","33"
"5fa45d41eb5d570b4841254d","pointArc_task_10","38","numericResponse","0.63","6477","","","","","pointArc","","","","33"
"5fa45d41eb5d570b4841254d","pointArc_task_10","38","windowEvents","{""focus"":3,""input"":0,""keydown"":0,""keyup"":0,""mousemove"":35,""mousedown"":3,""mouseup"":2,""resize"":0,""scroll"":0,""visibility"":0}","","","","","","","","","",""
"5fa45d41eb5d570b4841254d","pointArc_task_11","39","pixelResponse","106","6452","","","","","pointArc","","","","34"
"5fa45d41eb5d570b4841254d","pointArc_task_11","39","numericResponse","0.47","6452","","","","","pointArc","","","","34"
"5fa45d41eb5d570b4841254d","pointArc_task_11","39","windowEvents","{""focus"":2,""input"":0,""keydown"":0,""keyup"":0,""mousemove"":37,""mousedown"":2,""mouseup"":2,""resize"":0,""scroll"":0,""visibility"":0}","","","","","","","","","",""
"5fa45d41eb5d570b4841254d","pointArc_task_6","40","pixelResponse","86","5028","","","","","pointArc","","","","21"
"5fa45d41eb5d570b4841254d","pointArc_task_6","40","numericResponse","0.57","5028","","","","","pointArc","","","","21"
"5fa45d41eb5d570b4841254d","pointArc_task_6","40","windowEvents","{""focus"":2,""input"":0,""keydown"":0,""keyup"":0,""mousemove"":34,""mousedown"":2,""mouseup"":2,""resize"":0,""scroll"":0,""visibility"":0}","","","","","","","","","",""
"5fa45d41eb5d570b4841254d","pointArc_task_32","41","pixelResponse","89.99999999999999","8054","","","","","pointArc","","","","95"
"5fa45d41eb5d570b4841254d","pointArc_task_32","41","numericResponse","0.55","8054","","","","","pointArc","","","","95"
"5fa45d41eb5d570b4841254d","pointArc_task_32","41","windowEvents","{""focus"":2,""input"":0,""keydown"":0,""keyup"":0,""mousemove"":38,""mousedown"":2,""mouseup"":2,""resize"":0,""scroll"":0,""visibility"":0}","","","","","","","","","",""
"5fa45d41eb5d570b4841254d","pointArc_task_38","42","pixelResponse","67.99999999999999","5225","","","","","pointArc","","","","117"
"5fa45d41eb5d570b4841254d","pointArc_task_38","42","numericResponse","0.66","5225","","","","","pointArc","","","","117"
"5fa45d41eb5d570b4841254d","pointArc_task_38","42","windowEvents","{""focus"":1,""input"":0,""keydown"":0,""keyup"":0,""mousemove"":26,""mousedown"":1,""mouseup"":2,""resize"":0,""scroll"":0,""visibility"":0}","","","","","","","","","",""
"5fa45d41eb5d570b4841254d","pointArc_task_34","43","pixelResponse","78","4511","","","","","pointArc","","","","105"
"5fa45d41eb5d570b4841254d","pointArc_task_34","43","numericResponse","0.61","4511","","","","","pointArc","","","","105"
"5fa45d41eb5d570b4841254d","pointArc_task_34","43","windowEvents","{""focus"":3,""input"":0,""keydown"":0,""keyup"":0,""mousemove"":25,""mousedown"":3,""mouseup"":2,""resize"":0,""scroll"":0,""visibility"":0}","","","","","","","","","",""
"5fa45d41eb5d570b4841254d","pointArc_task_20","44","pixelResponse","98","3996","","","","","pointArc","","","","59"
"5fa45d41eb5d570b4841254d","pointArc_task_20","44","numericResponse","0.51","3996","","","","","pointArc","","","","59"
"5fa45d41eb5d570b4841254d","pointArc_task_20","44","windowEvents","{""focus"":2,""input"":0,""keydown"":0,""keyup"":0,""mousemove"":26,""mousedown"":2,""mouseup"":2,""resize"":0,""scroll"":0,""visibility"":0}","","","","","","","","","",""
"5fa45d41eb5d570b4841254d","pointArc_task_5","45","pixelResponse","94","3178","","","","","pointArc","","","","20"
"5fa45d41eb5d570b4841254d","pointArc_task_5","45","numericResponse","0.53","3178","","","","","pointArc","","","","20"
"5fa45d41eb5d570b4841254d","pointArc_task_5","45","windowEvents","{""focus"":2,""input"":0,""keydown"":0,""keyup"":0,""mousemove"":18,""mousedown"":2,""mouseup"":2,""resize"":0,""scroll"":0,""visibility"":0}","","","","","","","","","",""
"5fa45d41eb5d570b4841254d","pointArc_task_12","46","pixelResponse","87.99999999999999","4703","","","","","pointArc","","","","35"
"5fa45d41eb5d570b4841254d","pointArc_task_12","46","numericResponse","0.56","4703","","","","","pointArc","","","","35"
"5fa45d41eb5d570b4841254d","pointArc_task_12","46","windowEvents","{""focus"":2,""input"":0,""keydown"":0,""keyup"":0,""mousemove"":23,""mousedown"":2,""mouseup"":2,""resize"":0,""scroll"":0,""visibility"":0}","","","","","","","","","",""
"5fa45d41eb5d570b4841254d","pointArc_task_42","47","pixelResponse","95.99999999999999","5795","","","","","pointArc","","","","129"
"5fa45d41eb5d570b4841254d","pointArc_task_42","47","numericResponse","0.52","5795","","","","","pointArc","","","","129"
"5fa45d41eb5d570b4841254d","pointArc_task_42","47","windowEvents","{""focus"":2,""input"":0,""keydown"":0,""keyup"":0,""mousemove"":28,""mousedown"":2,""mouseup"":2,""resize"":0,""scroll"":0,""visibility"":0}","","","","","","","","","",""
"5fa45d41eb5d570b4841254d","pointArc_task_23","48","pixelResponse","100","6516","","","","","pointArc","","","","70"
"5fa45d41eb5d570b4841254d","pointArc_task_23","48","numericResponse","0.5","6516","","","","","pointArc","","","","70"
"5fa45d41eb5d570b4841254d","pointArc_task_23","48","windowEvents","{""focus"":2,""input"":0,""keydown"":0,""keyup"":0,""mousemove"":32,""mousedown"":3,""mouseup"":3,""resize"":0,""scroll"":0,""visibility"":0}","","","","","","","","","",""
"5fa45d41eb5d570b4841254d","pointArc_task_44","49","pixelResponse","95.99999999999999","3757","","","","","pointArc","","","","131"
"5fa45d41eb5d570b4841254d","pointArc_task_44","49","numericResponse","0.52","3757","","","","","pointArc","","","","131"
"5fa45d41eb5d570b4841254d","pointArc_task_44","49","windowEvents","{""focus"":2,""input"":0,""keydown"":0,""keyup"":0,""mousemove"":25,""mousedown"":2,""mouseup"":2,""resize"":0,""scroll"":0,""visibility"":0}","","","","","","","","","",""
"5fa45d41eb5d570b4841254d","pointArc_task_39","50","pixelResponse","124","5540","","","","","pointArc","","","","118"
"5fa45d41eb5d570b4841254d","pointArc_task_39","50","numericResponse","0.38","5540","","","","","pointArc","","","","118"
"5fa45d41eb5d570b4841254d","pointArc_task_39","50","windowEvents","{""focus"":2,""input"":0,""keydown"":0,""keyup"":0,""mousemove"":33,""mousedown"":2,""mouseup"":2,""resize"":0,""scroll"":0,""visibility"":0}","","","","","","","","","",""
"5fa45d41eb5d570b4841254d","pointArc_task_2","51","pixelResponse","100","3588","","","","","pointArc","","","","9"
"5fa45d41eb5d570b4841254d","pointArc_task_2","51","numericResponse","0.5","3588","","","","","pointArc","","","","9"
"5fa45d41eb5d570b4841254d","pointArc_task_2","51","windowEvents","{""focus"":2,""input"":0,""keydown"":0,""keyup"":0,""mousemove"":22,""mousedown"":2,""mouseup"":2,""resize"":0,""scroll"":0,""visibility"":0}","","","","","","","","","",""
"5fa45d41eb5d570b4841254d","pointArc_task_3","52","pixelResponse","100","4435","","","","","pointArc","","","","10"
"5fa45d41eb5d570b4841254d","pointArc_task_3","52","numericResponse","0.5","4435","","","","","pointArc","","","","10"
"5fa45d41eb5d570b4841254d","pointArc_task_3","52","windowEvents","{""focus"":2,""input"":0,""keydown"":0,""keyup"":0,""mousemove"":27,""mousedown"":2,""mouseup"":2,""resize"":0,""scroll"":0,""visibility"":0}","","","","","","","","","",""
"5fa45d41eb5d570b4841254d","pointArc_task_47","53","pixelResponse","131.99999999999997","9456","","","","","pointArc","","","","142"
"5fa45d41eb5d570b4841254d","pointArc_task_47","53","numericResponse","0.34","9456","","","","","pointArc","","","","142"
"5fa45d41eb5d570b4841254d","pointArc_task_47","53","windowEvents","{""focus"":2,""input"":0,""keydown"":0,""keyup"":0,""mousemove"":54,""mousedown"":3,""mouseup"":3,""resize"":0,""scroll"":0,""visibility"":0}","","","","","","","","","",""
"5fa45d41eb5d570b4841254d","pointArc_task_22","54","pixelResponse","72","6909","","","","","pointArc","","","","69"
"5fa45d41eb5d570b4841254d","pointArc_task_22","54","numericResponse","0.64","6909","","","","","pointArc","","","","69"
"5fa45d41eb5d570b4841254d","pointArc_task_22","54","windowEvents","{""focus"":1,""input"":0,""keydown"":0,""keyup"":0,""mousemove"":52,""mousedown"":1,""mouseup"":2,""resize"":0,""scroll"":0,""visibility"":0}","","","","","","","","","",""
"5fa45d41eb5d570b4841254d","pointArc_task_19","55","pixelResponse","60","5901","","","","","pointArc","","","","58"
"5fa45d41eb5d570b4841254d","pointArc_task_19","55","numericResponse","0.7","5901","","","","","pointArc","","","","58"
"5fa45d41eb5d570b4841254d","pointArc_task_19","55","windowEvents","{""focus"":2,""input"":0,""keydown"":0,""keyup"":0,""mousemove"":29,""mousedown"":3,""mouseup"":2,""resize"":0,""scroll"":0,""visibility"":0}","","","","","","","","","",""
"5fa45d41eb5d570b4841254d","pointArc_task_16","56","pixelResponse","108","5611","","","","","pointArc","","","","47"
"5fa45d41eb5d570b4841254d","pointArc_task_16","56","numericResponse","0.46","5611","","","","","pointArc","","","","47"
"5fa45d41eb5d570b4841254d","pointArc_task_16","56","windowEvents","{""focus"":3,""input"":0,""keydown"":0,""keyup"":0,""mousemove"":35,""mousedown"":2,""mouseup"":2,""resize"":0,""scroll"":0,""visibility"":0}","","","","","","","","","",""
"5fa45d41eb5d570b4841254d","pointArc_task_36","57","pixelResponse","39.99999999999999","6571","","","","","pointArc","","","","107"
"5fa45d41eb5d570b4841254d","pointArc_task_36","57","numericResponse","0.8","6571","","","","","pointArc","","","","107"
"5fa45d41eb5d570b4841254d","pointArc_task_36","57","windowEvents","{""focus"":2,""input"":0,""keydown"":0,""keyup"":0,""mousemove"":37,""mousedown"":2,""mouseup"":2,""resize"":0,""scroll"":0,""visibility"":0}","","","","","","","","","",""
"5fa45d41eb5d570b4841254d","pointArc_task_25","58","pixelResponse","141.99999999999997","6681","","","","","pointArc","","","","80"
"5fa45d41eb5d570b4841254d","pointArc_task_25","58","numericResponse","0.29","6681","","","","","pointArc","","","","80"
"5fa45d41eb5d570b4841254d","pointArc_task_25","58","windowEvents","{""focus"":2,""input"":0,""keydown"":0,""keyup"":0,""mousemove"":43,""mousedown"":2,""mouseup"":2,""resize"":0,""scroll"":0,""visibility"":0}","","","","","","","","","",""
"5fa45d41eb5d570b4841254d","pointArc_task_7","59","pixelResponse","98","5197","","","","","pointArc","","","","22"
"5fa45d41eb5d570b4841254d","pointArc_task_7","59","numericResponse","0.51","5197","","","","","pointArc","","","","22"
"5fa45d41eb5d570b4841254d","pointArc_task_7","59","windowEvents","{""focus"":2,""input"":0,""keydown"":0,""keyup"":0,""mousemove"":29,""mousedown"":2,""mouseup"":2,""resize"":0,""scroll"":0,""visibility"":0}","","","","","","","","","",""
"5fa45d41eb5d570b4841254d","pointArc_task_41","60","pixelResponse","92","7693","","","","","pointArc","","","","128"
"5fa45d41eb5d570b4841254d","pointArc_task_41","60","numericResponse","0.54","7693","","","","","pointArc","","","","128"
"5fa45d41eb5d570b4841254d","pointArc_task_41","60","windowEvents","{""focus"":2,""input"":0,""keydown"":0,""keyup"":0,""mousemove"":35,""mousedown"":2,""mouseup"":2,""resize"":0,""scroll"":0,""visibility"":0}","","","","","","","","","",""
"5fa45d41eb5d570b4841254d","attention_check","61","attention_check","stock average","48884","","","","","","","","",""
"5fa45d41eb5d570b4841254d","attention_check","61","windowEvents","{""focus"":2,""input"":13,""keydown"":13,""keyup"":12,""mousemove"":34,""mousedown"":2,""mouseup"":2,""resize"":0,""scroll"":0,""visibility"":0}","","","","","","","","","",""
"5fa45d41eb5d570b4841254d","pointArc_task_40","62","pixelResponse","78","8245","","","","","pointArc","","","","119"
"5fa45d41eb5d570b4841254d","pointArc_task_40","62","numericResponse","0.61","8245","","","","","pointArc","","","","119"
"5fa45d41eb5d570b4841254d","pointArc_task_40","62","windowEvents","{""focus"":2,""input"":0,""keydown"":0,""keyup"":0,""mousemove"":47,""mousedown"":3,""mouseup"":3,""resize"":0,""scroll"":0,""visibility"":0}","","","","","","","","","",""
"5fa45d41eb5d570b4841254d","pointArc_task_35","63","pixelResponse","146","4962","","","","","pointArc","","","","106"
"5fa45d41eb5d570b4841254d","pointArc_task_35","63","numericResponse","0.27","4962","","","","","pointArc","","","","106"
"5fa45d41eb5d570b4841254d","pointArc_task_35","63","windowEvents","{""focus"":2,""input"":0,""keydown"":0,""keyup"":0,""mousemove"":26,""mousedown"":2,""mouseup"":2,""resize"":0,""scroll"":0,""visibility"":0}","","","","","","","","","",""
"5fa45d41eb5d570b4841254d","pointArc_task_9","64","pixelResponse","126","10152","","","","","pointArc","","","","32"
"5fa45d41eb5d570b4841254d","pointArc_task_9","64","numericResponse","0.37","10152","","","","","pointArc","","","","32"
"5fa45d41eb5d570b4841254d","pointArc_task_9","64","windowEvents","{""focus"":2,""input"":0,""keydown"":0,""keyup"":0,""mousemove"":38,""mousedown"":2,""mouseup"":2,""resize"":0,""scroll"":0,""visibility"":0}","","","","","","","","","",""
"5fa45d41eb5d570b4841254d","pointArc_task_31","65","pixelResponse","94","6506","","","","","pointArc","","","","94"
"5fa45d41eb5d570b4841254d","pointArc_task_31","65","numericResponse","0.53","6506","","","","","pointArc","","","","94"
"5fa45d41eb5d570b4841254d","pointArc_task_31","65","windowEvents","{""focus"":2,""input"":0,""keydown"":0,""keyup"":0,""mousemove"":34,""mousedown"":2,""mouseup"":2,""resize"":0,""scroll"":0,""visibility"":0}","","","","","","","","","",""
"5fa45d41eb5d570b4841254d","pointArc_task_4","66","pixelResponse","120","5839","","","","","pointArc","","","","11"
"5fa45d41eb5d570b4841254d","pointArc_task_4","66","numericResponse","0.4","5839","","","","","pointArc","","","","11"
"5fa45d41eb5d570b4841254d","pointArc_task_4","66","windowEvents","{""focus"":2,""input"":0,""keydown"":0,""keyup"":0,""mousemove"":33,""mousedown"":2,""mouseup"":2,""resize"":0,""scroll"":0,""visibility"":0}","","","","","","","","","",""
"5fa45d41eb5d570b4841254d","pointArc_task_46","67","pixelResponse","56.00000000000001","5567","","","","","pointArc","","","","141"
"5fa45d41eb5d570b4841254d","pointArc_task_46","67","numericResponse","0.72","5567","","","","","pointArc","","","","141"
"5fa45d41eb5d570b4841254d","pointArc_task_46","67","windowEvents","{""focus"":1,""input"":0,""keydown"":0,""keyup"":0,""mousemove"":25,""mousedown"":1,""mouseup"":2,""resize"":0,""scroll"":0,""visibility"":0}","","","","","","","","","",""
"5fa45d41eb5d570b4841254d","pointArc_task_24","68","pixelResponse","112.00000000000001","4236","","","","","pointArc","","","","71"
"5fa45d41eb5d570b4841254d","pointArc_task_24","68","numericResponse","0.44","4236","","","","","pointArc","","","","71"
"5fa45d41eb5d570b4841254d","pointArc_task_24","68","windowEvents","{""focus"":3,""input"":0,""keydown"":0,""keyup"":0,""mousemove"":27,""mousedown"":3,""mouseup"":2,""resize"":0,""scroll"":0,""visibility"":0}","","","","","","","","","",""
"5fa45d41eb5d570b4841254d","pointArc_task_26","69","pixelResponse","50","5930","","","","","pointArc","","","","81"
"5fa45d41eb5d570b4841254d","pointArc_task_26","69","numericResponse","0.75","5930","","","","","pointArc","","","","81"
"5fa45d41eb5d570b4841254d","pointArc_task_26","69","windowEvents","{""focus"":1,""input"":0,""keydown"":0,""keyup"":0,""mousemove"":35,""mousedown"":1,""mouseup"":2,""resize"":0,""scroll"":0,""visibility"":0}","","","","","","","","","",""
"5fa45d41eb5d570b4841254d","pointArc_task_37","70","pixelResponse","118.00000000000001","6259","","","","","pointArc","","","","116"
"5fa45d41eb5d570b4841254d","pointArc_task_37","70","numericResponse","0.41","6259","","","","","pointArc","","","","116"
"5fa45d41eb5d570b4841254d","pointArc_task_37","70","windowEvents","{""focus"":2,""input"":0,""keydown"":0,""keyup"":0,""mousemove"":37,""mousedown"":2,""mouseup"":2,""resize"":0,""scroll"":0,""visibility"":0}","","","","","","","","","",""
"5fa45d41eb5d570b4841254d","pointArc_task_45","71","pixelResponse","134","6981","","","","","pointArc","","","","140"
"5fa45d41eb5d570b4841254d","pointArc_task_45","71","numericResponse","0.33","6981","","","","","pointArc","","","","140"
"5fa45d41eb5d570b4841254d","pointArc_task_45","71","windowEvents","{""focus"":3,""input"":0,""keydown"":0,""keyup"":0,""mousemove"":35,""mousedown"":3,""mouseup"":2,""resize"":0,""scroll"":0,""visibility"":0}","","","","","","","","","",""
"5fa45d41eb5d570b4841254d","pointArc_task_43","72","pixelResponse","70","6982","","","","","pointArc","","","","130"
"5fa45d41eb5d570b4841254d","pointArc_task_43","72","numericResponse","0.65","6982","","","","","pointArc","","","","130"
"5fa45d41eb5d570b4841254d","pointArc_task_43","72","windowEvents","{""focus"":2,""input"":0,""keydown"":0,""keyup"":0,""mousemove"":34,""mousedown"":2,""mouseup"":2,""resize"":0,""scroll"":0,""visibility"":0}","","","","","","","","","",""
"5fa45d41eb5d570b4841254d","pointArc_task_15","73","pixelResponse","86","6307","","","","","pointArc","","","","46"
"5fa45d41eb5d570b4841254d","pointArc_task_15","73","numericResponse","0.57","6307","","","","","pointArc","","","","46"
"5fa45d41eb5d570b4841254d","pointArc_task_15","73","windowEvents","{""focus"":2,""input"":0,""keydown"":0,""keyup"":0,""mousemove"":27,""mousedown"":2,""mouseup"":2,""resize"":0,""scroll"":0,""visibility"":0}","","","","","","","","","",""
"5fa45d41eb5d570b4841254d","post_study","74","gender","Female","8266","","","","","","","","",""
"5fa45d41eb5d570b4841254d","post_study","74","gender-other","","8266","","","","","","","","",""
"5fa45d41eb5d570b4841254d","post_study","74","age","54","8266","","","","","","","","",""
"5fa45d41eb5d570b4841254d","post_study","74","feedback","Yes","8266","","","","","","","","",""
"5fa45d41eb5d570b4841254d","post_study","74","feedback-text","","8266","","","","","","","","",""
"5fa45d41eb5d570b4841254d","post_study","74","strategy","","8266","","","","","","","","",""
"5fa45d41eb5d570b4841254d","post_study","74","windowEvents","{""focus"":3,""input"":4,""keydown"":2,""keyup"":2,""mousemove"":47,""mousedown"":3,""mouseup"":4,""resize"":0,""scroll"":0,""visibility"":0}","","","","","","","","","",""
"654fe6af3517f92a06444ca5","participantTags","","participantTags","[""virtual-chinrest""]","","","","","","","","","",""
"654fe6af3517f92a06444ca5","introduction","0","prolificId","654fe6af3517f92a06444ca5","4860","","","","","","","","",""
"654fe6af3517f92a06444ca5","introduction","0","windowEvents","{""focus"":1,""input"":0,""keydown"":0,""keyup"":0,""mousemove"":10,""mousedown"":1,""mouseup"":0,""resize"":0,""scroll"":0,""visibility"":0}","","","","","","","","","",""
"654fe6af3517f92a06444ca5","consent","1","consentApproval","Accept","5889","","","","","","","","",""
"654fe6af3517f92a06444ca5","consent","1","windowEvents","{""focus"":2,""input"":1,""keydown"":0,""keyup"":0,""mousemove"":17,""mousedown"":2,""mouseup"":2,""resize"":0,""scroll"":8,""visibility"":0}","","","","","","","","","",""
"654fe6af3517f92a06444ca5","chinrest_intro","2","","","5583","","","","","","","","",""
"654fe6af3517f92a06444ca5","chinrest_intro","2","windowEvents","{""focus"":1,""input"":0,""keydown"":0,""keyup"":0,""mousemove"":15,""mousedown"":1,""mouseup"":1,""resize"":0,""scroll"":1,""visibility"":0}","","","","","","","","","",""
"654fe6af3517f92a06444ca5","$virtual-chinrest.components.card-size","3","pixelsPerMM","3.7500000000000004","15487","pixelsPerMM","85.6","53.98","","","","","",""
"654fe6af3517f92a06444ca5","$virtual-chinrest.components.card-size","3","windowEvents","{""focus"":3,""input"":0,""keydown"":0,""keyup"":0,""mousemove"":44,""mousedown"":5,""mouseup"":5,""resize"":0,""scroll"":1,""visibility"":0}","","","","","","","","","",""
"654fe6af3517f92a06444ca5","$virtual-chinrest.components.blindspot-distance","4","dist-calibration-MM","676.6668319837552","55890","","","","13.5","","","","",""
"654fe6af3517f92a06444ca5","$virtual-chinrest.components.blindspot-distance","4","dist-calibration-CM","67.66668319837552","55890","","","","13.5","","","","",""
"654fe6af3517f92a06444ca5","$virtual-chinrest.components.blindspot-distance","4","ball-positions","[473,471,495,517,513]","55890","","","","13.5","","","","",""
"654fe6af3517f92a06444ca5","$virtual-chinrest.components.blindspot-distance","4","square-position","1095.5","55890","","","","13.5","","","","",""
"654fe6af3517f92a06444ca5","$virtual-chinrest.components.blindspot-distance","4","windowEvents","{""focus"":1,""input"":0,""keydown"":10,""keyup"":10,""mousemove"":13,""mousedown"":1,""mouseup"":1,""resize"":0,""scroll"":2,""visibility"":0}","","","","","","","","","",""
"654fe6af3517f92a06444ca5","study_overview","5","","","22686","","","","","","","","",""
"654fe6af3517f92a06444ca5","study_overview","5","windowEvents","{""focus"":1,""input"":0,""keydown"":0,""keyup"":0,""mousemove"":16,""mousedown"":1,""mouseup"":1,""resize"":0,""scroll"":1,""visibility"":0}","","","","","","","","","",""
"654fe6af3517f92a06444ca5","task1_intro","6","","","18965","","","","","","","","",""
"654fe6af3517f92a06444ca5","task1_intro","6","windowEvents","{""focus"":2,""input"":0,""keydown"":0,""keyup"":0,""mousemove"":27,""mousedown"":1,""mouseup"":1,""resize"":0,""scroll"":1,""visibility"":0}","","","","","","","","","",""
"654fe6af3517f92a06444ca5","block5_train_1","7","location-x","0.2","32364","","","","","Block5","true","0.2","0.75",""
"654fe6af3517f92a06444ca5","block5_train_1","7","location-y","0.75","32364","","","","","Block5","true","0.2","0.75",""
"654fe6af3517f92a06444ca5","block5_train_1","7","slider-x","0.21","32364","","","","","Block5","true","0.2","0.75",""
"654fe6af3517f92a06444ca5","block5_train_1","7","slider-y","0.75","32364","","","","","Block5","true","0.2","0.75",""
"654fe6af3517f92a06444ca5","block5_train_1","7","windowEvents","{""focus"":4,""input"":0,""keydown"":0,""keyup"":0,""mousemove"":74,""mousedown"":4,""mouseup"":4,""resize"":0,""scroll"":29,""visibility"":0}","","","","","","","","","",""
"654fe6af3517f92a06444ca5","block5_train_2","8","location-x","-1.5","17156","","","","","Block5","true","-1.5","0.4",""
"654fe6af3517f92a06444ca5","block5_train_2","8","location-y","0.4","17156","","","","","Block5","true","-1.5","0.4",""
"654fe6af3517f92a06444ca5","block5_train_2","8","slider-x","-1.5","17156","","","","","Block5","true","-1.5","0.4",""
"654fe6af3517f92a06444ca5","block5_train_2","8","slider-y","0.4","17156","","","","","Block5","true","-1.5","0.4",""
"654fe6af3517f92a06444ca5","block5_train_2","8","windowEvents","{""focus"":4,""input"":0,""keydown"":0,""keyup"":0,""mousemove"":64,""mousedown"":4,""mouseup"":4,""resize"":0,""scroll"":8,""visibility"":0}","","","","","","","","","",""
"654fe6af3517f92a06444ca5","task1_test_intro","9","","","4308","","","","","","","","",""
"654fe6af3517f92a06444ca5","task1_test_intro","9","windowEvents","{""focus"":1,""input"":0,""keydown"":0,""keyup"":0,""mousemove"":8,""mousedown"":2,""mouseup"":2,""resize"":0,""scroll"":1,""visibility"":0}","","","","","","","","","",""
"654fe6af3517f92a06444ca5","block5_test_5","10","location-x","2.76","19470","","","","","Block5","false","","",""
"654fe6af3517f92a06444ca5","block5_test_5","10","location-y","0.71","19470","","","","","Block5","false","","",""
"654fe6af3517f92a06444ca5","block5_test_5","10","slider-x","2.81","19470","","","","","Block5","false","","",""
"654fe6af3517f92a06444ca5","block5_test_5","10","slider-y","0.72","19470","","","","","Block5","false","","",""
"654fe6af3517f92a06444ca5","block5_test_5","10","windowEvents","{""focus"":3,""input"":0,""keydown"":0,""keyup"":0,""mousemove"":67,""mousedown"":5,""mouseup"":5,""resize"":0,""scroll"":6,""visibility"":0}","","","","","","","","","",""
"654fe6af3517f92a06444ca5","block5_test_6","11","location-x","-0.84","14506","","","","","Block5","false","","",""
"654fe6af3517f92a06444ca5","block5_test_6","11","location-y","0.5","14506","","","","","Block5","false","","",""
"654fe6af3517f92a06444ca5","block5_test_6","11","slider-x","-0.79","14506","","","","","Block5","false","","",""
"654fe6af3517f92a06444ca5","block5_test_6","11","slider-y","0.51","14506","","","","","Block5","false","","",""
"654fe6af3517f92a06444ca5","block5_test_6","11","windowEvents","{""focus"":3,""input"":0,""keydown"":0,""keyup"":0,""mousemove"":49,""mousedown"":3,""mouseup"":3,""resize"":0,""scroll"":6,""visibility"":0}","","","","","","","","","",""
"654fe6af3517f92a06444ca5","block5_test_1","12","location-x","4.68","25069","","","","","Block5","false","","",""
"654fe6af3517f92a06444ca5","block5_test_1","12","location-y","0.05","25069","","","","","Block5","false","","",""
"654fe6af3517f92a06444ca5","block5_test_1","12","slider-x","4.7","25069","","","","","Block5","false","","",""
"654fe6af3517f92a06444ca5","block5_test_1","12","slider-y","0.06","25069","","","","","Block5","false","","",""
"654fe6af3517f92a06444ca5","block5_test_1","12","windowEvents","{""focus"":3,""input"":0,""keydown"":0,""keyup"":0,""mousemove"":85,""mousedown"":3,""mouseup"":3,""resize"":0,""scroll"":9,""visibility"":0}","","","","","","","","","",""
"654fe6af3517f92a06444ca5","block5_test_9","13","location-x","-3.47","14474","","","","","Block5","false","","",""
"654fe6af3517f92a06444ca5","block5_test_9","13","location-y","0.52","14474","","","","","Block5","false","","",""
"654fe6af3517f92a06444ca5","block5_test_9","13","slider-x","-3.41","14474","","","","","Block5","false","","",""
"654fe6af3517f92a06444ca5","block5_test_9","13","slider-y","0.52","14474","","","","","Block5","false","","",""
"654fe6af3517f92a06444ca5","block5_test_9","13","windowEvents","{""focus"":3,""input"":0,""keydown"":0,""keyup"":0,""mousemove"":49,""mousedown"":3,""mouseup"":3,""resize"":0,""scroll"":7,""visibility"":0}","","","","","","","","","",""
"654fe6af3517f92a06444ca5","block5_test_7","14","location-x","-1.39","13660","","","","","Block5","false","","",""
"654fe6af3517f92a06444ca5","block5_test_7","14","location-y","0.1","13660","","","","","Block5","false","","",""
"654fe6af3517f92a06444ca5","block5_test_7","14","slider-x","-1.39","13660","","","","","Block5","false","","",""
"654fe6af3517f92a06444ca5","block5_test_7","14","slider-y","0.11","13660","","","","","Block5","false","","",""
"654fe6af3517f92a06444ca5","block5_test_7","14","windowEvents","{""focus"":3,""input"":0,""keydown"":0,""keyup"":0,""mousemove"":57,""mousedown"":3,""mouseup"":3,""resize"":0,""scroll"":9,""visibility"":0}","","","","","","","","","",""
"654fe6af3517f92a06444ca5","block5_test_4","15","location-x","0.23","17151","","","","","Block5","false","","",""
"654fe6af3517f92a06444ca5","block5_test_4","15","location-y","0.96","17151","","","","","Block5","false","","",""
"654fe6af3517f92a06444ca5","block5_test_4","15","slider-x","0.5","17151","","","","","Block5","false","","",""
"654fe6af3517f92a06444ca5","block5_test_4","15","slider-y","0.96","17151","","","","","Block5","false","","",""
"654fe6af3517f92a06444ca5","block5_test_4","15","windowEvents","{""focus"":3,""input"":0,""keydown"":0,""keyup"":0,""mousemove"":59,""mousedown"":3,""mouseup"":3,""resize"":0,""scroll"":8,""visibility"":0}","","","","","","","","","",""
"654fe6af3517f92a06444ca5","block5_test_8","16","location-x","-1.57","15639","","","","","Block5","false","","",""
"654fe6af3517f92a06444ca5","block5_test_8","16","location-y","0.21","15639","","","","","Block5","false","","",""
"654fe6af3517f92a06444ca5","block5_test_8","16","slider-x","-1.54","15639","","","","","Block5","false","","",""
"654fe6af3517f92a06444ca5","block5_test_8","16","slider-y","0.22","15639","","","","","Block5","false","","",""
"654fe6af3517f92a06444ca5","block5_test_8","16","windowEvents","{""focus"":3,""input"":0,""keydown"":0,""keyup"":0,""mousemove"":54,""mousedown"":3,""mouseup"":3,""resize"":0,""scroll"":4,""visibility"":0}","","","","","","","","","",""
"654fe6af3517f92a06444ca5","block5_test_3","17","location-x","-2.78","18124","","","","","Block5","false","","",""
"654fe6af3517f92a06444ca5","block5_test_3","17","location-y","0.89","18124","","","","","Block5","false","","",""
"654fe6af3517f92a06444ca5","block5_test_3","17","slider-x","-2.54","18124","","","","","Block5","false","","",""
"654fe6af3517f92a06444ca5","block5_test_3","17","slider-y","0.89","18124","","","","","Block5","false","","",""
"654fe6af3517f92a06444ca5","block5_test_3","17","windowEvents","{""focus"":3,""input"":0,""keydown"":0,""keyup"":0,""mousemove"":67,""mousedown"":5,""mouseup"":5,""resize"":0,""scroll"":6,""visibility"":0}","","","","","","","","","",""
"654fe6af3517f92a06444ca5","block5_test_2","18","location-x","-1.54","15197","","","","","Block5","false","","",""
"654fe6af3517f92a06444ca5","block5_test_2","18","location-y","0.09","15197","","","","","Block5","false","","",""
"654fe6af3517f92a06444ca5","block5_test_2","18","slider-x","-1.54","15197","","","","","Block5","false","","",""
"654fe6af3517f92a06444ca5","block5_test_2","18","slider-y","0.1","15197","","","","","Block5","false","","",""
"654fe6af3517f92a06444ca5","block5_test_2","18","windowEvents","{""focus"":3,""input"":0,""keydown"":0,""keyup"":0,""mousemove"":61,""mousedown"":3,""mouseup"":3,""resize"":0,""scroll"":4,""visibility"":0}","","","","","","","","","",""
"654fe6af3517f92a06444ca5","block5_test_10","19","location-x","-4.71","14985","","","","","Block5","false","","",""
"654fe6af3517f92a06444ca5","block5_test_10","19","location-y","0.61","14985","","","","","Block5","false","","",""
"654fe6af3517f92a06444ca5","block5_test_10","19","slider-x","-4.68","14985","","","","","Block5","false","","",""
"654fe6af3517f92a06444ca5","block5_test_10","19","slider-y","0.61","14985","","","","","Block5","false","","",""
"654fe6af3517f92a06444ca5","block5_test_10","19","windowEvents","{""focus"":3,""input"":0,""keydown"":0,""keyup"":0,""mousemove"":57,""mousedown"":5,""mouseup"":5,""resize"":0,""scroll"":4,""visibility"":0}","","","","","","","","","",""
"654fe6af3517f92a06444ca5","task2_intro","20","","","10209","","","","","","","","",""
"654fe6af3517f92a06444ca5","task2_intro","20","windowEvents","{""focus"":1,""input"":0,""keydown"":0,""keyup"":0,""mousemove"":15,""mousedown"":1,""mouseup"":1,""resize"":0,""scroll"":1,""visibility"":0}","","","","","","","","","",""
"654fe6af3517f92a06444ca5","moritz_train_point_1","21","pixelResponse","104.00000000000001","27487","","","","","pointArc","true","","","8"
"654fe6af3517f92a06444ca5","moritz_train_point_1","21","numericResponse","0.48","27487","","","","","pointArc","true","","","8"
"654fe6af3517f92a06444ca5","moritz_train_point_1","21","windowEvents","{""focus"":3,""input"":0,""keydown"":0,""keyup"":0,""mousemove"":69,""mousedown"":5,""mouseup"":5,""resize"":0,""scroll"":9,""visibility"":0}","","","","","","","","","",""
"654fe6af3517f92a06444ca5","moritz_train_point_2","22","pixelResponse","94","13017","","","","","pointArc","true","","","9"
"654fe6af3517f92a06444ca5","moritz_train_point_2","22","numericResponse","0.53","13017","","","","","pointArc","true","","","9"
"654fe6af3517f92a06444ca5","moritz_train_point_2","22","windowEvents","{""focus"":3,""input"":0,""keydown"":0,""keyup"":0,""mousemove"":35,""mousedown"":3,""mouseup"":3,""resize"":0,""scroll"":2,""visibility"":0}","","","","","","","","","",""
"654fe6af3517f92a06444ca5","task2_test_intro","23","","","4430","","","","","","","","",""
"654fe6af3517f92a06444ca5","task2_test_intro","23","windowEvents","{""focus"":1,""input"":0,""keydown"":0,""keyup"":0,""mousemove"":20,""mousedown"":1,""mouseup"":1,""resize"":0,""scroll"":1,""visibility"":0}","","","","","","","","","",""
"654fe6af3517f92a06444ca5","point_task_6","24","pixelResponse","65.99999999999999","4925","","","","","point","","","","17"
"654fe6af3517f92a06444ca5","point_task_6","24","numericResponse","0.67","4925","","","","","point","","","","17"
"654fe6af3517f92a06444ca5","point_task_6","24","windowEvents","{""focus"":2,""input"":0,""keydown"":0,""keyup"":0,""mousemove"":15,""mousedown"":2,""mouseup"":2,""resize"":0,""scroll"":1,""visibility"":0}","","","","","","","","","",""
"654fe6af3517f92a06444ca5","point_task_7","25","pixelResponse","102","7568","","","","","point","","","","18"
"654fe6af3517f92a06444ca5","point_task_7","25","numericResponse","0.49","7568","","","","","point","","","","18"
"654fe6af3517f92a06444ca5","point_task_7","25","windowEvents","{""focus"":2,""input"":0,""keydown"":0,""keyup"":0,""mousemove"":30,""mousedown"":2,""mouseup"":2,""resize"":0,""scroll"":0,""visibility"":0}","","","","","","","","","",""
"654fe6af3517f92a06444ca5","point_task_20","26","pixelResponse","128","8154","","","","","point","","","","55"
"654fe6af3517f92a06444ca5","point_task_20","26","numericResponse","0.36","8154","","","","","point","","","","55"
"654fe6af3517f92a06444ca5","point_task_20","26","windowEvents","{""focus"":2,""input"":0,""keydown"":0,""keyup"":0,""mousemove"":34,""mousedown"":3,""mouseup"":3,""resize"":0,""scroll"":0,""visibility"":0}","","","","","","","","","",""
"654fe6af3517f92a06444ca5","point_task_44","27","pixelResponse","108","5274","","","","","point","","","","127"
"654fe6af3517f92a06444ca5","point_task_44","27","numericResponse","0.46","5274","","","","","point","","","","127"
"654fe6af3517f92a06444ca5","point_task_44","27","windowEvents","{""focus"":2,""input"":0,""keydown"":0,""keyup"":0,""mousemove"":16,""mousedown"":3,""mouseup"":3,""resize"":0,""scroll"":0,""visibility"":0}","","","","","","","","","",""
"654fe6af3517f92a06444ca5","point_task_24","28","pixelResponse","138","6671","","","","","point","","","","67"
"654fe6af3517f92a06444ca5","point_task_24","28","numericResponse","0.31","6671","","","","","point","","","","67"
"654fe6af3517f92a06444ca5","point_task_24","28","windowEvents","{""focus"":2,""input"":0,""keydown"":0,""keyup"":0,""mousemove"":30,""mousedown"":3,""mouseup"":3,""resize"":0,""scroll"":0,""visibility"":0}","","","","","","","","","",""
"654fe6af3517f92a06444ca5","point_task_25","29","pixelResponse","116.00000000000001","7973","","","","","point","","","","76"
"654fe6af3517f92a06444ca5","point_task_25","29","numericResponse","0.42","7973","","","","","point","","","","76"
"654fe6af3517f92a06444ca5","point_task_25","29","windowEvents","{""focus"":2,""input"":0,""keydown"":0,""keyup"":0,""mousemove"":32,""mousedown"":4,""mouseup"":4,""resize"":0,""scroll"":0,""visibility"":0}","","","","","","","","","",""
"654fe6af3517f92a06444ca5","point_task_10","30","pixelResponse","102","9457","","","","","point","","","","29"
"654fe6af3517f92a06444ca5","point_task_10","30","numericResponse","0.49","9457","","","","","point","","","","29"
"654fe6af3517f92a06444ca5","point_task_10","30","windowEvents","{""focus"":2,""input"":0,""keydown"":0,""keyup"":0,""mousemove"":54,""mousedown"":3,""mouseup"":3,""resize"":0,""scroll"":0,""visibility"":0}","","","","","","","","","",""
"654fe6af3517f92a06444ca5","point_task_1","31","pixelResponse","95.99999999999999","4347","","","","","point","","","","4"
"654fe6af3517f92a06444ca5","point_task_1","31","numericResponse","0.52","4347","","","","","point","","","","4"
"654fe6af3517f92a06444ca5","point_task_1","31","windowEvents","{""focus"":2,""input"":0,""keydown"":0,""keyup"":0,""mousemove"":18,""mousedown"":2,""mouseup"":2,""resize"":0,""scroll"":0,""visibility"":0}","","","","","","","","","",""
"654fe6af3517f92a06444ca5","point_task_18","32","pixelResponse","76","7356","","","","","point","","","","53"
"654fe6af3517f92a06444ca5","point_task_18","32","numericResponse","0.62","7356","","","","","point","","","","53"
"654fe6af3517f92a06444ca5","point_task_18","32","windowEvents","{""focus"":2,""input"":0,""keydown"":0,""keyup"":0,""mousemove"":31,""mousedown"":3,""mouseup"":3,""resize"":0,""scroll"":0,""visibility"":0}","","","","","","","","","",""
"654fe6af3517f92a06444ca5","point_task_42","33","pixelResponse","80","4743","","","","","point","","","","125"
"654fe6af3517f92a06444ca5","point_task_42","33","numericResponse","0.6","4743","","","","","point","","","","125"
"654fe6af3517f92a06444ca5","point_task_42","33","windowEvents","{""focus"":2,""input"":0,""keydown"":0,""keyup"":0,""mousemove"":20,""mousedown"":2,""mouseup"":2,""resize"":0,""scroll"":0,""visibility"":0}","","","","","","","","","",""
"654fe6af3517f92a06444ca5","point_task_3","34","pixelResponse","102","4782","","","","","point","","","","6"
"654fe6af3517f92a06444ca5","point_task_3","34","numericResponse","0.49","4782","","","","","point","","","","6"
"654fe6af3517f92a06444ca5","point_task_3","34","windowEvents","{""focus"":2,""input"":0,""keydown"":0,""keyup"":0,""mousemove"":19,""mousedown"":2,""mouseup"":2,""resize"":0,""scroll"":0,""visibility"":0}","","","","","","","","","",""
"654fe6af3517f92a06444ca5","point_task_19","35","pixelResponse","65.99999999999999","7641","","","","","point","","","","54"
"654fe6af3517f92a06444ca5","point_task_19","35","numericResponse","0.67","7641","","","","","point","","","","54"
"654fe6af3517f92a06444ca5","point_task_19","35","windowEvents","{""focus"":2,""input"":0,""keydown"":0,""keyup"":0,""mousemove"":27,""mousedown"":4,""mouseup"":4,""resize"":0,""scroll"":0,""visibility"":0}","","","","","","","","","",""
"654fe6af3517f92a06444ca5","point_task_11","36","pixelResponse","86","4982","","","","","point","","","","30"
"654fe6af3517f92a06444ca5","point_task_11","36","numericResponse","0.57","4982","","","","","point","","","","30"
"654fe6af3517f92a06444ca5","point_task_11","36","windowEvents","{""focus"":2,""input"":0,""keydown"":0,""keyup"":0,""mousemove"":19,""mousedown"":2,""mouseup"":2,""resize"":0,""scroll"":0,""visibility"":0}","","","","","","","","","",""
"654fe6af3517f92a06444ca5","point_task_45","37","pixelResponse","114.00000000000001","8744","","","","","point","","","","136"
"654fe6af3517f92a06444ca5","point_task_45","37","numericResponse","0.43","8744","","","","","point","","","","136"
"654fe6af3517f92a06444ca5","point_task_45","37","windowEvents","{""focus"":2,""input"":0,""keydown"":0,""keyup"":0,""mousemove"":32,""mousedown"":4,""mouseup"":4,""resize"":0,""scroll"":0,""visibility"":0}","","","","","","","","","",""
"654fe6af3517f92a06444ca5","point_task_13","38","pixelResponse","95.99999999999999","3810","","","","","point","","","","40"
"654fe6af3517f92a06444ca5","point_task_13","38","numericResponse","0.52","3810","","","","","point","","","","40"
"654fe6af3517f92a06444ca5","point_task_13","38","windowEvents","{""focus"":2,""input"":0,""keydown"":0,""keyup"":0,""mousemove"":10,""mousedown"":2,""mouseup"":2,""resize"":0,""scroll"":0,""visibility"":0}","","","","","","","","","",""
"654fe6af3517f92a06444ca5","point_task_14","39","pixelResponse","76","8623","","","","","point","","","","41"
"654fe6af3517f92a06444ca5","point_task_14","39","numericResponse","0.62","8623","","","","","point","","","","41"
"654fe6af3517f92a06444ca5","point_task_14","39","windowEvents","{""focus"":2,""input"":0,""keydown"":0,""keyup"":0,""mousemove"":34,""mousedown"":4,""mouseup"":4,""resize"":0,""scroll"":0,""visibility"":0}","","","","","","","","","",""
"654fe6af3517f92a06444ca5","point_task_31","40","pixelResponse","108","3983","","","","","point","","","","90"
"654fe6af3517f92a06444ca5","point_task_31","40","numericResponse","0.46","3983","","","","","point","","","","90"
"654fe6af3517f92a06444ca5","point_task_31","40","windowEvents","{""focus"":2,""input"":0,""keydown"":0,""keyup"":0,""mousemove"":14,""mousedown"":2,""mouseup"":2,""resize"":0,""scroll"":0,""visibility"":0}","","","","","","","","","",""
"654fe6af3517f92a06444ca5","point_task_16","41","pixelResponse","94","6329","","","","","point","","","","43"
"654fe6af3517f92a06444ca5","point_task_16","41","numericResponse","0.53","6329","","","","","point","","","","43"
"654fe6af3517f92a06444ca5","point_task_16","41","windowEvents","{""focus"":2,""input"":0,""keydown"":0,""keyup"":0,""mousemove"":16,""mousedown"":3,""mouseup"":3,""resize"":0,""scroll"":0,""visibility"":0}","","","","","","","","","",""
"654fe6af3517f92a06444ca5","point_task_17","42","pixelResponse","86","6387","","","","","point","","","","52"
"654fe6af3517f92a06444ca5","point_task_17","42","numericResponse","0.57","6387","","","","","point","","","","52"
"654fe6af3517f92a06444ca5","point_task_17","42","windowEvents","{""focus"":2,""input"":0,""keydown"":0,""keyup"":0,""mousemove"":26,""mousedown"":3,""mouseup"":3,""resize"":0,""scroll"":0,""visibility"":0}","","","","","","","","","",""
"654fe6af3517f92a06444ca5","point_task_30","43","pixelResponse","100","3965","","","","","point","","","","89"
"654fe6af3517f92a06444ca5","point_task_30","43","numericResponse","0.5","3965","","","","","point","","","","89"
"654fe6af3517f92a06444ca5","point_task_30","43","windowEvents","{""focus"":2,""input"":0,""keydown"":0,""keyup"":0,""mousemove"":13,""mousedown"":2,""mouseup"":2,""resize"":0,""scroll"":0,""visibility"":0}","","","","","","","","","",""
"654fe6af3517f92a06444ca5","point_task_26","44","pixelResponse","41.99999999999999","8106","","","","","point","","","","77"
"654fe6af3517f92a06444ca5","point_task_26","44","numericResponse","0.79","8106","","","","","point","","","","77"
"654fe6af3517f92a06444ca5","point_task_26","44","windowEvents","{""focus"":3,""input"":0,""keydown"":0,""keyup"":0,""mousemove"":36,""mousedown"":5,""mouseup"":5,""resize"":0,""scroll"":0,""visibility"":0}","","","","","","","","","",""
"654fe6af3517f92a06444ca5","point_task_41","45","pixelResponse","89.99999999999999","4054","","","","","point","","","","124"
"654fe6af3517f92a06444ca5","point_task_41","45","numericResponse","0.55","4054","","","","","point","","","","124"
"654fe6af3517f92a06444ca5","point_task_41","45","windowEvents","{""focus"":2,""input"":0,""keydown"":0,""keyup"":0,""mousemove"":15,""mousedown"":2,""mouseup"":2,""resize"":0,""scroll"":0,""visibility"":0}","","","","","","","","","",""
"654fe6af3517f92a06444ca5","point_task_34","46","pixelResponse","41.99999999999999","7590","","","","","point","","","","101"
"654fe6af3517f92a06444ca5","point_task_34","46","numericResponse","0.79","7590","","","","","point","","","","101"
"654fe6af3517f92a06444ca5","point_task_34","46","windowEvents","{""focus"":2,""input"":0,""keydown"":0,""keyup"":0,""mousemove"":25,""mousedown"":3,""mouseup"":3,""resize"":0,""scroll"":0,""visibility"":0}","","","","","","","","","",""
"654fe6af3517f92a06444ca5","point_task_39","47","pixelResponse","122","7428","","","","","point","","","","114"
"654fe6af3517f92a06444ca5","point_task_39","47","numericResponse","0.39","7428","","","","","point","","","","114"
"654fe6af3517f92a06444ca5","point_task_39","47","windowEvents","{""focus"":2,""input"":0,""keydown"":0,""keyup"":0,""mousemove"":25,""mousedown"":3,""mouseup"":3,""resize"":0,""scroll"":0,""visibility"":0}","","","","","","","","","",""
"654fe6af3517f92a06444ca5","point_task_2","48","pixelResponse","106","6895","","","","","point","","","","5"
"654fe6af3517f92a06444ca5","point_task_2","48","numericResponse","0.47","6895","","","","","point","","","","5"
"654fe6af3517f92a06444ca5","point_task_2","48","windowEvents","{""focus"":2,""input"":0,""keydown"":0,""keyup"":0,""mousemove"":32,""mousedown"":3,""mouseup"":3,""resize"":0,""scroll"":0,""visibility"":0}","","","","","","","","","",""
"654fe6af3517f92a06444ca5","point_task_21","49","pixelResponse","114.00000000000001","6169","","","","","point","","","","64"
"654fe6af3517f92a06444ca5","point_task_21","49","numericResponse","0.43","6169","","","","","point","","","","64"
"654fe6af3517f92a06444ca5","point_task_21","49","windowEvents","{""focus"":2,""input"":0,""keydown"":0,""keyup"":0,""mousemove"":22,""mousedown"":3,""mouseup"":3,""resize"":0,""scroll"":0,""visibility"":0}","","","","","","","","","",""
"654fe6af3517f92a06444ca5","point_task_29","50","pixelResponse","104.00000000000001","5049","","","","","point","","","","88"
"654fe6af3517f92a06444ca5","point_task_29","50","numericResponse","0.48","5049","","","","","point","","","","88"
"654fe6af3517f92a06444ca5","point_task_29","50","windowEvents","{""focus"":2,""input"":0,""keydown"":0,""keyup"":0,""mousemove"":17,""mousedown"":3,""mouseup"":3,""resize"":0,""scroll"":0,""visibility"":0}","","","","","","","","","",""
"654fe6af3517f92a06444ca5","attention_check","51","attention_check","stock","15022","","","","","","","","",""
"654fe6af3517f92a06444ca5","attention_check","51","windowEvents","{""focus"":2,""input"":4,""keydown"":4,""keyup"":3,""mousemove"":22,""mousedown"":4,""mouseup"":4,""resize"":0,""scroll"":1,""visibility"":0}","","","","","","","","","",""
"654fe6af3517f92a06444ca5","point_task_46","52","pixelResponse","62.000000000000014","9080","","","","","point","","","","137"
"654fe6af3517f92a06444ca5","point_task_46","52","numericResponse","0.69","9080","","","","","point","","","","137"
"654fe6af3517f92a06444ca5","point_task_46","52","windowEvents","{""focus"":2,""input"":0,""keydown"":0,""keyup"":0,""mousemove"":36,""mousedown"":3,""mouseup"":3,""resize"":0,""scroll"":4,""visibility"":0}","","","","","","","","","",""
"654fe6af3517f92a06444ca5","point_task_12","53","pixelResponse","92","4059","","","","","point","","","","31"
"654fe6af3517f92a06444ca5","point_task_12","53","numericResponse","0.54","4059","","","","","point","","","","31"
"654fe6af3517f92a06444ca5","point_task_12","53","windowEvents","{""focus"":2,""input"":0,""keydown"":0,""keyup"":0,""mousemove"":12,""mousedown"":2,""mouseup"":2,""resize"":0,""scroll"":0,""visibility"":0}","","","","","","","","","",""
"654fe6af3517f92a06444ca5","point_task_48","54","pixelResponse","52.00000000000001","4879","","","","","point","","","","139"
"654fe6af3517f92a06444ca5","point_task_48","54","numericResponse","0.74","4879","","","","","point","","","","139"
"654fe6af3517f92a06444ca5","point_task_48","54","windowEvents","{""focus"":2,""input"":0,""keydown"":0,""keyup"":0,""mousemove"":18,""mousedown"":3,""mouseup"":3,""resize"":0,""scroll"":0,""visibility"":0}","","","","","","","","","",""
"654fe6af3517f92a06444ca5","point_task_32","55","pixelResponse","104.00000000000001","7231","","","","","point","","","","91"
"654fe6af3517f92a06444ca5","point_task_32","55","numericResponse","0.48","7231","","","","","point","","","","91"
"654fe6af3517f92a06444ca5","point_task_32","55","windowEvents","{""focus"":2,""input"":0,""keydown"":0,""keyup"":0,""mousemove"":29,""mousedown"":4,""mouseup"":4,""resize"":0,""scroll"":0,""visibility"":0}","","","","","","","","","",""
"654fe6af3517f92a06444ca5","point_task_38","56","pixelResponse","78","6099","","","","","point","","","","113"
"654fe6af3517f92a06444ca5","point_task_38","56","numericResponse","0.61","6099","","","","","point","","","","113"
"654fe6af3517f92a06444ca5","point_task_38","56","windowEvents","{""focus"":2,""input"":0,""keydown"":0,""keyup"":0,""mousemove"":19,""mousedown"":3,""mouseup"":3,""resize"":0,""scroll"":0,""visibility"":0}","","","","","","","","","",""
"654fe6af3517f92a06444ca5","point_task_33","57","pixelResponse","162","9521","","","","","point","","","","100"
"654fe6af3517f92a06444ca5","point_task_33","57","numericResponse","0.19","9521","","","","","point","","","","100"
"654fe6af3517f92a06444ca5","point_task_33","57","windowEvents","{""focus"":3,""input"":0,""keydown"":0,""keyup"":0,""mousemove"":37,""mousedown"":5,""mouseup"":5,""resize"":0,""scroll"":0,""visibility"":0}","","","","","","","","","",""
"654fe6af3517f92a06444ca5","point_task_23","58","pixelResponse","106","6162","","","","","point","","","","66"
"654fe6af3517f92a06444ca5","point_task_23","58","numericResponse","0.47","6162","","","","","point","","","","66"
"654fe6af3517f92a06444ca5","point_task_23","58","windowEvents","{""focus"":2,""input"":0,""keydown"":0,""keyup"":0,""mousemove"":23,""mousedown"":3,""mouseup"":3,""resize"":0,""scroll"":0,""visibility"":0}","","","","","","","","","",""
"654fe6af3517f92a06444ca5","point_task_40","59","pixelResponse","67.99999999999999","3809","","","","","point","","","","115"
"654fe6af3517f92a06444ca5","point_task_40","59","numericResponse","0.66","3809","","","","","point","","","","115"
"654fe6af3517f92a06444ca5","point_task_40","59","windowEvents","{""focus"":2,""input"":0,""keydown"":0,""keyup"":0,""mousemove"":11,""mousedown"":2,""mouseup"":2,""resize"":0,""scroll"":0,""visibility"":0}","","","","","","","","","",""
"654fe6af3517f92a06444ca5","point_task_4","60","pixelResponse","106","5948","","","","","point","","","","7"
"654fe6af3517f92a06444ca5","point_task_4","60","numericResponse","0.47","5948","","","","","point","","","","7"
"654fe6af3517f92a06444ca5","point_task_4","60","windowEvents","{""focus"":2,""input"":0,""keydown"":0,""keyup"":0,""mousemove"":17,""mousedown"":3,""mouseup"":3,""resize"":0,""scroll"":0,""visibility"":0}","","","","","","","","","",""
"654fe6af3517f92a06444ca5","point_task_36","61","pixelResponse","43.99999999999999","7817","","","","","point","","","","103"
"654fe6af3517f92a06444ca5","point_task_36","61","numericResponse","0.78","7817","","","","","point","","","","103"
"654fe6af3517f92a06444ca5","point_task_36","61","windowEvents","{""focus"":2,""input"":0,""keydown"":0,""keyup"":0,""mousemove"":36,""mousedown"":3,""mouseup"":3,""resize"":0,""scroll"":0,""visibility"":0}","","","","","","","","","",""
"654fe6af3517f92a06444ca5","point_task_47","62","pixelResponse","154","6974","","","","","point","","","","138"
"654fe6af3517f92a06444ca5","point_task_47","62","numericResponse","0.23","6974","","","","","point","","","","138"
"654fe6af3517f92a06444ca5","point_task_47","62","windowEvents","{""focus"":2,""input"":0,""keydown"":0,""keyup"":0,""mousemove"":24,""mousedown"":3,""mouseup"":3,""resize"":0,""scroll"":0,""visibility"":0}","","","","","","","","","",""
"654fe6af3517f92a06444ca5","point_task_5","63","pixelResponse","116.00000000000001","6761","","","","","point","","","","16"
"654fe6af3517f92a06444ca5","point_task_5","63","numericResponse","0.42","6761","","","","","point","","","","16"
"654fe6af3517f92a06444ca5","point_task_5","63","windowEvents","{""focus"":2,""input"":0,""keydown"":0,""keyup"":0,""mousemove"":21,""mousedown"":3,""mouseup"":3,""resize"":0,""scroll"":0,""visibility"":0}","","","","","","","","","",""
"654fe6af3517f92a06444ca5","point_task_35","64","pixelResponse","156","6244","","","","","point","","","","102"
"654fe6af3517f92a06444ca5","point_task_35","64","numericResponse","0.22","6244","","","","","point","","","","102"
"654fe6af3517f92a06444ca5","point_task_35","64","windowEvents","{""focus"":2,""input"":0,""keydown"":0,""keyup"":0,""mousemove"":25,""mousedown"":3,""mouseup"":3,""resize"":0,""scroll"":0,""visibility"":0}","","","","","","","","","",""
"654fe6af3517f92a06444ca5","point_task_22","65","pixelResponse","98","4038","","","","","point","","","","65"
"654fe6af3517f92a06444ca5","point_task_22","65","numericResponse","0.51","4038","","","","","point","","","","65"
"654fe6af3517f92a06444ca5","point_task_22","65","windowEvents","{""focus"":2,""input"":0,""keydown"":0,""keyup"":0,""mousemove"":14,""mousedown"":2,""mouseup"":2,""resize"":0,""scroll"":0,""visibility"":0}","","","","","","","","","",""
"654fe6af3517f92a06444ca5","point_task_8","66","pixelResponse","86","5571","","","","","point","","","","19"
"654fe6af3517f92a06444ca5","point_task_8","66","numericResponse","0.57","5571","","","","","point","","","","19"
"654fe6af3517f92a06444ca5","point_task_8","66","windowEvents","{""focus"":2,""input"":0,""keydown"":0,""keyup"":0,""mousemove"":19,""mousedown"":3,""mouseup"":3,""resize"":0,""scroll"":0,""visibility"":0}","","","","","","","","","",""
"654fe6af3517f92a06444ca5","point_task_9","67","pixelResponse","128","6945","","","","","point","","","","28"
"654fe6af3517f92a06444ca5","point_task_9","67","numericResponse","0.36","6945","","","","","point","","","","28"
"654fe6af3517f92a06444ca5","point_task_9","67","windowEvents","{""focus"":2,""input"":0,""keydown"":0,""keyup"":0,""mousemove"":25,""mousedown"":3,""mouseup"":3,""resize"":0,""scroll"":0,""visibility"":0}","","","","","","","","","",""
"654fe6af3517f92a06444ca5","attention_check","68","attention_check","stock","20028","","","","","","","","",""
"654fe6af3517f92a06444ca5","attention_check","68","windowEvents","{""focus"":2,""input"":3,""keydown"":4,""keyup"":3,""mousemove"":28,""mousedown"":2,""mouseup"":2,""resize"":0,""scroll"":1,""visibility"":0}","","","","","","","","","",""
"654fe6af3517f92a06444ca5","point_task_15","69","pixelResponse","118.00000000000001","7754","","","","","point","","","","42"
"654fe6af3517f92a06444ca5","point_task_15","69","numericResponse","0.41","7754","","","","","point","","","","42"
"654fe6af3517f92a06444ca5","point_task_15","69","windowEvents","{""focus"":2,""input"":0,""keydown"":0,""keyup"":0,""mousemove"":27,""mousedown"":3,""mouseup"":3,""resize"":0,""scroll"":1,""visibility"":0}","","","","","","","","","",""
"654fe6af3517f92a06444ca5","point_task_27","70","pixelResponse","164.00000000000003","7662","","","","","point","","","","78"
"654fe6af3517f92a06444ca5","point_task_27","70","numericResponse","0.18","7662","","","","","point","","","","78"
"654fe6af3517f92a06444ca5","point_task_27","70","windowEvents","{""focus"":2,""input"":0,""keydown"":0,""keyup"":0,""mousemove"":29,""mousedown"":3,""mouseup"":3,""resize"":0,""scroll"":0,""visibility"":0}","","","","","","","","","",""
"654fe6af3517f92a06444ca5","point_task_43","71","pixelResponse","86","5390","","","","","point","","","","126"
"654fe6af3517f92a06444ca5","point_task_43","71","numericResponse","0.57","5390","","","","","point","","","","126"
"654fe6af3517f92a06444ca5","point_task_43","71","windowEvents","{""focus"":2,""input"":0,""keydown"":0,""keyup"":0,""mousemove"":21,""mousedown"":3,""mouseup"":3,""resize"":0,""scroll"":0,""visibility"":0}","","","","","","","","","",""
"654fe6af3517f92a06444ca5","point_task_28","72","pixelResponse","46","8261","","","","","point","","","","79"
"654fe6af3517f92a06444ca5","point_task_28","72","numericResponse","0.77","8261","","","","","point","","","","79"
"654fe6af3517f92a06444ca5","point_task_28","72","windowEvents","{""focus"":2,""input"":0,""keydown"":0,""keyup"":0,""mousemove"":32,""mousedown"":3,""mouseup"":3,""resize"":0,""scroll"":0,""visibility"":0}","","","","","","","","","",""
"654fe6af3517f92a06444ca5","point_task_37","73","pixelResponse","120","6615","","","","","point","","","","112"
"654fe6af3517f92a06444ca5","point_task_37","73","numericResponse","0.4","6615","","","","","point","","","","112"
"654fe6af3517f92a06444ca5","point_task_37","73","windowEvents","{""focus"":2,""input"":0,""keydown"":0,""keyup"":0,""mousemove"":28,""mousedown"":3,""mouseup"":3,""resize"":0,""scroll"":0,""visibility"":0}","","","","","","","","","",""
"654fe6af3517f92a06444ca5","post_study","74","gender","Male","13796","","","","","","","","",""
"654fe6af3517f92a06444ca5","post_study","74","gender-other","","13796","","","","","","","","",""
"654fe6af3517f92a06444ca5","post_study","74","age","39","13796","","","","","","","","",""
"654fe6af3517f92a06444ca5","post_study","74","feedback","No","13796","","","","","","","","",""
"654fe6af3517f92a06444ca5","post_study","74","feedback-text","","13796","","","","","","","","",""
"654fe6af3517f92a06444ca5","post_study","74","strategy","","13796","","","","","","","","",""
"654fe6af3517f92a06444ca5","post_study","74","windowEvents","{""focus"":5,""input"":3,""keydown"":1,""keyup"":1,""mousemove"":40,""mousedown"":4,""mouseup"":4,""resize"":0,""scroll"":8,""visibility"":2}","","","","","","","","","",""
"69bc413db3462e13d3f11e29","participantTags","","participantTags","[""virtual-chinrest""]","","","","","","","","","",""
"69bc413db3462e13d3f11e29","introduction","0","prolificId","69bc413db3462e13d3f11e29","3750","","","","","","","","",""
"69bc413db3462e13d3f11e29","introduction","0","windowEvents","{""focus"":0,""input"":0,""keydown"":0,""keyup"":0,""mousemove"":23,""mousedown"":0,""mouseup"":0,""resize"":0,""scroll"":0,""visibility"":0}","","","","","","","","","",""
"69bc413db3462e13d3f11e29","consent","1","consentApproval","Accept","54769","","","","","","","","",""
"69bc413db3462e13d3f11e29","consent","1","windowEvents","{""focus"":2,""input"":1,""keydown"":0,""keyup"":0,""mousemove"":290,""mousedown"":2,""mouseup"":2,""resize"":0,""scroll"":23,""visibility"":0}","","","","","","","","","",""
"69bc413db3462e13d3f11e29","chinrest_intro","2","","","6213","","","","","","","","",""
"69bc413db3462e13d3f11e29","chinrest_intro","2","windowEvents","{""focus"":1,""input"":0,""keydown"":0,""keyup"":0,""mousemove"":35,""mousedown"":1,""mouseup"":1,""resize"":0,""scroll"":1,""visibility"":0}","","","","","","","","","",""
"69bc413db3462e13d3f11e29","$virtual-chinrest.components.card-size","3","pixelsPerMM","10.02336448598131","17707","pixelsPerMM","85.6","53.98","","","","","",""
"69bc413db3462e13d3f11e29","$virtual-chinrest.components.card-size","3","windowEvents","{""focus"":4,""input"":0,""keydown"":0,""keyup"":0,""mousemove"":108,""mousedown"":4,""mouseup"":3,""resize"":0,""scroll"":0,""visibility"":0}","","","","","","","","","",""
"69bc413db3462e13d3f11e29","$virtual-chinrest.components.blindspot-distance","4","dist-calibration-MM","333.2783538186844","166934","","","","13.5","","","","",""
"69bc413db3462e13d3f11e29","$virtual-chinrest.components.blindspot-distance","4","dist-calibration-CM","33.32783538186844","166934","","","","13.5","","","","",""
"69bc413db3462e13d3f11e29","$virtual-chinrest.components.blindspot-distance","4","ball-positions","[1048,832,864,866,880]","166934","","","","13.5","","","","",""
"69bc413db3462e13d3f11e29","$virtual-chinrest.components.blindspot-distance","4","square-position","1700","166934","","","","13.5","","","","",""
"69bc413db3462e13d3f11e29","$virtual-chinrest.components.blindspot-distance","4","windowEvents","{""focus"":0,""input"":0,""keydown"":10,""keyup"":10,""mousemove"":32,""mousedown"":0,""mouseup"":1,""resize"":0,""scroll"":0,""visibility"":0}","","","","","","","","","",""
"69bc413db3462e13d3f11e29","study_overview","5","","","12349","","","","","","","","",""
"69bc413db3462e13d3f11e29","study_overview","5","windowEvents","{""focus"":1,""input"":0,""keydown"":0,""keyup"":0,""mousemove"":75,""mousedown"":1,""mouseup"":1,""resize"":0,""scroll"":0,""visibility"":0}","","","","","","","","","",""
"69bc413db3462e13d3f11e29","task1_intro","6","","","16374","","","","","","","","",""
"69bc413db3462e13d3f11e29","task1_intro","6","windowEvents","{""focus"":2,""input"":0,""keydown"":0,""keyup"":0,""mousemove"":43,""mousedown"":1,""mouseup"":1,""resize"":0,""scroll"":0,""visibility"":0}","","","","","","","","","",""
"69bc413db3462e13d3f11e29","block5_train_1","7","location-x","0.2","27458","","","","","Block5","true","0.2","0.75",""
"69bc413db3462e13d3f11e29","block5_train_1","7","location-y","0.75","27458","","","","","Block5","true","0.2","0.75",""
"69bc413db3462e13d3f11e29","block5_train_1","7","slider-x","0.22","27458","","","","","Block5","true","0.2","0.75",""
"69bc413db3462e13d3f11e29","block5_train_1","7","slider-y","0.75","27458","","","","","Block5","true","0.2","0.75",""
"69bc413db3462e13d3f11e29","block5_train_1","7","windowEvents","{""focus"":4,""input"":0,""keydown"":0,""keyup"":0,""mousemove"":93,""mousedown"":4,""mouseup"":4,""resize"":0,""scroll"":0,""visibility"":0}","","","","","","","","","",""
"69bc413db3462e13d3f11e29","block5_train_2","8","location-x","-1.5","17182","","","","","Block5","true","-1.5","0.4",""
"69bc413db3462e13d3f11e29","block5_train_2","8","location-y","0.4","17182","","","","","Block5","true","-1.5","0.4",""
"69bc413db3462e13d3f11e29","block5_train_2","8","slider-x","-1.49","17182","","","","","Block5","true","-1.5","0.4",""
"69bc413db3462e13d3f11e29","block5_train_2","8","slider-y","0.4","17182","","","","","Block5","true","-1.5","0.4",""
"69bc413db3462e13d3f11e29","block5_train_2","8","windowEvents","{""focus"":4,""input"":0,""keydown"":0,""keyup"":0,""mousemove"":82,""mousedown"":4,""mouseup"":4,""resize"":0,""scroll"":0,""visibility"":0}","","","","","","","","","",""
"69bc413db3462e13d3f11e29","task1_test_intro","9","","","8041","","","","","","","","",""
"69bc413db3462e13d3f11e29","task1_test_intro","9","windowEvents","{""focus"":1,""input"":0,""keydown"":0,""keyup"":0,""mousemove"":35,""mousedown"":1,""mouseup"":1,""resize"":0,""scroll"":0,""visibility"":0}","","","","","","","","","",""
"69bc413db3462e13d3f11e29","block5_test_8","10","location-x","3.29","22887","","","","","Block5","false","","",""
"69bc413db3462e13d3f11e29","block5_test_8","10","location-y","0.03","22887","","","","","Block5","false","","",""
"69bc413db3462e13d3f11e29","block5_test_8","10","slider-x","3.29","22887","","","","","Block5","false","","",""
"69bc413db3462e13d3f11e29","block5_test_8","10","slider-y","0.03","22887","","","","","Block5","false","","",""
"69bc413db3462e13d3f11e29","block5_test_8","10","windowEvents","{""focus"":4,""input"":0,""keydown"":0,""keyup"":0,""mousemove"":111,""mousedown"":6,""mouseup"":6,""resize"":0,""scroll"":0,""visibility"":0}","","","","","","","","","",""
"69bc413db3462e13d3f11e29","block5_test_5","11","location-x","1.82","54512","","","","","Block5","false","","",""
"69bc413db3462e13d3f11e29","block5_test_5","11","location-y","0.94","54512","","","","","Block5","false","","",""
"69bc413db3462e13d3f11e29","block5_test_5","11","slider-x","1.72","54512","","","","","Block5","false","","",""
"69bc413db3462e13d3f11e29","block5_test_5","11","slider-y","0.94","54512","","","","","Block5","false","","",""
"69bc413db3462e13d3f11e29","block5_test_5","11","windowEvents","{""focus"":5,""input"":0,""keydown"":0,""keyup"":0,""mousemove"":140,""mousedown"":6,""mouseup"":6,""resize"":0,""scroll"":0,""visibility"":0}","","","","","","","","","",""
"69bc413db3462e13d3f11e29","block5_test_3","12","location-x","1.37","28863","","","","","Block5","false","","",""
"69bc413db3462e13d3f11e29","block5_test_3","12","location-y","0.42","28863","","","","","Block5","false","","",""
"69bc413db3462e13d3f11e29","block5_test_3","12","slider-x","1.36","28863","","","","","Block5","false","","",""
"69bc413db3462e13d3f11e29","block5_test_3","12","slider-y","0.43","28863","","","","","Block5","false","","",""
"69bc413db3462e13d3f11e29","block5_test_3","12","windowEvents","{""focus"":3,""input"":0,""keydown"":0,""keyup"":0,""mousemove"":108,""mousedown"":3,""mouseup"":3,""resize"":0,""scroll"":0,""visibility"":0}","","","","","","","","","",""
"69bc413db3462e13d3f11e29","block5_test_10","13","location-x","-3.86","32508","","","","","Block5","false","","",""
"69bc413db3462e13d3f11e29","block5_test_10","13","location-y","0.86","32508","","","","","Block5","false","","",""
"69bc413db3462e13d3f11e29","block5_test_10","13","slider-x","-3.81","32508","","","","","Block5","false","","",""
"69bc413db3462e13d3f11e29","block5_test_10","13","slider-y","0.86","32508","","","","","Block5","false","","",""
"69bc413db3462e13d3f11e29","block5_test_10","13","windowEvents","{""focus"":3,""input"":0,""keydown"":0,""keyup"":0,""mousemove"":118,""mousedown"":4,""mouseup"":4,""resize"":0,""scroll"":0,""visibility"":0}","","","","","","","","","",""
"69bc413db3462e13d3f11e29","block5_test_6","14","location-x","-2.26","17652","","","","","Block5","false","","",""
"69bc413db3462e13d3f11e29","block5_test_6","14","location-y","0.64","17652","","","","","Block5","false","","",""
"69bc413db3462e13d3f11e29","block5_test_6","14","slider-x","-2.32","17652","","","","","Block5","false","","",""
"69bc413db3462e13d3f11e29","block5_test_6","14","slider-y","0.64","17652","","","","","Block5","false","","",""
"69bc413db3462e13d3f11e29","block5_test_6","14","windowEvents","{""focus"":3,""input"":0,""keydown"":0,""keyup"":0,""mousemove"":73,""mousedown"":4,""mouseup"":4,""resize"":0,""scroll"":0,""visibility"":0}","","","","","","","","","",""
"69bc413db3462e13d3f11e29","block5_test_9","15","location-x","-2.11","19213","","","","","Block5","false","","",""
"69bc413db3462e13d3f11e29","block5_test_9","15","location-y","0.23","19213","","","","","Block5","false","","",""
"69bc413db3462e13d3f11e29","block5_test_9","15","slider-x","-2.15","19213","","","","","Block5","false","","",""
"69bc413db3462e13d3f11e29","block5_test_9","15","slider-y","0.23","19213","","","","","Block5","false","","",""
"69bc413db3462e13d3f11e29","block5_test_9","15","windowEvents","{""focus"":3,""input"":0,""keydown"":0,""keyup"":0,""mousemove"":69,""mousedown"":4,""mouseup"":4,""resize"":0,""scroll"":0,""visibility"":0}","","","","","","","","","",""
"69bc413db3462e13d3f11e29","block5_test_4","16","location-x","-1.39","25558","","","","","Block5","false","","",""
"69bc413db3462e13d3f11e29","block5_test_4","16","location-y","0.57","25558","","","","","Block5","false","","",""
"69bc413db3462e13d3f11e29","block5_test_4","16","slider-x","-1.42","25558","","","","","Block5","false","","",""
"69bc413db3462e13d3f11e29","block5_test_4","16","slider-y","0.56","25558","","","","","Block5","false","","",""
"69bc413db3462e13d3f11e29","block5_test_4","16","windowEvents","{""focus"":3,""input"":0,""keydown"":0,""keyup"":0,""mousemove"":68,""mousedown"":5,""mouseup"":5,""resize"":0,""scroll"":0,""visibility"":0}","","","","","","","","","",""
"69bc413db3462e13d3f11e29","block5_test_1","17","location-x","-2.33","31697","","","","","Block5","false","","",""
"69bc413db3462e13d3f11e29","block5_test_1","17","location-y","0.19","31697","","","","","Block5","false","","",""
"69bc413db3462e13d3f11e29","block5_test_1","17","slider-x","-2.36","31697","","","","","Block5","false","","",""
"69bc413db3462e13d3f11e29","block5_test_1","17","slider-y","0.19","31697","","","","","Block5","false","","",""
"69bc413db3462e13d3f11e29","block5_test_1","17","windowEvents","{""focus"":3,""input"":0,""keydown"":0,""keyup"":0,""mousemove"":72,""mousedown"":4,""mouseup"":4,""resize"":0,""scroll"":0,""visibility"":0}","","","","","","","","","",""
"69bc413db3462e13d3f11e29","block5_test_2","18","location-x","-4","21452","","","","","Block5","false","","",""
"69bc413db3462e13d3f11e29","block5_test_2","18","location-y","0.93","21452","","","","","Block5","false","","",""
"69bc413db3462e13d3f11e29","block5_test_2","18","slider-x","-3.86","21452","","","","","Block5","false","","",""
"69bc413db3462e13d3f11e29","block5_test_2","18","slider-y","0.93","21452","","","","","Block5","false","","",""
"69bc413db3462e13d3f11e29","block5_test_2","18","windowEvents","{""focus"":3,""input"":0,""keydown"":0,""keyup"":0,""mousemove"":76,""mousedown"":4,""mouseup"":4,""resize"":0,""scroll"":0,""visibility"":0}","","","","","","","","","",""
"69bc413db3462e13d3f11e29","block5_test_7","19","location-x","0.36","38609","","","","","Block5","false","","",""
"69bc413db3462e13d3f11e29","block5_test_7","19","location-y","0.67","38609","","","","","Block5","false","","",""
"69bc413db3462e13d3f11e29","block5_test_7","19","slider-x","0.39","38609","","","","","Block5","false","","",""
"69bc413db3462e13d3f11e29","block5_test_7","19","slider-y","0.68","38609","","","","","Block5","false","","",""
"69bc413db3462e13d3f11e29","block5_test_7","19","windowEvents","{""focus"":4,""input"":0,""keydown"":0,""keyup"":0,""mousemove"":124,""mousedown"":6,""mouseup"":5,""resize"":0,""scroll"":0,""visibility"":0}","","","","","","","","","",""
"69bc413db3462e13d3f11e29","task2_intro","20","","","16679","","","","","","","","",""
"69bc413db3462e13d3f11e29","task2_intro","20","windowEvents","{""focus"":0,""input"":0,""keydown"":0,""keyup"":0,""mousemove"":112,""mousedown"":0,""mouseup"":1,""resize"":0,""scroll"":0,""visibility"":0}","","","","","","","","","",""
"69bc413db3462e13d3f11e29","moritz_train_point_1","21","pixelResponse","102","35432","","","","","pointArc","true","","","8"
"69bc413db3462e13d3f11e29","moritz_train_point_1","21","numericResponse","0.49","35432","","","","","pointArc","true","","","8"
"69bc413db3462e13d3f11e29","moritz_train_point_1","21","windowEvents","{""focus"":4,""input"":0,""keydown"":0,""keyup"":0,""mousemove"":123,""mousedown"":5,""mouseup"":5,""resize"":0,""scroll"":0,""visibility"":0}","","","","","","","","","",""
"69bc413db3462e13d3f11e29","moritz_train_point_2","22","pixelResponse","112.00000000000001","16058","","","","","pointArc","true","","","9"
"69bc413db3462e13d3f11e29","moritz_train_point_2","22","numericResponse","0.44","16058","","","","","pointArc","true","","","9"
"69bc413db3462e13d3f11e29","moritz_train_point_2","22","windowEvents","{""focus"":4,""input"":0,""keydown"":0,""keyup"":0,""mousemove"":71,""mousedown"":4,""mouseup"":3,""resize"":0,""scroll"":0,""visibility"":0}","","","","","","","","","",""
"69bc413db3462e13d3f11e29","task2_test_intro","23","","","12334","","","","","","","","",""
"69bc413db3462e13d3f11e29","task2_test_intro","23","windowEvents","{""focus"":1,""input"":0,""keydown"":0,""keyup"":0,""mousemove"":77,""mousedown"":1,""mouseup"":1,""resize"":0,""scroll"":0,""visibility"":0}","","","","","","","","","",""
"69bc413db3462e13d3f11e29","point_task_20","24","pixelResponse","70","7239","","","","","point","","","","55"
"69bc413db3462e13d3f11e29","point_task_20","24","numericResponse","0.65","7239","","","","","point","","","","55"
"69bc413db3462e13d3f11e29","point_task_20","24","windowEvents","{""focus"":1,""input"":0,""keydown"":0,""keyup"":0,""mousemove"":35,""mousedown"":1,""mouseup"":2,""resize"":0,""scroll"":0,""visibility"":0}","","","","","","","","","",""
"69bc413db3462e13d3f11e29","point_task_36","25","pixelResponse","58.00000000000001","7597","","","","","point","","","","103"
"69bc413db3462e13d3f11e29","point_task_36","25","numericResponse","0.71","7597","","","","","point","","","","103"
"69bc413db3462e13d3f11e29","point_task_36","25","windowEvents","{""focus"":2,""input"":0,""keydown"":0,""keyup"":0,""mousemove"":44,""mousedown"":2,""mouseup"":2,""resize"":0,""scroll"":0,""visibility"":0}","","","","","","","","","",""
"69bc413db3462e13d3f11e29","point_task_38","26","pixelResponse","56.00000000000001","11918","","","","","point","","","","113"
"69bc413db3462e13d3f11e29","point_task_38","26","numericResponse","0.72","11918","","","","","point","","","","113"
"69bc413db3462e13d3f11e29","point_task_38","26","windowEvents","{""focus"":2,""input"":0,""keydown"":0,""keyup"":0,""mousemove"":31,""mousedown"":2,""mouseup"":2,""resize"":0,""scroll"":0,""visibility"":0}","","","","","","","","","",""
"69bc413db3462e13d3f11e29","point_task_6","27","pixelResponse","50","9172","","","","","point","","","","17"
"69bc413db3462e13d3f11e29","point_task_6","27","numericResponse","0.75","9172","","","","","point","","","","17"
"69bc413db3462e13d3f11e29","point_task_6","27","windowEvents","{""focus"":3,""input"":0,""keydown"":0,""keyup"":0,""mousemove"":34,""mousedown"":4,""mouseup"":3,""resize"":0,""scroll"":0,""visibility"":0}","","","","","","","","","",""
"69bc413db3462e13d3f11e29","point_task_25","28","pixelResponse","152","11838","","","","","point","","","","76"
"69bc413db3462e13d3f11e29","point_task_25","28","numericResponse","0.24","11838","","","","","point","","","","76"
"69bc413db3462e13d3f11e29","point_task_25","28","windowEvents","{""focus"":1,""input"":0,""keydown"":0,""keyup"":0,""mousemove"":56,""mousedown"":1,""mouseup"":2,""resize"":0,""scroll"":0,""visibility"":0}","","","","","","","","","",""
"69bc413db3462e13d3f11e29","point_task_33","29","pixelResponse","140","12755","","","","","point","","","","100"
"69bc413db3462e13d3f11e29","point_task_33","29","numericResponse","0.3","12755","","","","","point","","","","100"
"69bc413db3462e13d3f11e29","point_task_33","29","windowEvents","{""focus"":3,""input"":0,""keydown"":0,""keyup"":0,""mousemove"":55,""mousedown"":5,""mouseup"":4,""resize"":0,""scroll"":0,""visibility"":0}","","","","","","","","","",""
"69bc413db3462e13d3f11e29","point_task_46","30","pixelResponse","52.00000000000001","14942","","","","","point","","","","137"
"69bc413db3462e13d3f11e29","point_task_46","30","numericResponse","0.74","14942","","","","","point","","","","137"
"69bc413db3462e13d3f11e29","point_task_46","30","windowEvents","{""focus"":1,""input"":0,""keydown"":0,""keyup"":0,""mousemove"":44,""mousedown"":1,""mouseup"":2,""resize"":0,""scroll"":0,""visibility"":0}","","","","","","","","","",""
"69bc413db3462e13d3f11e29","attention_check","31","attention_check","stock","79585","","","","","","","","",""
"69bc413db3462e13d3f11e29","attention_check","31","windowEvents","{""focus"":2,""input"":6,""keydown"":6,""keyup"":6,""mousemove"":181,""mousedown"":2,""mouseup"":2,""resize"":0,""scroll"":0,""visibility"":0}","","","","","","","","","",""
"69bc413db3462e13d3f11e29","point_task_45","32","pixelResponse","162","17657","","","","","point","","","","136"
"69bc413db3462e13d3f11e29","point_task_45","32","numericResponse","0.19","17657","","","","","point","","","","136"
"69bc413db3462e13d3f11e29","point_task_45","32","windowEvents","{""focus"":2,""input"":0,""keydown"":0,""keyup"":0,""mousemove"":57,""mousedown"":2,""mouseup"":2,""resize"":0,""scroll"":0,""visibility"":0}","","","","","","","","","",""
"69bc413db3462e13d3f11e29","point_task_31","33","pixelResponse","114.00000000000001","18449","","","","","point","","","","90"
"69bc413db3462e13d3f11e29","point_task_31","33","numericResponse","0.43","18449","","","","","point","","","","90"
"69bc413db3462e13d3f11e29","point_task_31","33","windowEvents","{""focus"":2,""input"":0,""keydown"":0,""keyup"":0,""mousemove"":102,""mousedown"":4,""mouseup"":4,""resize"":0,""scroll"":0,""visibility"":0}","","","","","","","","","",""
"69bc413db3462e13d3f11e29","point_task_24","34","pixelResponse","92","7487","","","","","point","","","","67"
"69bc413db3462e13d3f11e29","point_task_24","34","numericResponse","0.54","7487","","","","","point","","","","67"
"69bc413db3462e13d3f11e29","point_task_24","34","windowEvents","{""focus"":2,""input"":0,""keydown"":0,""keyup"":0,""mousemove"":38,""mousedown"":2,""mouseup"":2,""resize"":0,""scroll"":0,""visibility"":0}","","","","","","","","","",""
"69bc413db3462e13d3f11e29","point_task_41","35","pixelResponse","124","5335","","","","","point","","","","124"
"69bc413db3462e13d3f11e29","point_task_41","35","numericResponse","0.38","5335","","","","","point","","","","124"
"69bc413db3462e13d3f11e29","point_task_41","35","windowEvents","{""focus"":2,""input"":0,""keydown"":0,""keyup"":0,""mousemove"":31,""mousedown"":2,""mouseup"":2,""resize"":0,""scroll"":0,""visibility"":0}","","","","","","","","","",""
"69bc413db3462e13d3f11e29","point_task_35","36","pixelResponse","140","5442","","","","","point","","","","102"
"69bc413db3462e13d3f11e29","point_task_35","36","numericResponse","0.3","5442","","","","","point","","","","102"
"69bc413db3462e13d3f11e29","point_task_35","36","windowEvents","{""focus"":2,""input"":0,""keydown"":0,""keyup"":0,""mousemove"":36,""mousedown"":2,""mouseup"":2,""resize"":0,""scroll"":0,""visibility"":0}","","","","","","","","","",""
"69bc413db3462e13d3f11e29","point_task_12","37","pixelResponse","94","21323","","","","","point","","","","31"
"69bc413db3462e13d3f11e29","point_task_12","37","numericResponse","0.53","21323","","","","","point","","","","31"
"69bc413db3462e13d3f11e29","point_task_12","37","windowEvents","{""focus"":2,""input"":0,""keydown"":0,""keyup"":0,""mousemove"":119,""mousedown"":4,""mouseup"":4,""resize"":0,""scroll"":0,""visibility"":0}","","","","","","","","","",""
"69bc413db3462e13d3f11e29","point_task_42","38","pixelResponse","120","9361","","","","","point","","","","125"
"69bc413db3462e13d3f11e29","point_task_42","38","numericResponse","0.4","9361","","","","","point","","","","125"
"69bc413db3462e13d3f11e29","point_task_42","38","windowEvents","{""focus"":2,""input"":0,""keydown"":0,""keyup"":0,""mousemove"":42,""mousedown"":2,""mouseup"":2,""resize"":0,""scroll"":0,""visibility"":0}","","","","","","","","","",""
"69bc413db3462e13d3f11e29","point_task_4","39","pixelResponse","100","14068","","","","","point","","","","7"
"69bc413db3462e13d3f11e29","point_task_4","39","numericResponse","0.5","14068","","","","","point","","","","7"
"69bc413db3462e13d3f11e29","point_task_4","39","windowEvents","{""focus"":2,""input"":0,""keydown"":0,""keyup"":0,""mousemove"":55,""mousedown"":2,""mouseup"":2,""resize"":0,""scroll"":0,""visibility"":0}","","","","","","","","","",""
"69bc413db3462e13d3f11e29","point_task_19","40","pixelResponse","84.00000000000001","7563","","","","","point","","","","54"
"69bc413db3462e13d3f11e29","point_task_19","40","numericResponse","0.58","7563","","","","","point","","","","54"
"69bc413db3462e13d3f11e29","point_task_19","40","windowEvents","{""focus"":2,""input"":0,""keydown"":0,""keyup"":0,""mousemove"":36,""mousedown"":2,""mouseup"":2,""resize"":0,""scroll"":0,""visibility"":0}","","","","","","","","","",""
"69bc413db3462e13d3f11e29","point_task_10","41","pixelResponse","74","10049","","","","","point","","","","29"
"69bc413db3462e13d3f11e29","point_task_10","41","numericResponse","0.63","10049","","","","","point","","","","29"
"69bc413db3462e13d3f11e29","point_task_10","41","windowEvents","{""focus"":2,""input"":0,""keydown"":0,""keyup"":0,""mousemove"":44,""mousedown"":2,""mouseup"":2,""resize"":0,""scroll"":0,""visibility"":0}","","","","","","","","","",""
"69bc413db3462e13d3f11e29","point_task_5","42","pixelResponse","106","8828","","","","","point","","","","16"
"69bc413db3462e13d3f11e29","point_task_5","42","numericResponse","0.47","8828","","","","","point","","","","16"
"69bc413db3462e13d3f11e29","point_task_5","42","windowEvents","{""focus"":2,""input"":0,""keydown"":0,""keyup"":0,""mousemove"":49,""mousedown"":3,""mouseup"":3,""resize"":0,""scroll"":0,""visibility"":0}","","","","","","","","","",""
"69bc413db3462e13d3f11e29","point_task_43","43","pixelResponse","78","9299","","","","","point","","","","126"
"69bc413db3462e13d3f11e29","point_task_43","43","numericResponse","0.61","9299","","","","","point","","","","126"
"69bc413db3462e13d3f11e29","point_task_43","43","windowEvents","{""focus"":2,""input"":0,""keydown"":0,""keyup"":0,""mousemove"":43,""mousedown"":2,""mouseup"":2,""resize"":0,""scroll"":0,""visibility"":0}","","","","","","","","","",""
"69bc413db3462e13d3f11e29","point_task_47","44","pixelResponse","154","13922","","","","","point","","","","138"
"69bc413db3462e13d3f11e29","point_task_47","44","numericResponse","0.23","13922","","","","","point","","","","138"
"69bc413db3462e13d3f11e29","point_task_47","44","windowEvents","{""focus"":2,""input"":0,""keydown"":0,""keyup"":0,""mousemove"":71,""mousedown"":3,""mouseup"":3,""resize"":0,""scroll"":0,""visibility"":0}","","","","","","","","","",""
"69bc413db3462e13d3f11e29","point_task_11","45","pixelResponse","124","9483","","","","","point","","","","30"
"69bc413db3462e13d3f11e29","point_task_11","45","numericResponse","0.38","9483","","","","","point","","","","30"
"69bc413db3462e13d3f11e29","point_task_11","45","windowEvents","{""focus"":2,""input"":0,""keydown"":0,""keyup"":0,""mousemove"":45,""mousedown"":2,""mouseup"":2,""resize"":0,""scroll"":0,""visibility"":0}","","","","","","","","","",""
"69bc413db3462e13d3f11e29","point_task_13","46","pixelResponse","118.00000000000001","10964","","","","","point","","","","40"
"69bc413db3462e13d3f11e29","point_task_13","46","numericResponse","0.41","10964","","","","","point","","","","40"
"69bc413db3462e13d3f11e29","point_task_13","46","windowEvents","{""focus"":2,""input"":0,""keydown"":0,""keyup"":0,""mousemove"":33,""mousedown"":2,""mouseup"":2,""resize"":0,""scroll"":0,""visibility"":0}","","","","","","","","","",""
"69bc413db3462e13d3f11e29","point_task_37","47","pixelResponse","124","12467","","","","","point","","","","112"
"69bc413db3462e13d3f11e29","point_task_37","47","numericResponse","0.38","12467","","","","","point","","","","112"
"69bc413db3462e13d3f11e29","point_task_37","47","windowEvents","{""focus"":2,""input"":0,""keydown"":0,""keyup"":0,""mousemove"":58,""mousedown"":2,""mouseup"":2,""resize"":0,""scroll"":0,""visibility"":0}","","","","","","","","","",""
"69bc413db3462e13d3f11e29","point_task_44","48","pixelResponse","116.00000000000001","8360","","","","","point","","","","127"
"69bc413db3462e13d3f11e29","point_task_44","48","numericResponse","0.42","8360","","","","","point","","","","127"
"69bc413db3462e13d3f11e29","point_task_44","48","windowEvents","{""focus"":2,""input"":0,""keydown"":0,""keyup"":0,""mousemove"":37,""mousedown"":2,""mouseup"":2,""resize"":0,""scroll"":0,""visibility"":0}","","","","","","","","","",""
"69bc413db3462e13d3f11e29","point_task_34","49","pixelResponse","37.999999999999986","10925","","","","","point","","","","101"
"69bc413db3462e13d3f11e29","point_task_34","49","numericResponse","0.81","10925","","","","","point","","","","101"
"69bc413db3462e13d3f11e29","point_task_34","49","windowEvents","{""focus"":2,""input"":0,""keydown"":0,""keyup"":0,""mousemove"":58,""mousedown"":3,""mouseup"":3,""resize"":0,""scroll"":0,""visibility"":0}","","","","","","","","","",""
"69bc413db3462e13d3f11e29","point_task_21","50","pixelResponse","120","7380","","","","","point","","","","64"
"69bc413db3462e13d3f11e29","point_task_21","50","numericResponse","0.4","7380","","","","","point","","","","64"
"69bc413db3462e13d3f11e29","point_task_21","50","windowEvents","{""focus"":2,""input"":0,""keydown"":0,""keyup"":0,""mousemove"":33,""mousedown"":2,""mouseup"":2,""resize"":0,""scroll"":0,""visibility"":0}","","","","","","","","","",""
"69bc413db3462e13d3f11e29","point_task_18","51","pixelResponse","122","13703","","","","","point","","","","53"
"69bc413db3462e13d3f11e29","point_task_18","51","numericResponse","0.39","13703","","","","","point","","","","53"
"69bc413db3462e13d3f11e29","point_task_18","51","windowEvents","{""focus"":2,""input"":0,""keydown"":0,""keyup"":0,""mousemove"":47,""mousedown"":3,""mouseup"":3,""resize"":0,""scroll"":0,""visibility"":0}","","","","","","","","","",""
"69bc413db3462e13d3f11e29","point_task_29","52","pixelResponse","104.00000000000001","8553","","","","","point","","","","88"
"69bc413db3462e13d3f11e29","point_task_29","52","numericResponse","0.48","8553","","","","","point","","","","88"
"69bc413db3462e13d3f11e29","point_task_29","52","windowEvents","{""focus"":2,""input"":0,""keydown"":0,""keyup"":0,""mousemove"":58,""mousedown"":3,""mouseup"":3,""resize"":0,""scroll"":0,""visibility"":0}","","","","","","","","","",""
"69bc413db3462e13d3f11e29","point_task_1","53","pixelResponse","102","10828","","","","","point","","","","4"
"69bc413db3462e13d3f11e29","point_task_1","53","numericResponse","0.49","10828","","","","","point","","","","4"
"69bc413db3462e13d3f11e29","point_task_1","53","windowEvents","{""focus"":2,""input"":0,""keydown"":0,""keyup"":0,""mousemove"":51,""mousedown"":3,""mouseup"":3,""resize"":0,""scroll"":0,""visibility"":0}","","","","","","","","","",""
"69bc413db3462e13d3f11e29","point_task_3","54","pixelResponse","106","7659","","","","","point","","","","6"
"69bc413db3462e13d3f11e29","point_task_3","54","numericResponse","0.47","7659","","","","","point","","","","6"
"69bc413db3462e13d3f11e29","point_task_3","54","windowEvents","{""focus"":2,""input"":0,""keydown"":0,""keyup"":0,""mousemove"":32,""mousedown"":2,""mouseup"":2,""resize"":0,""scroll"":0,""visibility"":0}","","","","","","","","","",""
"69bc413db3462e13d3f11e29","point_task_23","55","pixelResponse","100","9049","","","","","point","","","","66"
"69bc413db3462e13d3f11e29","point_task_23","55","numericResponse","0.5","9049","","","","","point","","","","66"
"69bc413db3462e13d3f11e29","point_task_23","55","windowEvents","{""focus"":2,""input"":0,""keydown"":0,""keyup"":0,""mousemove"":36,""mousedown"":2,""mouseup"":2,""resize"":0,""scroll"":0,""visibility"":0}","","","","","","","","","",""
"69bc413db3462e13d3f11e29","point_task_39","56","pixelResponse","106","9179","","","","","point","","","","114"
"69bc413db3462e13d3f11e29","point_task_39","56","numericResponse","0.47","9179","","","","","point","","","","114"
"69bc413db3462e13d3f11e29","point_task_39","56","windowEvents","{""focus"":2,""input"":0,""keydown"":0,""keyup"":0,""mousemove"":42,""mousedown"":2,""mouseup"":2,""resize"":0,""scroll"":0,""visibility"":0}","","","","","","","","","",""
"69bc413db3462e13d3f11e29","point_task_30","57","pixelResponse","95.99999999999999","9330","","","","","point","","","","89"
"69bc413db3462e13d3f11e29","point_task_30","57","numericResponse","0.52","9330","","","","","point","","","","89"
"69bc413db3462e13d3f11e29","point_task_30","57","windowEvents","{""focus"":2,""input"":0,""keydown"":0,""keyup"":0,""mousemove"":44,""mousedown"":2,""mouseup"":2,""resize"":0,""scroll"":0,""visibility"":0}","","","","","","","","","",""
"69bc413db3462e13d3f11e29","point_task_8","58","pixelResponse","106","16283","","","","","point","","","","19"
"69bc413db3462e13d3f11e29","point_task_8","58","numericResponse","0.47","16283","","","","","point","","","","19"
"69bc413db3462e13d3f11e29","point_task_8","58","windowEvents","{""focus"":3,""input"":0,""keydown"":0,""keyup"":0,""mousemove"":77,""mousedown"":4,""mouseup"":3,""resize"":0,""scroll"":0,""visibility"":0}","","","","","","","","","",""
"69bc413db3462e13d3f11e29","point_task_48","59","pixelResponse","64","15263","","","","","point","","","","139"
"69bc413db3462e13d3f11e29","point_task_48","59","numericResponse","0.68","15263","","","","","point","","","","139"
"69bc413db3462e13d3f11e29","point_task_48","59","windowEvents","{""focus"":2,""input"":0,""keydown"":0,""keyup"":0,""mousemove"":74,""mousedown"":3,""mouseup"":3,""resize"":0,""scroll"":0,""visibility"":0}","","","","","","","","","",""
"69bc413db3462e13d3f11e29","point_task_27","60","pixelResponse","141.99999999999997","8403","","","","","point","","","","78"
"69bc413db3462e13d3f11e29","point_task_27","60","numericResponse","0.29","8403","","","","","point","","","","78"
"69bc413db3462e13d3f11e29","point_task_27","60","windowEvents","{""focus"":2,""input"":0,""keydown"":0,""keyup"":0,""mousemove"":43,""mousedown"":2,""mouseup"":2,""resize"":0,""scroll"":0,""visibility"":0}","","","","","","","","","",""
"69bc413db3462e13d3f11e29","point_task_15","61","pixelResponse","118.00000000000001","8475","","","","","point","","","","42"
"69bc413db3462e13d3f11e29","point_task_15","61","numericResponse","0.41","8475","","","","","point","","","","42"
"69bc413db3462e13d3f11e29","point_task_15","61","windowEvents","{""focus"":2,""input"":0,""keydown"":0,""keyup"":0,""mousemove"":53,""mousedown"":2,""mouseup"":2,""resize"":0,""scroll"":0,""visibility"":0}","","","","","","","","","",""
"69bc413db3462e13d3f11e29","point_task_17","62","pixelResponse","72","11897","","","","","point","","","","52"
"69bc413db3462e13d3f11e29","point_task_17","62","numericResponse","0.64","11897","","","","","point","","","","52"
"69bc413db3462e13d3f11e29","point_task_17","62","windowEvents","{""focus"":2,""input"":0,""keydown"":0,""keyup"":0,""mousemove"":53,""mousedown"":3,""mouseup"":3,""resize"":0,""scroll"":0,""visibility"":0}","","","","","","","","","",""
"69bc413db3462e13d3f11e29","attention_check","63","attention_check","stock","22770","","","","","","","","",""
"69bc413db3462e13d3f11e29","attention_check","63","windowEvents","{""focus"":1,""input"":4,""keydown"":4,""keyup"":4,""mousemove"":119,""mousedown"":1,""mouseup"":2,""resize"":0,""scroll"":0,""visibility"":0}","","","","","","","","","",""
"69bc413db3462e13d3f11e29","point_task_9","64","pixelResponse","120","8123","","","","","point","","","","28"
"69bc413db3462e13d3f11e29","point_task_9","64","numericResponse","0.4","8123","","","","","point","","","","28"
"69bc413db3462e13d3f11e29","point_task_9","64","windowEvents","{""focus"":3,""input"":0,""keydown"":0,""keyup"":0,""mousemove"":46,""mousedown"":3,""mouseup"":2,""resize"":0,""scroll"":0,""visibility"":0}","","","","","","","","","",""
"69bc413db3462e13d3f11e29","point_task_2","65","pixelResponse","112.00000000000001","8355","","","","","point","","","","5"
"69bc413db3462e13d3f11e29","point_task_2","65","numericResponse","0.44","8355","","","","","point","","","","5"
"69bc413db3462e13d3f11e29","point_task_2","65","windowEvents","{""focus"":1,""input"":0,""keydown"":0,""keyup"":0,""mousemove"":38,""mousedown"":1,""mouseup"":2,""resize"":0,""scroll"":0,""visibility"":0}","","","","","","","","","",""
"69bc413db3462e13d3f11e29","point_task_40","66","pixelResponse","76","7949","","","","","point","","","","115"
"69bc413db3462e13d3f11e29","point_task_40","66","numericResponse","0.62","7949","","","","","point","","","","115"
"69bc413db3462e13d3f11e29","point_task_40","66","windowEvents","{""focus"":2,""input"":0,""keydown"":0,""keyup"":0,""mousemove"":39,""mousedown"":2,""mouseup"":2,""resize"":0,""scroll"":0,""visibility"":0}","","","","","","","","","",""
"69bc413db3462e13d3f11e29","point_task_26","67","pixelResponse","43.99999999999999","9363","","","","","point","","","","77"
"69bc413db3462e13d3f11e29","point_task_26","67","numericResponse","0.78","9363","","","","","point","","","","77"
"69bc413db3462e13d3f11e29","point_task_26","67","windowEvents","{""focus"":2,""input"":0,""keydown"":0,""keyup"":0,""mousemove"":53,""mousedown"":2,""mouseup"":2,""resize"":0,""scroll"":0,""visibility"":0}","","","","","","","","","",""
"69bc413db3462e13d3f11e29","point_task_14","68","pixelResponse","84.00000000000001","53977","","","","","point","","","","41"
"69bc413db3462e13d3f11e29","point_task_14","68","numericResponse","0.58","53977","","","","","point","","","","41"
"69bc413db3462e13d3f11e29","point_task_14","68","windowEvents","{""focus"":2,""input"":0,""keydown"":0,""keyup"":0,""mousemove"":257,""mousedown"":4,""mouseup"":4,""resize"":0,""scroll"":0,""visibility"":0}","","","","","","","","","",""
"69bc413db3462e13d3f11e29","point_task_16","69","pixelResponse","82.00000000000001","5735","","","","","point","","","","43"
"69bc413db3462e13d3f11e29","point_task_16","69","numericResponse","0.59","5735","","","","","point","","","","43"
"69bc413db3462e13d3f11e29","point_task_16","69","windowEvents","{""focus"":2,""input"":0,""keydown"":0,""keyup"":0,""mousemove"":39,""mousedown"":2,""mouseup"":2,""resize"":0,""scroll"":0,""visibility"":0}","","","","","","","","","",""
"69bc413db3462e13d3f11e29","point_task_22","70","pixelResponse","86","7121","","","","","point","","","","65"
"69bc413db3462e13d3f11e29","point_task_22","70","numericResponse","0.57","7121","","","","","point","","","","65"
"69bc413db3462e13d3f11e29","point_task_22","70","windowEvents","{""focus"":2,""input"":0,""keydown"":0,""keyup"":0,""mousemove"":48,""mousedown"":2,""mouseup"":2,""resize"":0,""scroll"":0,""visibility"":0}","","","","","","","","","",""
"69bc413db3462e13d3f11e29","point_task_32","71","pixelResponse","98","7248","","","","","point","","","","91"
"69bc413db3462e13d3f11e29","point_task_32","71","numericResponse","0.51","7248","","","","","point","","","","91"
"69bc413db3462e13d3f11e29","point_task_32","71","windowEvents","{""focus"":2,""input"":0,""keydown"":0,""keyup"":0,""mousemove"":39,""mousedown"":2,""mouseup"":2,""resize"":0,""scroll"":0,""visibility"":0}","","","","","","","","","",""
"69bc413db3462e13d3f11e29","point_task_28","72","pixelResponse","46","7577","","","","","point","","","","79"
"69bc413db3462e13d3f11e29","point_task_28","72","numericResponse","0.77","7577","","","","","point","","","","79"
"69bc413db3462e13d3f11e29","point_task_28","72","windowEvents","{""focus"":3,""input"":0,""keydown"":0,""keyup"":0,""mousemove"":37,""mousedown"":3,""mouseup"":2,""resize"":0,""scroll"":0,""visibility"":0}","","","","","","","","","",""
"69bc413db3462e13d3f11e29","point_task_7","73","pixelResponse","100","9244","","","","","point","","","","18"
"69bc413db3462e13d3f11e29","point_task_7","73","numericResponse","0.5","9244","","","","","point","","","","18"
"69bc413db3462e13d3f11e29","point_task_7","73","windowEvents","{""focus"":1,""input"":0,""keydown"":0,""keyup"":0,""mousemove"":46,""mousedown"":1,""mouseup"":2,""resize"":0,""scroll"":0,""visibility"":0}","","","","","","","","","",""
"69bc413db3462e13d3f11e29","post_study","74","gender","Male","30958","","","","","","","","",""
"69bc413db3462e13d3f11e29","post_study","74","gender-other","","30958","","","","","","","","",""
"69bc413db3462e13d3f11e29","post_study","74","age","24","30958","","","","","","","","",""
"69bc413db3462e13d3f11e29","post_study","74","feedback","No","30958","","","","","","","","",""
"69bc413db3462e13d3f11e29","post_study","74","feedback-text","","30958","","","","","","","","",""
"69bc413db3462e13d3f11e29","post_study","74","strategy","Try to even out dots between line for the second task.","30958","","","","","","","","",""
"69bc413db3462e13d3f11e29","post_study","74","windowEvents","{""focus"":5,""input"":65,""keydown"":62,""keyup"":60,""mousemove"":63,""mousedown"":5,""mouseup"":5,""resize"":0,""scroll"":0,""visibility"":0}","","","","","","","","","",""